:020000040800F2
:10000000F862002041020008816500089D4C00084C
:10001000655F00084D1200085D81000800000000C7
:100020000000000000000000000000002174000833
:100030005D1E0008000000004170000809750008FE
:100040005B0200085B0200085B0200085B0200081C
:100050005B0200085B0200085B0200085B0200080C
:100060005B0200085B0200085B020008111C00082C
:100070001D1C0008291C0008351C00085B02000834
:10008000411C00085B0200085B0200085B020008DC
:10009000911200085B0200085B0200085B02000886
:1000A0005B0200085B0200085B0200085B020008BC
:1000B000557500085B0200085B0200085B0200083F
:1000C0005B0200085B0200085B0200085B0200089C
:1000D0005B020008057B0008457C0008557E00088F
:1000E0005B0200085B0200085B0200085B0200087C
:1000F0005B0200085B0200085B0200084D1C000860
:100100005B0200085B0200085B0200085B0200085B
:100110009D760008B97600085B0200085B020008C3
:100120005B020008591C0008651C00085B020008FF
:100130005B0200085B0200085B0200085B0200082B
:10014000651300085B0200085B0200085B02000800
:100150005B020008711C00087D1C00083D8000083F
:100160005B0200085B0200085B0200085B020008FB
:100170005B0200085B0200085B0200080000000050
:100180005B0200085B02000800F002F800F049F88A
:100190000AA090E8000C82448344AAF10107DA45E2
:1001A00001D100F03EF8AFF2090EBAE80F0013F0EB
:1001B000010F18BFFB1A43F001031847F0A001001C
:1001C00010A10100103A24BF78C878C1FAD85207AC
:1001D00024BF30C830C144BF04680C6070470000C1
:1001E0000023002400250026103A28BF78C1FBD840
:1001F000520728BF30C148BF0B607047662917F00F
:10020000D280002070471FB517F0BBF800F070FCDB
:1002100004000020002116F0E5F9E0601FBD10B5D4
:1002200010BD00F066FD1146FFF7EDFF0FF054FD25
:1002300000F084FD03B4FFF7F2FF03BC00F0C6FD3D
:100240000948804709480047FEE7FEE7FEE7FEE76A
:10025000FEE7FEE7FEE7FEE7FEE7FEE704480549A6
:10026000054A064B704700003975000889010008EF
:10027000F85C0020F8620020F85E0020F85E0020A4
:1002800053EA020C00F069802DE9F04B4FF00006B4
:10029000002B1FBFB3FA83F503FA05F424FA05F621
:1002A0005E4012BF1643B2FA82F502FA05F4C5F1B8
:1002B00020051EBF22FA05FC44EA0C04203556EA4C
:1002C000044C4FEA144418BF641C4FF000084FF070
:1002D0000009904271EB030C39D3002919BFB1FA20
:1002E00081F701FA07F6B0FA80F700FA07F6C7F1CE
:1002F00020071EBF20FA07FC46EA0C062037B6FB93
:10030000F4FCA7EB0507103F07F01F0BCBF120060D
:100310002CFA06F60CFA0BFB44BFB3460026202F3E
:10032000A4BF5E464FF0000B5BEA060C08BF4FF01F
:10033000010B19EB0B0948EB0608ABFB027C06FB33
:1003400002CC0BFB03CCC01B71EB0C01C1E70B46CD
:10035000024641464846BDE8F08B13B5084318BF36
:100360004FF0FF300146AFF30080BDE81C407047FE
:100370000FB41CB5074B06AA7B446946009005984C
:1003800000F067FB0020694600F076FB1CBC5DF8BE
:1003900014FB0000FD06000070B504468569006886
:1003A000C10601D5302600E02026C00707D070BD69
:1003B000D4E9012130469047206A401C20626D1E1E
:1003C000F6D570BD70B5044685690078C00707D1C1
:1003D00070BDD4E9012120209047206A401C206292
:1003E0006D1EF6D570BD2DE9F0474FF0000A894625
:1003F0000446C0F820A02046E1688847002876D04F
:10040000252806D0D4E901219047206A401C2062AB
:10041000F1E7E168204600258847C4F81CA006469D
:100420000027C4F818A02A2E09D0304616F088F804
:1004300038B304EB8708303EC8F8186019E059F863
:10044000041B204604EB87029161E1688847012F75
:10045000064618D1E069002820DA25F020051DE0C5
:10046000D8F8180000EB800006EB40003038C8F8E0
:1004700018002046E1688847064616F061F8002813
:10048000EED1012F0AD02E2E08D12046E1688847F0
:100490007F1C0646022F45F02005C4DBA06900281A
:1004A00003DA404245F00105A061E80701D025F0DC
:1004B0001005B6B1A6F14100192802D8203645F43E
:1004C00000654A463146204625604D46FFF796FEB8
:1004D00058B1012806D0ED1D25F0070000F10809EC
:1004E00089E704E005F1040985E730468AE7206AD8
:1004F000BDE8F087032A40F2308010F0030C00F0D2
:10050000158011F8013BBCF1020F624498BF11F84D
:1005100001CB00F8013B38BF11F8013BA2F1040206
:1005200098BF00F801CB38BF00F8013B11F003037E
:1005300000F0A782083AC0F0088051F8043B083A5E
:1005400051F804CBA0E80810F5E7121D5CBF51F884
:10055000043B40F8043BAFF30080D20724BF11F8FE
:10056000013B11F801CB48BF11F8012B24BF00F863
:10057000013B00F801CB48BF00F8012B70474FF05A
:1005800000020429C0F0128010F0030C00F01B8060
:10059000CCF1040CBCF1020F18BF00F8012BA8BF6E
:1005A00020F8022BA1EB0C0100F00DB85FEAC17C32
:1005B00024BF00F8012B00F8012B48BF00F8012BE5
:1005C00070474FF0000200B5134694469646203916
:1005D00022BFA0E80C50A0E80C50B1F12001BFF4FC
:1005E000F7AF090728BFA0E80C5048BF0CC05DF862
:1005F00004EB890028BF40F8042B08BF704748BFB0
:1006000020F8022B11F0804F18BF00F8012B704723
:1006100070477047704710B500F06EFA006810BD63
:1006200010B5044600F068FA046010BD2DE9FF4FD4
:100630000C461E464FF0FF378BB0D2E90001DDF8C3
:1006400060800A908A46C1F30A5505B93D460021EB
:1006500008464FF00000BAF1000F00F4400005DA40
:1006600000EB80004FF4400101EA50004FEA90593E
:10067000B9F1010F00DDB9460A9850EA4A000ED0E0
:1006800044F61050A5F2FF3545432F14B8F1000F82
:100690001ED07542291E1EDDC9F100021CE0B8F112
:1006A000010F4FF0000001D0302103E0F24305E0DC
:1006B0002154401CB042FBDB304600220021215473
:1006C0000B99C1F80880C1E900200FB0BDE8F08F98
:1006D000BD1B6D1CDEE74A4600DA694206A800F041
:1006E00095FA06AB93E8070003AB83E80700504692
:1006F0000A9914F042FA8DE80700A0F500501F385F
:1007000000900398002D0ADD42F21F014A4608447A
:10071000002303A90390684614F0ACFC09E0A0F59F
:1007200000504A461F38002303A90390684614F07E
:10073000B6FC8DE807000004000C03D04FF0FF303A
:10074000410800E01046B8F1000F03D000220092EB
:1007500015461EE0751E05D400F0D2F93032625500
:100760006D1EF9D5B3460122084302D000227F1C3A
:1007700004E02078302801D100227F1E002A09974A
:1007800084D01DE0112D07DA00F0BAF9303262553D
:100790006D1C50EA0102F5D1084302D00098C8B19F
:1007A0000EE00021681E05E0235C625C6354225465
:1007B000401E491C8142F7DBAB46A81B401E099036
:1007C000002004F80B000B98099AC0F80880C0E9D3
:1007D000002B7AE711264FF0000857E72DE9F04F7C
:1007E00088460446D21D22F0070191B0D1E90001EC
:1007F000CDE90A0114F08AFD02460B98C00F01D022
:100800002D2007E02068810701D52B2002E0202160
:1008100001EAC000032A099001D0072A05DB03463C
:100820004146204600F0B2F90BE12078800601D560
:10083000E06900E00620B8F1650F814606D0B8F106
:10084000660F18D0B8F1670F70D131E00020B9F110
:10085000110F009001DB112301E009F101030AAA45
:1008600001A90CA8FFF7E2FEDDE90C70002609F1F2
:100870000105834647E001204B4600904FF00047BA
:100880000AAA01A90CA8FFF7D1FEDDE90DB00C9969
:100890005D46002610B909F101000D18B9EB0500FD
:1008A00003D4C0F1FF3609F10105A5EB09002BE0E7
:1008B000B9F1010F01DA4FF001090020B9F1110F70
:1008C0000090484601DD112300E003460AAA01A971
:1008D0000CA8FFF7ABFEDDE90C704D460026834601
:1008E000207800070AD4AB4500DA5D4601A8012D47
:1008F00004DD411911F8011C302907D04F4502DAF7
:1009000017F1040F04DA012082460FE06D1EEEE7B6
:10091000002F02DCED1B3E4403E0781CA84200DD02
:100920007D1CB81B00F1010A4FF00047207800073A
:1009300003D4AA4501DB4FF0FF3A0021B7F1004F85
:100940000DF143088DF8431024D002202B23002FF3
:1009500001DA7F422D230A21021EA0F1010000DCF2
:100960005FB197FBF1FC97FBF1F201FB1C7C174692
:100970000CF1300C08F801CDEEE7A8F1010003708E
:100980002188090501D5452100E06521A0F1010874
:1009900000F8011C09980FA9A1EB0807FF1D00B181
:1009A0000120411901EBEA70A1693844081A401E80
:1009B000A0612078C00602D42046FFF7EDFC09981C
:1009C00028B1D4E901219047206A401C2062207898
:1009D000C00622D52046FFF7DFFC1EE0002E04DB18
:1009E000B34502DD01A8805D00E03020D4E901219B
:1009F0009047206A401C2062761CAAF101005FEA41
:100A0000000A0AD100F074F8C0680168405CD4E9BB
:100A100001219047206A401C2062281EA5F1010593
:100A2000DCDC07E0D4E9012118F8010B9047206ACB
:100A3000401C2062381EA7F10107F3DC2046FFF7B7
:100A4000C1FC032011B041E601694A1C026108782B
:100A5000704700B58FB0CDE90131002105910549FE
:100A60007944CDE9031011466846FFF7BCFC0FB08E
:100A700000BD0000E5FFFFFF0A6802F8010B0A60F5
:100A8000704710B5203AC0F00B80B1E81850A0E8CC
:100A90001850B1E81850A0E81850203ABFF4F5AF4C
:100AA0005FEA027C24BFB1E81850A0E8185044BFA8
:100AB00018C918C0BDE810405FEA827C24BF51F815
:100AC000043B40F8043B08BF7047D20728BF31F809
:100AD000023B48BF11F8012B28BF20F8023B48BF5A
:100AE00000F8012B7047000000487047E800002024
:100AF000004870470801002000487047E8000020C7
:100B000030B5B0F10A0271F100034FEA900E4EEADF
:100B1000817EB0EB0E0061EB91014FEA101E4EEAB0
:100B2000017E10EB0E0041EB11114FEA102E4EEA40
:100B3000016E10EB0E0041EB11214FEA104E4EEA10
:100B4000014E10EB0E0041EB1141401841F1000144
:100B50004FEAD00040EA41704FEAD1014FEA8104E8
:100B600044EA907410EB800544EB01046D1944EBEA
:100B70000404521BA3414FF0000348BF0A3200D5C2
:100B800030BD401C41F1000130BD00002DE9F041B5
:100B90001F46044603260168072A01F4006004DBAF
:100BA00008B116A505E016A503E008B115A500E0FB
:100BB00015A521F010002060A069C01EA0610FB132
:100BC000401EA0612046FFF7E7FB4FB1D4E90121A9
:100BD00038469047206A401C2062C01C206206E014
:100BE000206AFAE7D4E9012115F8010B9047761E37
:100BF000F8D22046FFF7E6FBBDE8F0814E414E00FB
:100C00006E616E00494E4600696E66002DE9F04740
:100C1000814616468AB0354878440DC88DE80D00E7
:100C200032487844801C03AC0DC884E80D0041F6BE
:100C30009B300844372190FBF1F290FBF1F5A5F1D0
:100C4000800501FB12041B3C02D56442012000E038
:100C50000020DFF898A080460027FA44AAF1BE0AD7
:100C60000EE0E0070AD03246684607EB4701012351
:100C70000AEB810114F013FA8DE8070064107F1C61
:100C8000002CEED1194F7F44AE3F19E0E80715D094
:100C900007EB04100DF1180A90E80E008AE80E0028
:100CA000C068F04201D1981908903246012306A984
:100CB00003A814F0F4F903AB83E807006D10641C7B
:100CC000002DE3D14FF0010332466946B8F1000F21
:100CD00003A802D014F0CEF901E014F0E0F9C9E95C
:100CE0000001C9F808200AB0BDE8F087286A0100B1
:100CF00070477546FFF7F8FEAE4605006946534655
:100D000020F00700854618B020B5FFF7A7FABDE828
:100D100020404FF000064FF000074FF000084FF062
:100D2000000BAC46ACE8C009ACE8C009ACE8C009AF
:100D3000ACE8C00921F007018D46704710B50446A4
:100D4000AFF300802046BDE81040FFF773BA000003
:100D500030B44FF0013C50F8042B51F8043BCCFA6E
:100D600052F4D51A20D1FCB950F8042B51F8043BA9
:100D7000CCFA52F4D51A17D1B4B950F8042B51F863
:100D8000043BCCFA52F4D51A0ED16CB950F8042BAE
:100D900051F8043BCCFA52F4D51A05D1002CDAD024
:100DA00030BC4FF00000704729BAB1FA81F111F060
:100DB0001801D1F120008440F2D1CA40CB4012F09A
:100DC000FF0213F0FF0330BCD01A7047014918200E
:100DD000ABBEFEE726000200002872D0032938BF10
:100DE0007047F0B540F23402C2F20002A1F1020CE9
:100DF00012884AF2AC0ECC1E1CF00303C0F6010EA2
:100E000010D0054615F8016B012B86EA0206F6B2F2
:100E10003EF8167087EA12220AD13E0A2346032CB6
:100E200022D247E0002663460546032C1CD241E04F
:100E30004578D2B26A403EF81260022B86EA172249
:100E400006D10B1F851C360A032C0DD232E000BFE1
:100E50008578D2B26A403EF812704B1FC51C87EAF3
:100E600016223E0A032C25D32C1F00BF14F8045F62
:100E7000043B85EA0205EDB23EF81550667885EA36
:100E8000122282EA0602D2B23EF81220A67882EA44
:100E9000152585EA0605EDB23EF81560E57886EA87
:100EA000122282EA0502D2B23EF8125085EA1622D8
:100EB000DCD12E0A00F80C20084400F8016CBDE8D3
:100EC000F0407047002846D0032938BF7047F0B57E
:100ED000A1F1010E0239032947F2E4610EF0030C7F
:100EE000C0F6010102D2FF2203461CE04FF6FC725D
:100EF0000EEA02040025FF22034600BF13F8046B2C
:100F0000D2B2724013F8037C8A5C13F8026C7A4008
:100F10008A5C13F8017C72408A5C04357A408A5CF2
:100F2000AEB2A642EAD1BCF1000F10D01C78BCF1E1
:100F3000010F82EA04028A5C09D05C78BCF1020FDE
:100F400082EA04028A5C02D09B785A408A5C00F8EC
:100F50000E20BDE8F040704710B540F67454C2F260
:100F60000004207800F028F940F20800C2F20000E6
:100F7000037841782278012B08D11144CAB2092A9A
:100F800021700BD9FF210A2206E000BF511A2170FF
:100F900018BF10BD012100222270017010BD000099
:100FA000B0B58EB040F6C024C2F20004204609F06D
:100FB000F9FF08F0C7F8204608F084F8044608F066
:100FC000C1F81CB120460EB0B0BD00BF40F6C02431
:100FD000C2F2000401250DF10300012122468DF823
:100FE00003500AF0A1F808F0ADF801A8012122464B
:100FF0008DF8045008F0DCF908F0A4F80420022170
:10100000224609F0F3FF044608F09CF88CB94FF42F
:101010000370ADF806004FF4807040F6C022ADF8C2
:101020000A00C2F2000201A801218DF808500AF05E
:101030008BFE40F6C024C2F2000400250DF103002F
:10104000012122468DF803500AF06EF808F07AF874
:1010500001A8012122468DF8045008F0A9F908F0F2
:1010600071F804200121224609F0C0FF044608F06F
:1010700069F86CB940F20C20C0F2010040F6C022C1
:10108000CDF80600C2F2000201A801210AF05CFEC0
:10109000022040F6C0228DF80300C2F200020DF1DA
:1010A000030001210AF040F8044608F04BF82046FE
:1010B0000EB0B0BDF0B581B02DED028B84B001A9AA
:1010C0000C200C2204F0BCF9BDF8040040F6BA264E
:1010D000C2F20006BDF80610308040F6BC20C2F215
:1010E0000000BDF80820BDF80C40018040F6BE208D
:1010F00040F67C56C2F20000C2F20006BDF80A308B
:10110000028040F67A50348040F62A34BDF80E5002
:10111000C2F2000040F67E57C2F200040380C2F221
:101120000007A01C2146002200233D800FF0BCF9DF
:10113000B7F90000B6EE008A00EE100AB4F9040018
:10114000B8EEC00A01EE100AF8EEC10AB0EE481A75
:1011500003F07AFFBDEEC00A10EE100AB6F90010D7
:10116000A080B4F9060000EE101A01EE100AB8EEE5
:10117000C00AF8EEC10AB0EE481A03F065FF40F667
:101180007850BDEEC00AC2F20000018810EE102AAD
:10119000E280B1F57A7F04BF22882281013101808B
:1011A00004B0BDEC028B01B0F0BD000044F6340188
:1011B000C4F2010108607047B0B540F6004504462E
:1011C000C4F20205A0B128461021012201F0BCFEA4
:1011D00028462021012201F0B7FE284608210022DE
:1011E00001F0B2FE20460FF02DFC632C88BFB0BD8D
:1011F00028461021012201F0A7FE284620210122C5
:1012000001F0A2FE28460821012201F09DFEC4F152
:101210000A00BDE8B0400FF015BC000040F21024F9
:1012200041F2B815C2F20004C2F20005FFF742FF16
:1012300003F044FF204605F095FF0EF049FB2846D9
:1012400001F08EFE01200FF0FDFBEFE7FEE700004E
:1012500010B58AB040F6845400200121C2F2000487
:101260000690CDE90400CDE90200CDE90000CDE90A
:10127000071109906946204600F08EFF20460221A2
:1012800000F012FF204601F0FFFA0AB010BD000086
:1012900040F68450C2F2000001F080B8A0F20122B2
:1012A000032A0FD80FF20400DFE802F002321A24FA
:1012B00041F27C50C2F20000416800220A7004F042
:1012C0000BBF00BF30281FD040F24111884218BF29
:1012D000704740F24020C2F200005C3005F098B840
:1012E00041F25C50C2F20000416800220A7004F032
:1012F000F3BE00BF41F29C50C2F2000041680022E0
:101300000A7004F0E9BE00BF08460DF063BC00BFE0
:1013100041F2BC50C2F20000416800220A7004F0A1
:10132000DBBE000010B58AB040F6AC5400200121AD
:10133000C2F200040690CDE90400CDE90200CDE937
:101340000000CDE9071109906946204600F024FF0E
:101350002046022100F0A8FE204601F095FA0AB0CE
:1013600010BD000040F6AC50C2F2000001F016B80B
:1013700010B5B0F5007F0A460CDD40F2012188422D
:1013800016D040F2022188422ED040F2FF2188423E
:1013900006D010BD30284DD040F2FF118842F8D160
:1013A00040F6DA01C2F20001BDE8104000F014BEC0
:1013B00040F2E034C2F2000460680021017020466F
:1013C00004F0D2FD40F20450C2F2000090F82A006E
:1013D000032801D00028DCD12068B0F90A10C268C7
:1013E0001144C16010BD00BF40F2F834C2F20004E5
:1013F000606800210170204604F0B6FD40F23050D4
:10140000C2F2000090F82A00032800D028B9206812
:10141000B0F90A10C2681144C16041F2E354C2F24B
:1014200000042078002818BF10BD04F0D9FF012067
:10143000207010BD1046BDE810400DF0CBBB000081
:1014400010B582B0D0F800C046F20043C4F20003E9
:1014500040F2402E9C45C2F2000E07D046F6000333
:10146000C4F200039C452FD10EF1200E5378F446B0
:101470000CF8183F137800248EF81930D378CEF882
:1014800008408EF81A309378CEF80C408EF81B3056
:10149000537908248EF81C301379CEF800108EF89A
:1014A0001D30D37971468EF81E30927901AB8EF8DB
:1014B0001F206246CEF8104000F00EFE002818BF34
:1014C000012002B010BD00BF012002B010BD00001D
:1014D00080B582B08C46D0F800E046F20041C4F2FC
:1014E00000018E4540F24021C2F2000106D046F6CE
:1014F0000003C4F200039E4524D12031C1F800C08E
:1015000000234FF0080CC1E90233C1F810C0137872
:101510008C460CF8183F53784B7693788B76D378BB
:10152000CB7613790B7753794B7793798B77D27985
:1015300001ABCA77624600F0CFFD002818BF01203A
:1015400002B080BD012002B080BD00000DF0A4FCFF
:1015500001200FF077FAF9E701289EBF40F2380129
:10156000C2F2000181F834007047000040F23801F7
:10157000C2F2000181F83000704700002DE9F0430D
:1015800081B02DED068B41F27C58C2F2000841F289
:10159000685141F276520446C2F20001C2F20002E2
:1015A000404604F0CDFD41F2BC59C2F2000941F2BF
:1015B000A85141F2B652C2F20001C2F200024846FE
:1015C00004F0BEFD41F25C57C2F2000741F24851FF
:1015D00041F25652C2F20001C2F20002384604F053
:1015E000AFFD41F29C55C2F2000541F2885141F233
:1015F0009652C2F20001C2F20002284604F0A0FD99
:1016000040F6C4369FED389A9FED38AAC2F2000624
:10161000B2EE088A3046032142F210724FF4FA53B8
:10162000B0EE480AF0EE490AB0EE4A1A05F0E4FCC2
:1016300006F16C00032142F210724FF4FA53B0EE3F
:10164000480AF0EE490AB0EE4A1A05F0D5FC06F158
:10165000D800032142F210724FF4FA53B0EE480A58
:10166000F0EE490AB0EE4A1A05F0C6FC06F5A27083
:10167000032142F210724FF4FA53B0EE480AF0EE32
:10168000490AB0EE4A1A05F0B7FC40F658309FED13
:10169000180AC2F2000003214FF4FA520023F0EEC0
:1016A0004A0AB0EE4A1A002605F0A6FC40F22400D1
:1016B000C2F200004068C4E900890430E06342F2ED
:1016C0002830C3F2C820C4F83600322084F8300035
:1016D00042F22830A760E56084F834606086BDEC93
:1016E000068B01B0BDE8F0833333B33E0000000049
:1016F000CDCC4C3EB0B541F27C51C2F2000109683C
:101700000446B1F90210B0F9200040F6C43500EEED
:10171000101A01EE100AC2F20005B8EEC00AF8EE87
:10172000C10A28460FF0CAF941F2BC50C2F20000CB
:101730000068BDEEC00AB0F9020010EE101A00EE0B
:10174000100AB4F92200B8EEC00A01EE100AF8EE51
:10175000C10A05F16C0021850FF0B0F941F25C502F
:10176000C2F200000068BDEEC00AB0F9020010EE3F
:10177000101A00EE100AB4F92400B8EEC00A01EE07
:10178000100AF8EEC10A05F1D80061850FF096F94C
:1017900041F29C50C2F200000068BDEEC00AB0F9F0
:1017A000020010EE101A00EE100AB4F92600B8EE8E
:1017B000C00A01EE100AF8EEC10A05F5A270A18573
:1017C0000FF07CF9BDEEC00A10EE100AE085B0BD46
:1017D0002DE9F04140F22401C2F2000189688978C4
:1017E000012940F0858040F23802C2F2000242F244
:1017F0002831D26B4186B2F900709FED411A39460B
:101800003C2FA8BF3C2100EE101AB8EEC00A80EEB3
:10181000010AB0F82AE0B0F828C00FFA8EF51929AD
:101820000FFA8CF6838DB7EE001A8EEAE532C18D81
:10183000B8BFB0EE401A3C2F8CEAE637A2EBE53297
:101840001CB2A7EBE63792B212FA87F283EAE437CA
:101850000FFA81F8A7EBE43720EE011A9FED290A71
:1018600012FA87F281EAE837A7EBE83721EE001A8F
:1018700012FA87F2B8BFB0EE410A01EE102AB8EEB4
:10188000C11AB4EE410AF1EE10FA29DC80EE010A29
:1018900001EE106AB8EEC11A20EE011ABDEEC11AAF
:1018A00011EE10CA01EE105AB8EEC11A20EE011A5C
:1018B000BDEEC11A11EE10EA01EE104AB8EEC11ADF
:1018C00020EE011ABDEEC11A11EE103A01EE108A97
:1018D000B8EEC11A20EE010ABDEEC00A10EE101AD1
:1018E000A0F828C0A0F82AE08385C185BDE8F08172
:1018F0004FF4FA6141864FF47A61C186BDE8F08108
:101900000000704200A00C472DE9F04F81B0044662
:101910005018C718181AA084881A2784571A184410
:101920001F44E08494E80F00096800686784B0F9F8
:101930000270B1F9029010681968B0F902B0B1F9FB
:1019400002A000974F440AEB0B0808EB070015F0C4
:1019500016F99FED130B55EC106B32462B4615F024
:10196000B1F915F0DDF86083A7EB080015F007F971
:1019700032462B4615F0A6F915F0D2F800992083CF
:1019800009EB0B00081A504415F0F9F832462B46C3
:1019900015F098F915F0C4F8E08201B0BDE8F08FB9
:1019A000000000000000D03F10B52DED048B044670
:1019B000C06915F04BFC41EC180BB0EE480AF0EE94
:1019C000680A14F03DF951EC100B14F02DFEB0EE46
:1019D000480AF0EE680A09EE100A14F0CDF851EC4E
:1019E000100B14F021FE00EE100AB4F91000B4F947
:1019F000121001EE100A02EE101AB8EEC11AB8EE7B
:101A0000C22A29EE023A20EE014A34EE433A20EE91
:101A1000020A29EE011ABDEEC33A31EE000A13EEB6
:101A2000100ABDEEC00A208210EE100A6082BDECE2
:101A3000048B10BDF0B583B00446058A468A878AB8
:101A4000806804F071FBE06804F06EFB206804F02D
:101A50006BFB606804F068FBA0684068807878B130
:101A6000E0684068807858B120684068807838B174
:101A7000606840688078002818BF012001E000BF3E
:101A8000002084F83A0029B232B23BB22046FFF778
:101A90003BFFB4F91020B4F9121013B282EAE33715
:101AA000A7EBE3330FB2B4F9140081EAE736A6EBF3
:101AB000E7373B4407B280EAE736A6EBE7373B441B
:101AC000278F1BB200EE107A01EE103AB8EE400AF2
:101AD000B8EEC11ABB4240F2380380EE010AC2F2EE
:101AE00000034FF47A67B7EE001A5F86C8BFB0EE06
:101AF000401A00EE102AB8EEC00A21EE000ABDEE30
:101B0000C00A10EE102A00EE101AB8EEC00A21EE3C
:101B1000000ABDEEC00A10EE101A00EE100AB8EE70
:101B2000C00A21EE000ABDEEC00A10EE100AA08223
:101B3000204622826182FFF7DDFD2046FFF748FE46
:101B400040F21020C2F2000040688078012805D1E0
:101B5000D4E90A01CDE9000103E000BF0020CDE98E
:101B6000000040F68450C2F200006A464FF4007153
:101B7000FFF766FC03B0F0BD01289EBF40F23801BC
:101B8000C2F2000181F835007047000012F070FCCD
:101B900001200EF057FFF9E710B506F0C1FB04F085
:101BA000F1FC05F05DFB40F21024C2F2000441F6A6
:101BB000780204F10801C2F2000220460FF02EFE66
:101BC00004F03AFB40F23800C2F20000FFF7D6FC06
:101BD00040F6DA00C2F2000004F0B6F940F2D45048
:101BE00004F11C01C2F2000000F0D2F940F2004002
:101BF000C4F202004FF48041002201F0A5F904F084
:101C0000A3FC04F0C3FE0020BDE81040FFF7CEBAED
:101C100040F65860C2F2000000F0CCBE41F238003D
:101C2000C2F2000000F0C6BE40F6F850C2F200005A
:101C300000F0C0BE41F29800C2F2000000F0BABE4F
:101C400040F6D870C2F2000000F0B4BE40F6B860B2
:101C5000C2F2000000F0AEBE41F2F800C2F2000095
:101C600000F0A8BE40F61870C2F2000000F0A2BE5C
:101C700041F25810C2F2000000F09CBE40F67870AD
:101C8000C2F2000000F096BE10B50446408B41F24F
:101C90007B4281085143490C642201FB12012268F6
:101CA00001306083106889B2B0F90220E06800EE6C
:101CB000102A0DA2312988BF0432D2ED000AB8EEF5
:101CC000C00A0EF0FBFE618BBDEEC00A226810EE6A
:101CD000100A6429108118BF10BDA08B0130A083A9
:101CE0000020A061207510BD00409CC500409C45AF
:101CF00080B505F091F905F013FF05F0B1FF06F08E
:101D0000B7F806F04FF906F0A7F9FFF7A1FABDE81A
:101D10008040FFF707BB0000B0B582B001680A68D9
:101D2000D20644BFCA685FEAC26201D402B0B0BD45
:101D3000002201920A6841F2283401924968C2F2F5
:101D4000000401910199A0422CD041F2B035C2F2B9
:101D50000005A8423CD041F2F435C2F20005A84289
:101D600044D041F2E425C2F20005A8424ED041F22F
:101D70006C35C2F20005A84256D041F23845C2F295
:101D80000005A842D2D1A86B45F680140068C2F2C3
:101D90000004016821F001010160204606F0A4F969
:101DA00031E000BFA06B01680A6822F001020A60FE
:101DB0004A68062A09D1096809034FF0440158BF4F
:101DC0003C2141588847A06B0168182048603FE0DB
:101DD000A86B45F2F0740068C2F20004016821F0BB
:101DE00001010160204606F025F90CE0A86B45F6DC
:101DF000B8040068C2F20004016821F0010101602A
:101E0000204606F019F92046C8211DE0A86B45F2CE
:101E100000540068C2F20004016821F00101016071
:101E2000204605F0C5FE0CE0A86B45F29064006802
:101E3000C2F20004016821F001010160204606F0B1
:101E40005FF820464FF4AF71FEF7BBFBA86B01684B
:101E5000086840F00100086002B0B0BD70470000A3
:101E600090F82A10032938D8DFE801F0180232026E
:101E70000168B0F922200968B1F90210891A48BF37
:101E80004942B1F5FA7F1FD3018B4A1CB1F5C87FD7
:101E9000028338BF704701210175704701680968E6
:101EA000CA684969891A40F2DC5248BF49429142E6
:101EB0000AD3018B4A1CB1F5C87F02833EBF0021C3
:101EC00081837047E7E700BF0021018301757047F8
:101ED000006800210068C1604161704770470000E0
:101EE0000DF0F2FB01200EF0ADFDF9E7016FB1F549
:101EF000803F05DB0022CFF6FF7211440167704777
:101F00000029C8BF70474FF4803211440167704701
:101F100010B5044604F080F994F88600012813D126
:101F200040F21020C2F200004068807801280BD1F6
:101F300040F22C21C2F20001206F09688860BDE8E0
:101F4000104004F00DB900BFBDE8104004F0E6B940
:101F500010B5044604F060F994F88600012813D106
:101F600040F21020C2F200004068807801280BD1B6
:101F700040F22C21C2F20001206F09688860BDE8A0
:101F8000104004F0E3B900BFBDE8104004F0C6B94A
:101F900070B5044601600020254648F2A16645F868
:101FA000700FC0F2010684F88600C4E91D0084F8B1
:101FB0007C00C4F87E0084F8820000BF20680068BE
:101FC000817C29B104F0AAF9013EF7D120680068AC
:101FD000C08A286070BD0000B0F5007F1CDAF128CF
:101FE00036D040F2FF1398425CD1907803028B8385
:101FF000D37843EA0020888310790302CB83537996
:1020000043EA0020C88390798876D079C87600208A
:1020100081F82500704700BF3CD040F2FF23984272
:1020200018BF704710780302CB82537843EA002030
:10203000C882907803020B83D37843EA0020088398
:1020400090790875D0794875002081F82000704794
:10205000107803020B80537843EA002008809078C0
:1020600003024B80D37843EA0020488010790302B2
:102070004B81537943EA00204881907903028B8198
:10208000D27942EA00208881002081F8200081F87E
:1020900025007047107908725079887490794872D9
:1020A000D079C8747047000090F82020013A012AC6
:1020B00008D8006800F11402002013681943116069
:1020C000704700BF00F1240201204FF48021136803
:1020D000194311607047000010B590F820E0D0F867
:1020E00000C0AEF1010EBEF1010FDCF808E011D81E
:1020F0001EF0E05F18D0CEF3016EBEF1030F1DD1CC
:1021000000F1240101204FF400020B681A430A6019
:1021100010BD00BF00F1240101204FF480220B68A4
:102120001A430A6010BD00BF00F1240101204FF4E2
:1021300000120B681A430A6010BD00BF012000FAAC
:102140000EF01860886828B14B68CC6844EAC30375
:10215000034303E00868CB6843EA40530CEB0E10DE
:10216000C0F880310B69C0F88431097D012905D19F
:1021700000F5C2710B6843F480730B605168C0F8BE
:102180008C11126800F5C071C0F88821002001226E
:102190000B681A430A6010BDB0B590F82020013AD0
:1021A000012A2FD846F20060C4F20000026842F013
:1021B00001020260026822F47C520260D1F814E04D
:1021C000CC694A6A0368012C43EA022202600EF0DD
:1021D0001F024FF0010303FA02F2C3696FEA020C17
:1021E00023EA0203C36113D02CBBC36803EA0C03C8
:1021F000C360CB688C8844EA034300EBCE042364BD
:102200000B4611E0416A41F4802141620120B0BDDA
:10221000C3681343C3600B688C8844EA034300EB34
:10222000CE04236401F10C038C681B8843EA044349
:1022300000EBCE04636443688D6943EA0204D1F87D
:1022400010E0096A002D08BF03EA0C0444604369EA
:10225000BEF1000F43EA020408BF03EA0C0401299F
:10226000446102D1C1691143C161016821F00101DA
:1022700001600020B0BD00007047000010B590F86C
:102280002040013C012C71D8D0F800C0002977D043
:10229000DCF81040A40777D00CEB011CDCF8B0414F
:1022A0000CF5D87E14F004049460DCF8B04119BF3A
:1022B000E4085460640D1460DEF80040002904F066
:1022C0000204D460DCF8B44104F00F041461DCF8BB
:1022D000B441C4F307249461DCF8B4414FEA1444D8
:1022E0005461DCF8B8211A70026802EB0112D2F8CE
:1022F000B8214FEA12225A70026802EB0112D2F89A
:10230000B8214FEA12429A70026802EB0112D2F829
:10231000B8214FEA1262DA70026802EB0112D2F8B9
:10232000BC211A71026802EB0112D2F8BC214FEAFB
:1023300012225A71026802EB0112D2F8BC214FEA54
:1023400012429A71026802EB0112D2F8BC214FEAE4
:102350001262DA71006814BF00F1100100F10C0183
:10236000002020220B681A430A6010BD00F12401EE
:1023700001204FF480220B681A430A6010BD00BF91
:10238000DCF80C40A40787D100F1240101204FF4B0
:1023900000120B681A430A6010BD00002DE9F04FCF
:1023A00081B0044600684669D0F804908768D0F888
:1023B0000CB0D0F810A0D0F81880F10704D1002597
:1023C00030071DD424E000BFF90710D00121BA075F
:1023D000816009D4780700F1AF80380700F1B6803A
:1023E000204600F07FFA02E0204600F07DFA00254A
:1023F000F80500F18780F80300F1B180300707D5B8
:102400001BF0100004D0206845F400751021C16055
:10241000700708D51BF0080005D020680821C160AE
:10242000204600F0F5F9B00706D52068C06880079F
:1024300002D0204600F0EEF9700607D51AF0100021
:1024400004D0206845F4806510210161B00608D5EC
:102450001AF0080005D0206808210161204600F02C
:102460000DFAF00606D520680069800702D02046E4
:1024700000F006FAB00308D519F0100005D0206866
:1024800010214160204600F0FDF9F00308D519F055
:10249000080005D0206808214160204600F02EFA8F
:1024A000300440F19B805FEA497040F1948006F46B
:1024B000807008EA102028435FEA8871014648BF0F
:1024C00041F00201B20558BF01465FEA48700D466F
:1024D00048BF45F00405700558BF0D46300540F172
:1024E0007A8018F0700000F0768010380009052816
:1024F0006CD8DFE800F003595D61656945F00805B7
:1025000064E000BF20684FF48071BA0581600BD48D
:10251000780515D438051DD4204600F0E7F9F803F6
:102520007FF56CAF1BE000BF204600F0E1F9F80337
:102530007FF564AF13E000BF4FF4006558E700BFBC
:1025400005F50055F8037FF559AF08E04FF48055C5
:102550004EE700BF05F58045F8037FF54FAF2068D3
:102560004FF48031BA0381600AD4780310D4380361
:1025700014D4204600F0BEF930073FF541AF47E7DD
:10258000204600F0B9F930073FF53AAF40E700BF09
:1025900005F5004530073FF533AF39E705F58035E0
:1025A00030073FF52DAF33E745F010050EE000BFD3
:1025B00045F020050AE000BF45F0400506E000BFF9
:1025C00045F0800502E000BF45F480752068816910
:1025D00021F07001816120680421416055B1606A79
:1025E00040EA05012046616201B0BDE8F04FFFF707
:1025F00043BE00BF01B0BDE8F08F0000B0B5C8B168
:10260000044690F8200010B9204600F071F82068C8
:10261000016841F00101016000F09CFC054600BF2B
:1026200020684168C90707D100F094FC401B0B28C3
:10263000F6D312E00120B0BD016821F00201016073
:1026400000F088FC054600BF2068416889070DD569
:1026500000F080FC401B0B28F6D3606A052140F493
:1026600000306062012084F82010B0BD217E026835
:10267000012922F0800208BF80320260617E026878
:10268000012922F0400208BF40320260A17E0268A8
:10269000012922F0200208BF20320260E17E026898
:1026A000012922F0100218BF10320260217F026857
:1026B000012922F0080208BF08320260617F026827
:1026C000012922F0040208BF04320260D4E901C2E9
:1026D000D4E9033561691A432A431143ACF101027D
:1026E0001143C16100200121606284F82010B0BD57
:1026F00010B586B0006846F60002C4F20002002160
:102700009042CDE90411CDE90211019134D046F295
:102710000041C4F20001884277D140F25C61C2F20C
:1027200000010A6843F64000C4F20200531C0B602B
:1027300052B900210091016841F000710160016807
:1027400001F00071009100990021009150F8101CD7
:10275000142441F0080140F8101C50F8100C03211B
:1027600000F008000090009840F20040C4F202001F
:1027700000F5006035E000BF43F64000C4F20200FF
:102780000091016841F080610160016801F08061A1
:102790000091009940F25C61C2F200010A68531C8A
:1027A0000B6052B900210091016841F00071016095
:1027B000016801F00071009100990021009150F82A
:1027C000101C402441F0020140F8101C50F8100C7D
:1027D000602100F002000090009840F20040C4F236
:1027E0000200019102210291002103910321049131
:1027F0000921059101A900F0D3FA20460521002204
:1028000000F070FC204600F059FC06B010BD00003E
:1028100070470000B0B5016846F60002C4F200023D
:10282000914219D046F20042C4F20002914218BF10
:10283000B0BD40F24025C2F2000505F15C0405F18F
:10284000400200212346FFF719FD286C2146BDE810
:10285000B040FEF723BD00BF40F6D454C2F20004DE
:1028600004F11C05002122462B46FFF707FD2068D6
:102870002946BDE8B040FEF77BBD00007047000070
:102880007047000070470000B0B5044690F8200083
:1028900001281DD1022084F820002068016821F061
:1028A0000101016000F056FB054600BF206840684A
:1028B000C00713D000F04EFB401B0B28F6D3606A14
:1028C00040F400306062052084F820000120B0BD93
:1028D000606A40F4002060620120B0BD00206062A8
:1028E000B0BD000070470000704700007047000056
:1028F00070470000704700007047000070470000FC
:1029000070B5866D044600F025FB94F83510022959
:1029100028D105462068216C026822F01602026068
:10292000426922F08002426109B9A16C19B10168C3
:1029300021F008010160016821F00101016000BF80
:1029400020680068C00715D000F004FB401B062873
:10295000F6D320206065032084F83500002184F838
:10296000341070BD802060650120002184F834108F
:1029700070BD00BFE06D3F2101FA00F0B0600120A2
:1029800084F835000020002184F8341070BD000068
:1029900090F83510022909D1052180F8351000681A
:1029A000016821F00101016000207047802141652C
:1029B00001207047F0B581B004460020009040F23D
:1029C0009000C2F200000268D4E9166048F2B51324
:1029D00037680821C1F64E3381403942A2FB0325F6
:1029E0000CD0226813685B0708D5136823F0040332
:1029F0001360B160616D41F00101616501218140A9
:102A0000394208D022685269120604D5B160616D5E
:102A100041F00201616504218140394208D02268F9
:102A20001268920704D5B160616D41F004016165DF
:102A300010218140394217D020680268120713D54F
:102A4000B16002680168520308D4C90508D401685E
:102A500021F008010160216C21B905E008033FD491
:102A6000216C09B120468847E16D202000FA01F26F
:102A70003A4241D020680368DB063DD5B26094F845
:102A800035300268052B1BD122F016020260426924
:102A900022F080024261226C0AB9A26C1AB102686B
:102AA00022F0080202603F208840B060012084F8D4
:102AB0003500216D0020002984F8340052D157E000
:102AC0000168520310D4C90512D4016821F0100125
:102AD0000160012084F83500002084F8340007E00C
:102AE000A16C0029BED1BFE7080301D4616C00E0EE
:102AF000E16B09B120468847606DC8B3606DC007BF
:102B00002ED0052084F835002068A90A026822F03A
:102B100001020260009A01328A4200921AD80268C9
:102B2000D20717D0009A01328A42009212D8026866
:102B3000D2070FD0009A01328A4200920AD8026866
:102B4000D20707D0009A01328A42009202D8026866
:102B5000D207DFD1012084F83500002084F834004A
:102B6000E16C29B1204601B0BDE8F040084700BF44
:102B700001B0F0BD2DE9F041044600F0EBF9ECB1F5
:102B80000546022084F835000020216884F83400CE
:102B9000086820F00100086021680868C00711D0AB
:102BA00000F0D8F9401B0528F6D90325202303207F
:102BB000636584F83550BDE8F08100BF0120BDE8B1
:102BC000F08100BF086848F23F02CFF21002D4E95A
:102BD000013500EA020C04F10C0898E8C10143EA4F
:102BE0000C032B431843D4E9072E304338431043DA
:102BF000626A40EA0E00042A40EA08031CD1206BF6
:102C0000D4E90A2E40EA0E00184308604869BEF174
:102C1000000F20F0030040EA020040F0040C11D045
:102C2000B8F5005F36D0B8F1000F45D1022A46D082
:102C3000012A3BD032B942E00B60486920F007001E
:102C400040EA020C01F0F8004AF6AB221038CAF64E
:102C5000AA22A0FB02231A094AF24103C0F601038B
:102C60009A5C40F2FF335F284FF03F00C1F814C078
:102C700021EA030100FA02F088BF0431C4E9161208
:102C80008860002301250020636584F83550BDE885
:102C9000F08100BF032AD5D8012540230120DFE8B9
:102CA00002F0030E030500BF82E700BFAEF1C07063
:102CB000B0FA80F0400904E0032A04D3C2D1CEF375
:102CC00000600028BED0012540230120636584F800
:102CD0003550BDE8F081000070B590F834C0BCF10B
:102CE000010F46D04FF0010C80F834C0D0F858E006
:102CF00090F835C0BCF1010F38D14FF0020C80F8CC
:102D000035C04FF0000CC0F854C0D0F800C0846843
:102D1000056CC06DDCF80060402C26F48026CCF8F1
:102D20000060CCF804300B4604BF13460A463F212E
:102D300001FA00F0CCF80830CCF80C20CEF80800EE
:102D4000DCF8000040F01600CCF800002DB1DCF8F3
:102D5000000040F00800CCF80000DCF8000040F073
:102D60000100CCF80000002070BD00BF002180F8F9
:102D70003410022070BD0000B0B5044600F0EAF83F
:102D8000054640F20000C2F200000078611C18BF46
:102D9000044400BF00F0DEF8401BA042FAD3B0BDEF
:102DA0002DE9F04F82B000F13E4241F6004502F1BC
:102DB000FF77C4F20205082243F6004E4FEAB72619
:102DC000A84208BF0722C4F2010E072E38BF4FEAFF
:102DD000B7220125002600274FF00008009208E0E6
:102DE00008F101080437B8F1100F06F1020600F0EF
:102DF000A7800C6805FA08F914EA090FF0D0D1F899
:102E000004B003220BF0030CACF10104B240012C1E
:102E10006FEA020A10D88268CC6802EA0A02B4405B
:102E2000224382604268CBF3001422EA090204FACA
:102E300008F42243426005E0BCF1030F02D14FF0D9
:102E4000030C20E0C2688C6802EA0A02B440224304
:102E5000BCF1020FC26016D16FF0030202EA580201
:102E60000244D2F820C007F01C050F230C69AB40C8
:102E70002CEA030304FA05F52B431362D1F804B0DE
:102E800001250BF0030C02680CFA06F302EA0A02B1
:102E90001A431BF4403F0260A2D0002243F64403D1
:102EA0000192C4F202031A684FF6084C42F48042C1
:102EB0001A601A68CFF6FF7C02F480420192019AF0
:102EC00028F00302724452F80C3007F00C050F246E
:102ED000AC40A343009C04FA05F52B4342F80C30A8
:102EE000DEF808204B6842EA090543F60C4CDC0288
:102EF00058BF22EA0905CEF80850C4F2010CDCF8EC
:102F000000209C0242EA090558BF22EA0905CCF8D4
:102F10000050DEF804209C0342EA090558BF22EA6B
:102F20000905CEF80450DEF80020DB0342EA09056B
:102F300058BF22EA0905CEF80050012550E700BF2E
:102F400002B0BDE8F08F0000002A08BF09048161CB
:102F50007047000045F64820C2F200000068704744
:102F600001684AF6AA2200200A60704740F2000079
:102F700045F64821C2F20000C2F2000100780A685A
:102F8000104408607047000080B543F60040C4F26A
:102F90000200016841F400710160016841F4806140
:102FA0000160016841F480710160032000F0C6F8FF
:102FB000002000F005F800F05FF8002080BD000060
:102FC00070B586B0002543F640010195C4F20201B8
:102FD0000A68044642F001020A60096801A801F08B
:102FE000010101910199694600F068F9049E002EE3
:102FF00018BF012600F082F94DF68361B040C4F29B
:103000001B31A0FB01014FF0FF3000EB914141F279
:103010005420C2F200004FF0804240F2E733C0E992
:103020000021C0E902530561856100F005FC0546F9
:1030300010B1284606B070BD41F25420C2F2000023
:1030400000F072FC05460028F3D11C2000F036F891
:103050000F2C0DD81C2021460022002500F042F83C
:1030600040F20400C2F200000460284606B070BDC1
:103070000125284606B070BD82B0002043F640010D
:103080000190C4F202014A6842F480424A604A68F0
:1030900002F480420192019A00900868002240F0F8
:1030A0008050086008680F2100F080500090009860
:1030B0006FF0010002B000F015B80000002848BF12
:1030C0007047C1B200F01F00012202FA00F04EF278
:1030D0000012CEF2000242EAD10121F003010860A1
:1030E0007047000010B54EF60C5CCEF2000CDCF818
:1030F0000030C3F3022E8EF00704042C28BF0424F2
:10310000BEF103034FF0FF3E0EFA04F438BF002374
:10311000A14399400EFA03F39A43114300F00F02C2
:1031200000F160430901043A03F564436244002856
:1031300048BF02F10C03197010BD00004EF60C518F
:10314000CEF200010A684FF6FF031A4060F30A222C
:1031500042F0806040F0FD70086070472DE9F0415A
:10316000002800F08B8043F60808C4F202080446E9
:10317000D8F8F8030D4600F00700884207D288F817
:10318000F853D8F8F80300F00700A84276D1206879
:10319000810717D5410705D5D8F8001041F4E05153
:1031A000C8F80010010705D5D8F8001041F46041B7
:1031B000C8F80010D8F80010A26821F0F0011143FF
:1031C000C8F80010C0073FD1D8F8F80300F0070096
:1031D000A84207D988F8F853D8F8F80300F0070098
:1031E000A8424BD12068410707D5D8F80010E26803
:1031F00021F4E0511143C8F80010000708D5D8F8B1
:103200000000216920F4604040EAC100C8F80000D5
:1032100000F09CF8D8F8001047F2CC62C1F303111B
:10322000C0F60102515C40F2900220FA01F140F236
:103230000400C2F200000068C2F200021160FFF751
:10324000BFFE0020BDE8F0816068811E022907D220
:1032500058F8081C89015CBF0120BDE8F08111E02D
:10326000012807D158F8081C89035CBF0120BDE87C
:10327000F08107E058F8081C890703D40120BDE855
:10328000F08100BFD8F8001021F003010843C8F80E
:103290000000FFF75FFE064641F28837D8F80000CD
:1032A000616800F00C00B0EB810F8DD0FFF752FE8B
:1032B000801BB842F2D90320BDE8F0810F220260E2
:1032C00043F60802C4F20202136803F003034360EA
:1032D000136803F0F0038360136803F4E053C360E2
:1032E000D2F800C04FF4E05303EADC030361D2F8E4
:1032F000F80300F0070008607047000040F29000FB
:1033000043F60801C2F20000C4F202010068096835
:1033100047F2DC62C1F38221C0F60102515CC84071
:103320007047000040F2900043F60801C2F200002E
:10333000C4F202010068096847F2DC62C1F342315D
:10334000C0F60102515CC8407047000010B543F65A
:103350000404C4F20204606800F00C0008280BD0DA
:10336000042819BF42F20040C0F2F40047F64000C2
:10337000C0F27D1010BD00BF20682168236849029B
:1033800047F64001C0F27D1100F03F02C3F3881000
:103390005CBF42F20041C0F2F401A1FB0001002336
:1033A000FCF76EFF21680222C1F3014102EB4101EB
:1033B000B0FBF1F010BD00002DE9F04182B0002813
:1033C00068D00446007843F60006C007C4F202063F
:1033D0000BD0B06800F00C00042840F09F803068EB
:1033E000800302D56068002854D0207880071AD561
:1033F000B06810F00C0F09D0B06800F00C0008287D
:1034000040F0A6807068400200F1A280306880071A
:1034100002D5E06801283DD13068216920F0F8002C
:1034200040EAC10030602078000737D42078400798
:103430004CD4A56955B3B06800F00C00082840F0E2
:10344000BB80012D26D07068E16900F480028A42B9
:1034500020D1216A00F03F028A421BD147F6C07199
:10346000626A0140B1EB821F14D1A16A4FF6FF736B
:10347000C903994300F44032A1F580318A4209D151
:10348000E16A00F07060B0EB016F03D1002002B080
:10349000BDE8F081012002B0BDE8F081606900283C
:1034A00040F20000C4F2472076D00121C0F8801E0F
:1034B000FFF750FD054600BF706F8007B6D4FFF7D9
:1034C00049FD401B0228F7D9DDE000BF306C10F049
:1034D00080580AD100200190306C40F08050306458
:1034E000306C00F080500190019847F20007C4F260
:1034F00000073868C00541D4386840F480703860EF
:10350000FFF728FD054600BF3868C00536D4FFF731
:1035100021FD401B0228F7D9B5E000BFB06800F0DC
:103520000C00082803D1706840023FF558AF60686E
:10353000B0F5803F07D0B0F5A02F40F08D80306807
:1035400040F480203060306840F4803030608DE09E
:10355000E068002852D00020C4F247200121016019
:10356000FFF7F8FC054600BF306880073FF554AF11
:10357000FFF7F0FC401B0228F6D984E0A068012880
:1035800005D005284ED1306F40F004003067306F11
:1035900040F0010030674FE00021C0F8801EFFF7C7
:1035A000D9FC0546706F80077FF540AFFFF7D2FC6E
:1035B000401B0228F6D966E00027C4F24727002006
:1035C0003866FFF7C7FC022D05460BD13068800135
:1035D0005ED5FFF7BFFC401B02284FF00300F5D972
:1035E00055E700BF306880017FF550AFFFF7B2FCB0
:1035F000401B02284FF00300F4D948E70020C4F232
:10360000472000210160FFF7A5FC054630688007D0
:103610007FF509AFFFF79EFC401B02284FF0030027
:10362000F4D934E7316F002821F001013167316F9F
:1036300021F0040131674DD0FFF78CFC054641F2C3
:10364000883700BF306F800756D4FFF783FC401BDC
:10365000B842F7D917E000BF3168002821F4803163
:103660003160316821F4802131604FD0FFF772FC66
:10367000054600BF306880033FF5B7AEFFF76AFC30
:10368000401B6428F6D9032002B0BDE8F08100BFDA
:1036900004F11C052FCD084340EA8210D9034FF6F0
:1036A000FF729143A1F5803140EA056008437060E4
:1036B00001203866FFF74EFC044600BF30688001E9
:1036C0003FF5E4AEFFF746FC001B02284FF0030075
:1036D000F4D9DCE6FFF73EFC054641F2883700BF2F
:1036E000306F800708D5FFF735FC401BB8424FF01C
:1036F0000300F5D9CBE600BFB8F1000F7FF499AE17
:10370000306C20F08050306493E600BFFFF722FC5D
:10371000054600BF306880037FF567AEFFF71AFCEF
:10372000401B64284FF00300F4D9B0E67047000056
:1037300070470000B0B590F83C20012A04BF022079
:10374000B0BD01F108053CCDD1E900CE23F47C5396
:1037500022F470521A432EF4F0431A432CF4E0433F
:103760001A4324F4C0431A432A43C96922F480420D
:10377000036811435964002180F83C100846B0BD2D
:1037800010B590F83C20012A4FF0020251D080F889
:103790003D200268D2F804E0D2F808C00C682EF090
:1037A0007003234341F2FF74C4F20004A242536049
:1037B0000EDC40F2FF73C4F200039A4216DCB2F151
:1037C000804F2BD040F20043C4F2000324E000BF3E
:1037D00040F2FF33C4F201039A4213DC41F60003C6
:1037E000C4F200039A4219D0002313E040F600030C
:1037F000C4F200039A4211D040F60043C4F2000321
:103800000AE000BF44F20003C4F201039A4205D06B
:1038100040F20043C4F201039A4204D149682CF0FB
:103820008003194391600121002280F83D1080F847
:103830003C20104610BD0000002804BF0120704746
:1038400010B5044690F83D0028B9002084F83C00EB
:10385000204600F01FF8022084F83D002068211D5A
:1038600003F07EFE012084F8460084F83E0084F8D0
:103870003F0084F8400084F8410084F8420084F856
:10388000430084F8440084F8450084F83D0000209B
:1038900010BD000083B0006840F20041C4F2000196
:1038A00088421BD044F60001C4F20101884229D0AD
:1038B0000021C4F20101884233D10020029043F676
:1038C0004400C4F20200016841F001010160006897
:1038D00000F001000290029803B0704700200190B0
:1038E00043F64400C4F2020050F8041C41F0020107
:1038F00040F8041C50F8040C00F0020001900198FC
:1039000003B070470020009043F64400C4F2020068
:10391000016841F480210160006800F4802000907B
:10392000009803B07047000090F83D1001291CBFBB
:1039300001207047022180F83D10006841F2FF72BB
:10394000C168C4F20002904241F00101C1600DDC87
:1039500040F2FF71C4F20001884215DCB0F1804FE3
:103960002AD040F20041C4F2000123E040F2FF31CE
:10397000C4F20101884213DC41F60001C4F20001E7
:10398000884219D0002113E040F60001C4F2000182
:10399000884211D040F60041C4F200010AE000BFA5
:1039A00044F20001C4F20101884205D040F2004116
:1039B000C4F20101884206D1816801F0070106299D
:1039C00004BF00207047016841F001010160002040
:1039D0007047000080B590F83C20012A4FF00202A9
:1039E00000F0C28080F83D20D0F800C04FF677721A
:1039F000DCF8083023EA0202CCF808200B684F2BD1
:103A000028DC1F2B44DD202B45D0302B43D0402B0E
:103A100040F0AC80D1F804E0C968DCF82030DCF874
:103A2000202022F00102CCF82020DCF8182022F01F
:103A3000F00242EA011123F00A0242EA0E02CCF837
:103A40001810CCF82020DCF8081041F0470121F0D4
:103A5000300180E06F2B27DDB3F5005F48D0B3F570
:103A6000805F7AD0702B40F08180D1E901E3C96892
:103A7000DCF8082043EA0E0322F47F4243EA0121E6
:103A80001143CCF80810DCF8081041F0770162E02F
:103A90000BB1102B6AD1DCF8081021F0700119432A
:103AA00041F0070157E000BF502B35D0602B5DD1AE
:103AB000D1F804E0C968DCF8203023F01003CCF81A
:103AC0002030DCF81830DCF8202023F4704322F09A
:103AD000A00243EA013142EA0E12CCF81810CCF8E9
:103AE0002020DCF8081041F0670121F0100132E0DD
:103AF000D1E901E3C968DCF8082043EA0E0322F4A7
:103B00007F4243EA01211143CCF80810DCF8081089
:103B100041F480411FE000BFD1F804E0C968DCF83F
:103B20002030DCF8202022F00102CCF82020DCF844
:103B3000182022F0F00242EA011123F00A0242EAC0
:103B40000E02CCF81810CCF82020DCF8081041F058
:103B5000570121F02001CCF808100022012180F843
:103B60003D10002180F83C10104680BD0122F5E791
:103B70007047000010B5016804460869800744BF1B
:103B8000C8685FEA807039D40869400744BFC868D4
:103B90005FEA40703ED40869000744BFC8685FEA26
:103BA000007045D40869C00644BFC8685FEAC060B9
:103BB0004AD40869C0071CBFC8685FEAC07051D109
:103BC0000869000644BFC8685FEA006052D408690B
:103BD000400644BFC8685FEA406053D40869800665
:103BE00046BFC8685FEA806010BD6FF020022046C3
:103BF0000A61BDE81040FFF79BBD00BF6FF00200F7
:103C00000861012020778869800743D02046FFF7AC
:103C1000AFFF45E06FF0040008610220207788695B
:103C200010F4407F40D02046FFF7A2FF42E000BFE3
:103C30006FF00800086104202077C86980073DD034
:103C40002046FFF795FF3FE06FF010000861082065
:103C50002077C86910F4407F3AD02046FFF788FFEC
:103C60003CE000BF6FF001000861204600F00AFA56
:103C70002168A5E76FF0800008612046FFF756FD38
:103C80002168A4E76FF040000861204600F002FAC6
:103C90002168A3E7204600F025F8204600F066F9E9
:103CA0002168002020776FE7204600F01BF82046AF
:103CB00000F05CF92168002020776CE7204600F0D6
:103CC00011F8204600F052F921680020207769E7BA
:103CD000204600F007F8204600F048F9216800204F
:103CE000207766E7704700002DE9F04390F83C30FC
:103CF000012B04BF0220BDE8F0834FEAB202032A81
:103D000000F2FC80DFE802F0023E7EBE036840F273
:103D100000471A6A43F4806522F001021A621C6AA5
:103D20001A46D3F804E052F818CF8E6824F0020443
:103D3000C4F20107BD4244EA060405D1CE6824F06E
:103D40000C0426F0040634430E68BD4207D1D1E9C5
:103D500005572EF4407E45EA0E0545EA070E2CF085
:103D600073073743C3F804E09F614F6809695F63D5
:103D70001C629F6947F008079F619F6927F004074D
:103D80009F61B1E0036840F200481A6A43F480651D
:103D900022F010021A621C6A1A46D3F804C052F8C4
:103DA00018EF8F6824F02004C4F20108454544EA66
:103DB000071407D1CF686FF0400624F0C00406EA6C
:103DC00007163443D1F80090454506D1D1E9055690
:103DD0002CF440672E4347EA860C2EF4E64747EA68
:103DE0000927C3F804C09F614F6809699F631C627B
:103DF0009F6947F400679F619F6927F480679F610F
:103E000071E000BF036840F200481A6A43F480651D
:103E100022F480721A621C6A1A46D3F804C052F85F
:103E20001CEF8F6824F40074C4F20108454544EA8D
:103E3000072408D1CF6840F2FF463F0224F44064D3
:103E400027EA06063443D1F80090454506D1D1E96A
:103E500005562CF440572E4347EA061C2EF07307F4
:103E600047EA0907C3F804C0DF614F680969DF63E7
:103E70001C62DF6947F00807DF61DF6927F004078C
:103E8000DF6131E0036840F200451A6A43F480675D
:103E900022F480521A621A46D3F820C05C6852F8A5
:103EA0001CEFD1F800808E68C4F20105AF4204D146
:103EB0004D6924F4804444EA85142CF4005747EA01
:103EC00006372EF4E64646EA08265C60DE614E6858
:103ED00009691E641F62DF6947F40067DF61DF69FB
:103EE00027F48067DF61090213681943116000211C
:103EF000002280F83C200846BDE8F0830121002222
:103F000080F83C200846BDE8F0830000002804BF8C
:103F10000120704710B5044690F83D0028B90020F4
:103F200084F83C00204600F01FF8022084F83D0091
:103F30002068211D03F014FB012084F8460084F85A
:103F40003E0084F83F0084F8400084F8410084F883
:103F5000420084F8430084F8440084F8450084F863
:103F60003D00002010BD00007047000070470000B9
:103F700041B1082910D0042914BF00F1410200F119
:103F80003F020BE090F83E20012A1CBF0120704741
:103F9000022280F83E2013E000F140021278012A4C
:103FA0001CBF012070470222082907D0042914BF32
:103FB00080F8412080F83F2002E000BF80F84020D8
:103FC000006801F01F010122036A02FA01F123EAED
:103FD00001020262026A114341F2FF72C4F200025E
:103FE000904201620CDC40F2FF71C4F20001884291
:103FF00014DCB0F1804F37D040F2004116E000BF32
:1040000040F2FF31C4F20101884215DC41F60001A3
:10401000C4F20001884227D0002115E040F60001DB
:10402000C4F2000188421FD040F60041C4F20001F2
:10403000884219D01FE000BF44F20001C4F2010120
:10404000884211D040F20041C4F20101884212D1ED
:10405000416C40F2004340F48062C4F2010341F439
:1040600000419A42416406D1816801F007010629A6
:1040700004BF00207047016841F001010160002089
:10408000704700000068B0F1804F18BF7047FEF71E
:104090006DBF0000704700007047000070470000CF
:1040A000B0B582B0044600680168C368426901F097
:1040B0002F05202D03F0200506D12DB1204602B09A
:1040C000BDE8B04003F026BC5FEA017C1EBF02F0F1
:1040D000010E03F4907212EB0E0253D1226B012AEF
:1040E00005D111F0100218BF13F0100236D10A06E4
:1040F00022D513F080021FD094F83D1021293FD122
:10410000A168B1F5805F03D12169002900F07282B6
:10411000216A4A1C226209784160E18C01390A0453
:10412000E1842DD1C16821F08001C160C16841F0F6
:104130004001C16002B0B0BD490621D513F0400175
:104140001ED0C16821F04001C1602021204684F8C2
:104150003D1002B0BDE8B04000F09CBD00210191CF
:10416000016801914168019101994069400613D4A9
:10417000A08DE18DE28D002A18BF884240F0BE81FB
:1041800002B0B0BDCA0718BF13F4807240F0BA8005
:104190004A0700F1BD80C2E0A16B0868426893B293
:1041A000002BEDD0A08D8342EAD2E285C969B1F53A
:1041B000807F00F09D80206850E8030F216820F484
:1041C000807041E80302DAB1206850E8030F2168EB
:1041D00020F4807041E8030292B1206850E8030F98
:1041E000216820F4807041E803024AB1206850E859
:1041F000030F216820F4807041E80302002ADAD11D
:10420000206850E8050F216820F0010041E8050210
:10421000DAB1206850E8050F216820F0010041E87C
:10422000050292B1206850E8050F216820F00100D6
:1042300041E805024AB1206850E8050F216820F0E6
:10424000010041E80502002ADAD1206850E8050F94
:10425000216820F0400041E80502DAB1206850E80A
:10426000050F216820F0400041E8050292B1206866
:1042700050E8050F216820F0400041E805024AB1EE
:10428000206850E8050F216820F0400041E8050251
:10429000002ADAD1202084F83E0000202063206824
:1042A00050E8030F216820F0100041E80302DAB162
:1042B000206850E8030F216820F0100041E8030255
:1042C00092B1206850E8030F216820F0100041E807
:1042D00003024AB1206850E8030F216820F0100063
:1042E00041E80302002ADAD1A06BFEF709FBA08D9A
:1042F000E18D401A81B2204602B0BDE8B040FFF720
:10430000CBBE00BF226C42F0010222644A0706D5F0
:10431000BEF1000F03D0226C42F0020222648A0731
:1043200006D5BEF1000F03D0226C42F004022264D5
:10433000BCF1000F09D545EA0E02B2FA82F2520929
:1043400003D1226C42F008022264226C002A3FF45E
:1043500017AF11F0200118BF002D03D0204603F045
:10436000D9FA20684069216C00F0400001F0080192
:10437000401800F0B58000BF206850E8030F2168A6
:1043800020F4907041E80302BAB3206850E8030FAC
:10439000216820F4907041E8030272B3206850E86D
:1043A000030F216820F4907041E803022AB32068CB
:1043B00050E8030F216820F4907041E80302002ABE
:1043C000DAD11AE0206850E8050F216820F00100DA
:1043D00041E80502DAB1206850E8050F216820F0B5
:1043E000010041E8050292B1206850E8050F2168FC
:1043F00020F0010041E805024AB1206850E8050FAD
:10440000216820F0010041E80502002ADAD1206B82
:10441000012824D1206850E8030F216820F0100003
:1044200041E80302DAB1206850E8030F216820F068
:10443000100041E8030292B1206850E8030F2168A0
:1044400020F0100041E803024AB1206850E8030F51
:10445000216820F0100041E80302002ADAD1202070
:1044600084F83E00002020632068406940063FD564
:10447000206850E8050F216820F0400041E805025F
:10448000DAB1206850E8050F216820F0400041E8CB
:10449000050292B1206850E8050F216820F0400025
:1044A00041E805024AB1206850E8050F216820F074
:1044B000400041E80502002ADAD1A06BC0B147F202
:1044C000D561C0F600010165FEF762FA00283FF4ED
:1044D00057AEA06B016D02B0BDE8B040084700BF09
:1044E0002046FFF7DBFD0020206402B0B0BD00BF16
:1044F000204602B0BDE8B040FFF7D0BD401A2168A9
:1045000051E8031F226821F4907142E80313DBB1E4
:10451000216851E8031F226821F4907142E80313D7
:1045200093B1216851E8031F226821F4907142E899
:1045300003134BB1216851E8031F226821F49071E5
:1045400042E80313002BDAD1216851E8051F2268E5
:1045500021F0010142E80513DBB1216851E8051F94
:10456000226821F0010142E8051393B1216851E866
:10457000051F226821F0010142E805134BB12168B3
:1045800051E8051F226821F0010142E80513002BC4
:10459000DAD1202184F83E1000212163216851E8FE
:1045A000031F226821F0100142E80313002B3FF49F
:1045B000A1AE216851E8031F226821F0100142E8F2
:1045C0000313002B3FF496AE216851E8031F2268C5
:1045D00021F0100142E80313002B3FF48BAE216859
:1045E00051E8031F226821F0100142E80313002B59
:1045F000D4D17FE6216A31F8022B6FF35F2242604B
:1046000021628AE5002804BF0120704710B50446E6
:1046100090F83D0028B9002084F83C00204600F0C6
:1046200021F8242084F83D002068C16821F400515D
:10463000C160204603F0EEF92068016921F4904141
:104640000161416921F02A014161C16841F40051D1
:10465000C16000202021206484F83D1084F83E10C1
:1046600010BD00002DE9F04F87B00446006844F605
:10467000FF71C4F2000188424FF000010691CDE9BC
:104680000411CDE902115FDC44F20041C4F20001E3
:10469000884200F0DB8044F60001C4F20001884249
:1046A00000F0228144F60041C4F20001884240F04B
:1046B0008782002643F630000196C4F202000169A9
:1046C00041F400210161016901F400210191019986
:1046D0000196016841F0010101600068022100F0CB
:1046E0000100019001980320029005900820069097
:1046F0000020CDE90316C4F2020002A9FEF750FB28
:1047000046F21000C4F2020040F6F8553030C2F212
:1047100000054FF000614FF480624FF4807385E82C
:1047200043002846C5E90362C5E90566C5E90736C1
:104730006E62FEF71FFA002818BFFDF7CFFBA563D6
:1047400005F13800342532E245F20001C4F20001DF
:10475000884200F0398141F20001C4F2010188422F
:1047600000F0BA8141F20041C4F20101884240F0F8
:104770002782002643F630000196C4F20200416908
:1047800046F2100841F0200141614169C4F202087B
:1047900001F02001019101990196016841F00401A5
:1047A0000160006802A900F0040001900198C02097
:1047B00002900220CDE90306032005900820069010
:1047C0000020C4F2020000F50060FEF7E9FA41F2B1
:1047D000F80508F58360C2F200054FF0206B4FF436
:1047E000806A4FF48079C5E9000B4FF440372846C2
:1047F000C5E90266C5E904A6C5E90669C5E9087602
:10480000FEF7B8F9002818BFFDF768FBA563AC6395
:1048100041F2581508F59260C2F200054021C5E941
:10482000000B05F1080080E842042846C5E905664A
:10483000C5E907976E62FEF79DF9002818BFFDF7DE
:104840004DFB656305F138004725B0E1002643F6CE
:1048500030000196C4F20200016941F400310161A7
:10486000016901F40031019101990196016841F05B
:1048700001010160006802A900F0010001900198A7
:104880000C2002900220CDE90306032005900720AA
:1048900006900020C4F20200FEF782FA46F21000F1
:1048A000C4F2020040F6D8757830C2F200054FF02D
:1048B000006185E843004FF440304FF480624FF4CC
:1048C0008073C5E908062846C5E90362C5E905669F
:1048D000EB61FEF74FF9002818BFFDF7FFFAA5635B
:1048E00005F13800262562E1002643F630000196E6
:1048F000C4F20200016946F2100841F4802101610E
:104900000169C4F2020801F4802101910199019624
:10491000016841F008010160006802A900F0080088
:10492000019001984FF4407002900220CDE90306F7
:1049300003200590072006900020C4F2020000F535
:104940004060FEF72DFA41F2980508F14800C2F2E6
:1049500000054FF0006B4021C5E9000B05F1080090
:104960004FF4806A4FF4807980E842044FF40037B6
:104970002846C5E90566C5F81C90C5E90876FEF726
:10498000F9F8002818BFFDF7A9FA6563AC6341F296
:10499000380508F11800C2F20005C5E9000B2846E9
:1049A000C5E90266C5E904A6C5E90669C5E9087650
:1049B000FEF7E0F8002818BFFDF790FAA56305F1AF
:1049C00038002725F3E000BF002643F630000196AB
:1049D000C4F202000169002741F4801101610169FC
:1049E000C4F2020701F48011019101990196016856
:1049F00002AD41F004010160016846F2100801F0C7
:104A0000040101910199019601684FF0020941F0FA
:104A10000801016000684FF0030A00F008000190EF
:104A200001984FF4805002904FF0080B07F500609A
:104A30002946C4F20208CDE90396CDF814A0CDF8BA
:104A400018B0FEF7ADF90420CDE9020904A880E80A
:104A5000400C07F540602946FEF7A2F940F658657C
:104A6000C2F200054FF0006B4FF4806A4FF480797A
:104A70004FF440372846C5E9008BC5E90266C5E911
:104A800004A6C5E90669C5E90876FEF773F80028AB
:104A900018BFFDF723FAA563AC6340F6B86508F1CB
:104AA000A800C2F200054021C5E9000B05F108008D
:104AB00080E842042846C5E90566C5E907976E62A5
:104AC000FEF758F8002818BFFDF708FA656305F1EE
:104AD000380035256BE000BF002643F63000019614
:104AE000C4F20200416946F2100841F01001416130
:104AF0004169C4F2020801F0100101910199019687
:104B0000016841F001010160006802A900F00100A4
:104B1000019001984FF4C06002900220CDE9030695
:104B200003200590072006900020C4F20200FEF743
:104B300037F940F6187508F58660C2F200054FF0A7
:104B4000006B4FF4806A4FF48079C5E9000B4FF495
:104B500000372846C5E90266C5E904A6C5E9066925
:104B6000C5E90876FEF706F8002818BFFDF7B6F984
:104B7000A563AC6340F6787508F59560C2F2000550
:104B80004021C5E9000B05F1080080E842042846F1
:104B9000C5E90566C5E907976E62FDF7EBFF0028DA
:104BA00018BFFDF79BF9656305F138002525046002
:104BB000284605210022FEF795FA2846FEF77EFAE0
:104BC00007B0BDE8F08F00007047000070B50446E4
:104BD00090F83D0020280BD100294FF0010055D05E
:104BE000002A134608BF70BD94F83C00012801D18B
:104BF000022070BD012084F83C00002621202162A3
:104C0000A384E384266484F83D002268606B47F641
:104C10005D0C47F60D1E47F2E165C0F6000CC0F6CC
:104C2000000EC0F600050432C0E90FCEC0E91356ED
:104C3000FEF752F820686FF04001016084F83C6094
:104C4000206850E8050F216840F0800041E8050227
:104C5000F2B1206850E8050F216840F0800041E87B
:104C60000502AAB1206850E8050F216840F08000D5
:104C700041E8050262B1206850E8050F216840F064
:104C8000800041E80502002ADAD1002070BD00BF93
:104C9000002070BD704700007047000001F03EFB2F
:104CA0001420FEF769F8012080F3138803F044FC18
:104CB0002DE9F04F83B040F20042C4F202021168C5
:104CC00048F2B42521F04041116011680190C4F20E
:104CD000402500201160286002204FF0000B0AF0F0
:104CE0009BFC0120286055F8780C0127002818BF8C
:104CF0000120029001200AF08FFC0220C5F800B0CC
:104D00000AF08AFC2F6055F8786C01200AF084FCC8
:104D10000220C5F800B00AF07FFC2F6055F8784CEF
:104D20000120002C18BF01240AF076FC0220C5F8EF
:104D300000B00AF071FC2F6055F8788C01200AF061
:104D40006BFC0220C5F800B00AF066FC2F6055F835
:104D5000789C0120B9F1000F18BF4FF001090AF04B
:104D60005BFC0220C5F800B00AF056FC2F6055F835
:104D700078AC01200AF050FC0220C5F800B00AF01F
:104D80004BFC2F6055F878BC01200127BBF1000FC8
:104D900018BF4FF0010B0AF03FFC002028600220F2
:104DA0000AF03AFC2F6055F8787C01200AF034FCB8
:104DB000002040F200422860C4F20202106801990B
:104DC00020F0404010601068B1FA81F140F080405E
:104DD000490910600220A9600AF01EFC0120286029
:104DE00002200AF019FC002E18BF01260298B8F123
:104DF000000F46EA40004FEA800040EA440018BF36
:104E00004FF001084044800040EA4900BAF1000F29
:104E100018BF4FF0010A5044800040EA4B00002FB9
:104E200018BF012738440021C0B2296003B0BDE893
:104E3000F08F0000F0B581B040F20041C4F20201F1
:104E40000A68044622F040420A600A6848F2B42523
:104E500042F080400860C4F240250026E0092E6040
:104E6000A86002200AF0D8FB012702202F600AF078
:104E7000D3FB02202E600AF0CFFBC4F38010A860A1
:104E800002200AF0C9FB02202F600AF0C5FB0220B5
:104E90002E600AF0C1FBC4F34010A86002200AF0A3
:104EA000BBFB02202F600AF0B7FB02202E600AF045
:104EB000B3FBC4F30010A86002200AF0ADFB02208F
:104EC0002F600AF0A9FB02202E600AF0A5FBC4F3B4
:104ED000C000A86002200AF09FFB02202F600AF0A9
:104EE0009BFB02202E600AF097FBC4F38000A860B1
:104EF00002200AF091FB02202F600AF08DFB0220B5
:104F00002E600AF089FBC4F34000A86002200AF07A
:104F100083FB02202F600AF07FFB02202E600AF044
:104F20007BFB04F00100A86002200AF075FB022060
:104F30002F600AF071FB02202E6001B0BDE8F04046
:104F40000AF06ABBB0B540F20040C4F2020001684A
:104F500048F2B42421F0404101600168C4F24024C9
:104F600041F0804101600120A060206004200AF02F
:104F700053FB00250420A5600AF04EFB2560B0BD60
:104F800010B540F20040C4F20200016848F2B424B7
:104F900021F0404101600168C4F2402441F08041A9
:104FA000016000202060A06004200AF035FB012190
:104FB00021600420A160BDE810400AF02DBB000074
:104FC00070B540F20044C4F20204206848F23C2567
:104FD00020F0404020602068C4F240252060012677
:104FE0000120C5F880600AF017FB0120AE670AF0C7
:104FF00013FB0020296859B1296849B1296839B1E2
:10500000F72809D8296819B1043029680029F3D193
:1050100000242046AC6770BD206820F0404020602E
:10502000206840F0804020600020A867C5F880001C
:1050300004200AF0F1FA01240420AC67C5F880408E
:105040000AF0EAFA204670BDB7EE002A32EE412A95
:1050500022EE202A21EE000A30EE020A70470000FC
:105060000AF0A6FE02200BF0EDFCF9E780B58AB04D
:105070000188428809BA090CADF8001011BA4289BA
:105080008089090C00BA000CADF80600F1200390ED
:105090000020ADF8021011BACDE905000820090C76
:1050A000079040F6AC50ADF80410C2F2000003A91E
:1050B0006A4609ABFDF710F80AB080BD10B540F2A2
:1050C0001024C2F2000420680CF0B4FB206803F046
:1050D00075FA206803F0A4FDD4F800C09CF80C1009
:1050E0009CF80B20881EB0FA80F0531A4FEA50103B
:1050F00018BF012313EA000E40F21803C2F20003A6
:1051000009D1481EB0FA80F08A424FEA501207D007
:10511000012905D1013318788EF001024042187040
:1051200060688078012815D19CF8090003282BD0ED
:10513000022835D0012826D1002A00F0CF809CF823
:105140001200012800F0C280032840F0C780002030
:10515000BDE000BF40F6DA00C2F20000002141725B
:10516000C17440F20450C2F20000022280F82A20EA
:1051700040F23050C2F2000080F82A2040F63E3063
:10518000C2F20000417010BD032943D0022961D052
:105190000129F8D140F63E30C2F200000621EEE0CF
:1051A00040F20450C2F20000022280F82A2040F2AD
:1051B0003050C2F20000032980F82A206AD0022968
:1051C00008D00129DFD140F63E30C2F200000421B0
:1051D000417010BD9CF8121040F63E30C2F2000043
:1051E00002220129427000F00B810329CBD100215A
:1051F000417001F093F8002000210022002300F00C
:1052000011FF1420FDF7B8FD012080F3138803F08F
:10521000BFF900BFBCF8100040F63E314FF66C53AA
:10522000C2F20001062298424A7000F0CD80B0F52B
:10523000257FA8D140F20450C2F20000012180F87D
:105240002A1040F23050C2F20000022180F82A10E9
:1052500010BD00BFBCF8100040F63E314FF66C5355
:10526000C2F200010A2298424A7000F0AD80B0F507
:10527000257F18BF10BD40F20450C2F20000022189
:1052800080F82A1040F23050C2F20000012180F86C
:105290002A1010BD40F6D800C2F2000001780322A7
:1052A000002918BF0922BCF8101040F63E33C2F2A4
:1052B0000003B1F5257F5A7000F094804FF66C52D0
:1052C00091427FF460AF0021017010BD042040F2D4
:1052D0002402C2F20002526882F82900012923D078
:1052E000022947D003297FF44EAF40F20830C2F2C2
:1052F0000000006840F2075240780723C1000428EC
:1053000040F2F020C2F20000C0F60A2238BF22FAB2
:1053100001F3007840F63E31C2F20001012808BFD7
:1053200007234B7050E000BF40F22400C2F200009F
:10533000406890F82900042840D140F20830C2F2B9
:105340000000006840F204514078C2F200010322DC
:1053500081F82A20811E022940F23051C2F2000158
:1053600081F82A2042D240F63E30C2F200000A21E3
:10537000417010BD40F63E30C2F200000521417080
:105380009CF8121040F2045040F23052C2F2000079
:105390000023C2F20002012980F82A3082F82A3064
:1053A00004D003297FF4EFAE006800E010680068C5
:1053B0004169A1F51041416110BD00BF40F63E308A
:1053C000C2F200000821417040F20450C2F2000015
:1053D000022180F82A1040F23050C2F2000080F81A
:1053E0002A1010BD0121017010BD00BF012840F638
:1053F0003E30C2F2000014BF07210521417010BDEC
:105400000021417000F08AFF0020002100220023CB
:1054100000F008FE1420FDF7AFFC012080F3138894
:1054200003F0B6F8006840F62A320068C2F20002C3
:10543000C08A1288081A00EBC20000B27047000050
:10544000F0B581B014460D460646FFF77BFD40F2ED
:105450008C07C2F2000738784000C0B2FFF7EAFCC0
:10546000FFF7AEFD3046FFF7E5FCFFF7A9FDFFF7BC
:1054700069FD387840000130C0B2FFF7DBFCFFF770
:105480009FFD4CB1013D00260120FFF711FC0136C4
:10549000A64205F8010FF7D301B0BDE8F040FFF7D1
:1054A0006FBD000010B540F6845046F20041C2F2D4
:1054B0000000C4F200010322002380E80E0000F186
:1054C0000C014FF4002C4FF4401E4FF4807481E81F
:1054D000085040F2011184618183FDF78FF80028A4
:1054E00008BF10BDBDE81040FCF7F8BC10B540F691
:1054F000AC5046F60001C2F20000C4F200010322E3
:10550000002380E80E0000F10C014FF4002C4FF452
:10551000401E4FF4807481E8085040F2011184610C
:105520008183FDF76BF8002808BF10BDBDE810406F
:10553000FCF7D4BC80B582B0002043F63001019066
:10554000C4F202010A6842F400120A600A6802F416
:1055500000120192019A00900868002240F4800035
:1055600008600868052100F48000009000980B2076
:10557000FDF7B8FD0B20FDF7A1FD0C200521002251
:10558000FDF7B0FD0C20FDF799FD0D20052100224F
:10559000FDF7A8FD0D20FDF791FD0E20052100224D
:1055A000FDF7A0FD0E20FDF789FD1020052100224A
:1055B000FDF798FD1020FDF781FD2F200521002229
:1055C000FDF790FD2F20FDF779FD39200521002200
:1055D000FDF788FD3920FDF771FD3A2005210022F5
:1055E000FDF780FD3A20FDF769FD452005210022E9
:1055F000FDF778FD4520FDF761FD462005210022DD
:10560000FDF770FD462002B0BDE88040FDF756BDB5
:10561000F0B5BFB047F2B060C0F6010090E81E5090
:10562000806938AD85E81E503E9038A800210BF007
:1056300017FA40F24817C2F20007386047F2786064
:10564000C0F6010090E87E0080690DF1C40C8CE882
:105650007E00379031A800210BF002FA786047F203
:105660005C60C0F6010090E84E00D0E90454806907
:105670000DF1A80C8CE84E0030902AA80021CDE94D
:105680002E540BF0EDF9B86047F29460C0F60100BB
:1056900090E84E00D0E9045480690DF18C0C8CE840
:1056A0004E00299023A80021CDE927540BF0D8F90A
:1056B0002E49F8602DA0061D1C914ECED0E9055054
:1056C0000DF1740C8CE84E00CDE921501CA800218E
:1056D0000BF0C6F92C4938612BA0061D15914ECE52
:1056E000D0E905500DF1580C8CE84E00CDE91A5068
:1056F00015A800210BF0B4F92A49786129A0061DEC
:105700000E914ECED0E905500DF13C0C8CE84E00C8
:10571000CDE913500EA800210BF0A2F92849B86179
:1057200027A0061D07914ECED0E905500DF1200CA3
:105730008CE84E00CDE90C5007A800210BF090F941
:105740002649F86125A0061D00914ECED0E90550EE
:105750000DF1040C8CE84E00CDE90550684600219F
:105760000BF07EF938623FB0F0BD00BF88A00108A1
:105770004D150008FDFF00000000000000020000C1
:10578000000000000000000070A00108E11E0008F9
:10579000FDFF00000000000000010000000000000C
:1057A000000000007CA0010811830008FDFF00003C
:1057B00000000000000200000000000000000000E7
:1057C00095A0010845740008FDFF000000000000DE
:1057D0000001000000000000000000005BA00108C4
:1057E000AD6F0008FDFF0000000000008000000019
:1057F00000000000000000002DE9F04387B0002702
:1058000043F6300006970197C4F20200016840F2A7
:10581000004441F0800101600168C4F2020401F01B
:1058200080010191019901970168012241F0010174
:10583000016001684FF0010801F001010191019937
:105840000197016841F010010160016801F0100149
:10585000019101990197016841F00201016001681D
:1058600001F00201019101990197016841F00801DD
:105870000160016801F00801019101990197016837
:1058800041F00401016000684FF4604100F0040041
:10589000019001982046FDF757FB04F50065284666
:1058A000382100224FF03809FDF74EFB20464FF417
:1058B000C0710022FDF748FB4FF42040CDE90208FB
:1058C000032002AE0590204631460497FDF768FAA2
:1058D0004FF48040CDE9020820463146CDE90487E7
:1058E000FDF75EFA28463146CDE90298CDE9047706
:1058F000FDF756FA802002901120CDE903072046DB
:1059000031460597FDF74CFA4FF48070CDE9020857
:1059100020463146CDE90477FDF742FA07B0BDE8ED
:10592000F083000070B58EB044F6000541F20C2003
:10593000C4F201050021C2F20000A7224FF4FA735D
:10594000CDE90611CDE90411C0E90052C0E9021306
:1059500001618161FDF770FF002818BFFCF7BEFAF6
:1059600041F20C20C2F20000FEF7D0FA002818BF66
:10597000FCF7B4FA41F20C246020C2F2000401905A
:10598000002601A920460022CDE902660596FEF711
:10599000ABF9002818BFFCF7A1FA206840F20041DB
:1059A000C4F20001884209961CD0A84230D00021E0
:1059B000C4F20101884249D10020089043F630002A
:1059C000C4F20200016841F0100101600068012189
:1059D00000F01000089008984FF40060099005F559
:1059E00048402AE00020089043F63000C4F202004C
:1059F000016841F0010101600068022100F001002E
:105A000008900898C020099005F5384015E000BFBF
:105A10000020089043F63000C4F20200016841F013
:105A2000020101600068032100F00200089008985C
:105A30004FF40070099005F53C4002220A920022C2
:105A40000D9109A9CDE90B22FDF7AAF90EB070BDA1
:105A500070B59CB0002541F2C410C4F201050021CC
:105A6000C2F2000040F61F5240F2E7331591CDE933
:105A700013111191CDE90F11CDE90D11CDE90B11E4
:105A8000CDE90911CDE90711CDE90511CDE90311E2
:105A9000CDE90111C0E90052C0E90213C0E90411C7
:105AA0008161FDF7C9FE002818BFFCF717FA4FF413
:105AB0008050129041F2C410C2F2000012A9FDF70A
:105AC00089FF002818BFFCF709FA41F2C410C2F29E
:105AD0000000FEF71BFA002818BFFCF7FFF941F29F
:105AE000C4100024C2F2000010A9CDE91044FDF753
:105AF00047FE002818BFFCF7F1F96020CDE9090442
:105B000041F2C410C2F2000009A90422CDE90B44FD
:105B1000CDE90D440F94FEF7E7F8002818BFFCF715
:105B2000DDF941F2C4144FF40050C2F20004002623
:105B3000069001A920460596CDE90366CDE90166E8
:105B40000896FDF7F7FD002818BFFCF7C7F9206895
:105B500040F20041C4F20001884217961ED044F67C
:105B60000001C4F2010188422ED0A8424AD100208F
:105B7000169043F63000C4F20200016841F01001B3
:105B800001600068012100F01000169016984FF493
:105B90000060179005F588302BE000BF00201690BC
:105BA00043F63000C4F20200016841F001010160D7
:105BB0000068022100F0010016901698C02017908E
:105BC00005F5803015E000BF0020169043F6300048
:105BD000C4F20200016841F0020101600068032183
:105BE00000F00200169016984FF40070179005F51B
:105BF00082300222189200221B9117A9CDE91922A6
:105C0000FDF7CEF81CB070BDB0B594B040F20045C1
:105C100041F29C20C4F200050021C2F20000532290
:105C200040F6C3130D91CDE90B110991CDE9071190
:105C3000CDE90511CDE90311CDE90111C0E900520B
:105C4000C0E9021301618161FDF7F6FD002818BF6C
:105C5000FCF744F94FF480500A9041F29C20C2F2C4
:105C600000000AA9FDF7B6FE002818BFFCF736F9B8
:105C700041F29C20C2F20000FEF748F9002818BF4C
:105C8000FCF72CF941F29C200024C2F2000008A984
:105C9000CDE90844FDF774FD002818BFFCF71EF994
:105CA0006020CDE9010441F29C20C2F2000001A96C
:105CB000002203940594FEF717F8002818BFFCF79C
:105CC0000DF941F29C24C2F2000401A920460422ED
:105CD000FEF70AF8002818BFFCF700F92068002139
:105CE000A8420F9120D044F60001C4F2010188427D
:105CF0002ED00021C4F20101884247D100200E902D
:105D000043F63000C4F20200016841F01001016066
:105D10000068012100F010000E900E984FF4006012
:105D20000F9005F5033028E043F630000E91C4F2E1
:105D30000200016841F0010101600068022100F0E9
:105D400001000E900E98C0200F9005F5FE3014E073
:105D500000200E9043F63000C4F20200016841F0CA
:105D6000020101600068032100F002000E900E980D
:105D70004FF400700F9005F50030022210920022BF
:105D800013910FA9CDE91122FDF70AF814B0B0BDA7
:105D900080B541F2B03044F60041C2F20000C4F2D6
:105DA000000100234FF00C0C4FF4E13280E80E00AC
:105DB000C0E90333C0E905C3C361FEF723FC002833
:105DC00008BF80BDBDE88040FCF788B880B541F2CF
:105DD000F43045F20001C2F20000C4F200010023D9
:105DE0004FF00C0C4FF4E13280E80E00C0E90333B1
:105DF000C0E905C3C361FEF705FC002808BF80BDEC
:105E0000BDE88040FCF76AB880B541F2E42041F279
:105E10000001C2F20000C4F2010100234FF00C0C9B
:105E20004FF4E12280E80E00C0E90333C0E905C366
:105E3000C361FEF7E7FB002808BF80BDBDE88040D6
:105E4000FCF74CB880B541F2283044F20041C2F270
:105E50000000C4F2000148F2A06200234FF00C0CD5
:105E6000C0F2010280E80E00C0E90333C0E905C3B7
:105E7000C361FEF7C7FB002808BF80BDBDE88040B6
:105E8000FCF72CB880B541F26C3044F60001C2F248
:105E90000000C4F2000100234FF00C0C4FF4E1228B
:105EA00080E80E00C0E90333C0E905C3C361FEF713
:105EB000A9FB002808BF80BDBDE88040FCF70EB8F4
:105EC00080B541F2384041F20041C2F20000C4F214
:105ED000010100234FF00C0C4FF4E13280E80E007A
:105EE000C0E90333C0E905C3C361FEF78BFB00289B
:105EF00008BF80BDBDE88040FBF7F0BF80B590F8DB
:105F0000201090F825E019294FF0000201F101035B
:105F100038BF012218294FF0000C88BF19230EF159
:105F20000101BEF1190F80F8203080F8222038BF1F
:105F30004FF0010CBEF1180F88BF192180F8251011
:105F400080F827C080BD0000002141F619120160D1
:105F5000C0F80A10028480F82210A0F8252080F8EA
:105F600027107047FEE7000080B540F6D451C2F21A
:105F700000010A7F00681302B0F800C003804B7F65
:105F800043EA022EA0F800E08B7F1A024280CA7F0B
:105F900042EA0322428091F820201302838091F884
:105FA000213043EA0222828091F82210C180AEEBB8
:105FB0000C010AB281EAE233A3EBE2331FFA83FC5D
:105FC0004FF40053002A41F27072C4BF4EF2000336
:105FD000CFF6FF73944588BF1944418180BD00000E
:105FE000406800230178427891423CBF01234A1C5B
:105FF000027083707047000000230160C1E9003324
:10600000C1E90233C1E90433C1E9063341F619118C
:10601000426011800168937003810B820B804B6199
:10602000CB61704780B58AB04FEA102C8DF8010023
:10603000080A8DF80200100A8DF80400180A8DF87D
:1060400006004FF4007003900020CDE90500082001
:10605000079040F684508DF803108DF805208DF8D8
:106060000730C2F2000003A96A4609AB8DF800C0F0
:10607000FCF732F80AB080BD80B58AB0020A8DF80C
:106080000100080A8DF8020040F6DA00C2F20000B2
:106090008DF800208DF80310017A427A837CC07C51
:1060A0008DF804108DF807004FF400700390002065
:1060B000CDE905000820079040F6AC508DF805307A
:1060C0008DF80620C2F2000003A96A4609ABFCF76E
:1060D00003F80AB080BD000040F2802CC2F2000C30
:1060E0009CF81C200368110219809CF81D10406860
:1060F00041EA022119809CF81E100A025A809CF87D
:106100001F2042EA012159809CF820100A029A803F
:106110009CF8212042EA012199809CF82210D98024
:106120000021017070470000406800230178427828
:1061300091423CBF01234A1C0270837070470000EB
:10614000002301608B818B604B600B6041F619115D
:1061500042609370118003817047000000000000CE
:1061600070B52DED028B40F62A3040F22C25C2F29C
:106170000000C2F20005B0F9044040F20050296866
:10618000C2F2000090ED008A886810F00FFD9FEDCC
:10619000200B53EC102B10F095FD10F045FA00EE9B
:1061A000900A41F2E450C2F20000B0EE480A0AF050
:1061B0009FFD2868BDEEC01A80ED031A00EE104A5C
:1061C00041F25060B8EEC00AF8EEC10AC2F2000017
:1061D0000AF074FCBDEEC00A286810EE101A0182A5
:1061E000A1202C4644F80C0F080A687440F684502D
:1061F00029740026C2F2000040F2411122466E824C
:10620000FBF766F92E612660BDEC028B70BD00BF06
:10621000000000000000C03F40F22C20C2F200004D
:10622000406800230178427891423CBF01234A1C18
:10623000027083707047000070B52DED048B9FEDE8
:10624000338A41F25060DFED300AC2F20000B1EE55
:10625000040A03214FF4FA620023B0EE481A002624
:1062600000F0CAFE9FED2B9A41F2BC609FED280A18
:10627000C2F20000B7EE001A03214FF47A62002345
:10628000F0EE490A00F0B8FE41F2E450C2F200001C
:10629000B1EE020A03214FF47A620023F0EE490ABC
:1062A000B0EE481A00F0A8FE41F22870DFED1A0A9D
:1062B000C2F20000B1EE080A03214FF4FA624FF473
:1062C000FA73B0EE481A00F097FE41F2C851C2F2DC
:1062D00000010C68B1F9045040F22C2041F2E05268
:1062E000C2F20000C2F2000241F29473C1E9024519
:1062F00041F61915C2F200031580967080E84E0031
:106300000661BDEC048B70BD0AD7233C0000000081
:106310006666663F6F12833ACDCCCC3DB0B540F295
:106320002C24C2F20004A12004F80C0F40F6845083
:106330000025C2F2000040F241112246C4F801508B
:106340006560FBF7C5F8C4E90055B0BD70B540F213
:106350002C25C2F2000540F62A302968C2F200005E
:106360008088CA8A91ED021A888000EE102A41F2D4
:10637000BC60B8EE400AF8EE410AC2F200000AF032
:10638000CDFD2868BDEEC01AB0F9041080ED031AE7
:1063900000EE101A41F22870B8EEC00AF8EEC10AF9
:1063A000C2F200000AF08AFBBDEEC00A286810EEB7
:1063B000101A0182A1202C4644F80C0F080A6874B8
:1063C00040F6845029740026C2F2000040F24111C8
:1063D00022466E82FBF77CF82E61266070BD0000BD
:1063E000B0B540F22C24C2F20004882004F80C0F4F
:1063F00040F684500025C2F2000040F241112246CE
:10640000C4F801506560FBF763F8C4E90055B0BDFE
:10641000027840F22C2CC2F2000CDCF80430A2F11D
:10642000300103294FF0000119701DD3A2F1A10121
:10643000022929D24178DCF800209174C1780B023E
:106440009382837843EA0121918241790B02938000
:10645000037943EA01219180C1790B02D3828079CB
:1064600040EA0120D08270478178DCF80820117062
:10647000C1785170017991704179D1708179117130
:10648000C0795071704700BF942A18BF7047C17916
:10649000DCF800200B021360837943EA01210B0230
:1064A0001360437943EA01210B021360007940EA4B
:1064B000012010607047000070B540F62A30C2F22B
:1064C0000000B0F9001040F22C25C2F2000500EEE9
:1064D000101A2968B0F9044091ED021A41F2E45013
:1064E000B8EEC00AF8EE410AC2F200000AF000FC61
:1064F0002868BDEEC01A80ED031A00EE104A41F282
:106500005060B8EEC00AF8EEC10AC2F200000AF00C
:10651000D5FABDEEC00A286810EE101A0182A1203B
:106520002C4644F80C0F080A687440F6845029740D
:106530000026C2F2000040F2411122466E82FAF7B4
:10654000C7FF2E61266070BD10B540F62834C2F238
:10655000000400BFFAF724FDB4F900104A1C6429B6
:10656000228007DA0028F5D16420BDE81040FCF74E
:1065700003BC00BF012080F3138801F0F3FF00008B
:106580007047000040F26C30C2F2000000F12001C0
:10659000C0E91110A52101800121A0F8131040F2DB
:1065A0002C11C0F22C118166002180F86610704712
:1065B0002DE9F04140F63E30C2F20000407840F252
:1065C000240240F26C380828C2F20002C2F200082D
:1065D00018D15168D8F8480091F834300226522B6F
:1065E00046704FD1D268B2EE0C1AD2F8633000EE8A
:1065F000103AB4EE410AF1EE10FAB4BF00230123C1
:10660000C3745AE0516891F83430A3F1460014285D
:1066100032D8DFE810F0150019001D002100250018
:1066200029002D00310039003D00310041003100CA
:106630003100450031004900310031004D00F900C2
:10664000D8F84800162336E0D8F84800152332E081
:10665000D8F8480010232EE0D8F848000E232AE08E
:10666000D8F848000D2326E0D8F848000C2322E093
:10667000D8F8480013231EE0D8F848001026522B03
:106680004670AFD0D26818E0D8F84800092312E06D
:10669000D8F8480012230EE0D8F848000A230AE090
:1066A000D8F84800082306E0D8F848000F2302E095
:1066B000D8F848000B23D268437040F62A33C2F260
:1066C00000031B8891F82960A0F803304673D2F8C4
:1066D0004A3091F82310C0F80530D2F84E30012628
:1066E000C0F8093040F20113A0F80F3040F208332F
:1066F000C2F200031B684674DB7C81738374137AD7
:1067000003F0F003302B2ED1012913D059BBB2F87E
:106710008610B2F88830A1F59671B1FA81F1490975
:10672000C173A3F59671B1FA81F14909017402F1BF
:106730008A0111E0B2F87610B2F87830A1F59671BE
:10674000B1FA81F14909C173A3F59671B1FA81F1EA
:106750004909017402F17A010988A1F59671B1FA2B
:1067600081F14909417498F8660080B9D8F844006D
:106770000021C0F80310C0F80910C0F80D10C0F8CF
:106780001110C0F81510C0F81910C0F81D10B8F994
:106790006800B8F96A1041F29C7488424FF0000119
:1067A000BCBF01210130A8F8680088F8661098E89D
:1067B000AF10C2F2000484E82F0098F81E000321F5
:1067C000A077B8F81C000026A08320466761C4F8B3
:1067D00018C0FAF777FB20461F21FAF7FDFA41F2BD
:1067E000E420C2F2000021461F22FEF7EFF9C8E9BB
:1067F0000066C8E90266C8E90466C8F81860C8F807
:106800001B60BDE8F08100BFD8F848000723D668B8
:106810004370D6F86330C0F81530D6F86730C0F84A
:106820001930D26849E7000010B5B02000210024DB
:1068300000F0D4F90020002100F0D0F91020002150
:1068400000F0CCF90020012100F0C8F9601C44B22E
:10685000B4F1FF3FF6DCB1200021002400F0BEF9C6
:106860000020002100F0BAF91020002100F0B6F954
:106870000020012100F0B2F9601C44B2B4F1FF3FE6
:10688000F6DCB2200021002400F0A8F9002000214D
:1068900000F0A4F91020002100F0A0F9002001214F
:1068A00000F09CF9601C44B2B4F1FF3FF6DCB32069
:1068B0000021002400F092F90020002100F08EF960
:1068C0001020002100F08AF90020012100F086F953
:1068D000601C44B2B4F1FF3FF6DCB4200021002478
:1068E00000F07CF90020002100F078F91020002150
:1068F00000F074F90020012100F070F9601C44B22E
:10690000B4F1FF3FF6DCB5200021002400F066F969
:106910000020002100F062F91020002100F05EF953
:106920000020012100F05AF9601C44B2B4F1FF3F8D
:10693000F6DCB6200021002400F050F900200021F0
:1069400000F04CF91020002100F048F9002001214E
:1069500000F044F9601C44B2B4F1FF3FF6DCB7200C
:106960000021002400F03AF90020002100F036F95F
:106970001020002100F032F90020012100F02EF952
:10698000601C44B2B4F1FF3FF6DC10BD80B5C820F6
:10699000FCF7F2F9AE20002100F020F940200021A0
:1069A00000F01CF9B020002100F018F9C8200021E7
:1069B00000F014F98120002100F010F9FF200021DF
:1069C00000F00CF9A120002100F008F9A620002118
:1069D00000F004F9A820002100F000F91F20002198
:1069E00000F0FCF8D320002100F0F8F8002000218E
:1069F00000F0F4F8D520002100F0F0F8F02000219C
:106A000000F0ECF8D920002100F0E8F82220002165
:106A100000F0E4F8DA20002100F0E0F80220002184
:106A200000F0DCF8DB20002100F0D8F8492000213C
:106A300000F0D4F88D20002100F0D0F814200021BF
:106A400000F0CCF8AF20002100F0C8F8BDE880408D
:106A5000FFF7EABE2DE9F04F81B00C4640B24FF08F
:106A6000B00B002848BF023420EAE0765BFA84F0DD
:106A700000211F46A2F1200500F0B0F8102040EAE6
:106A800016184046002100F0A9F806F00F09484604
:106A9000002100F0A3F8102FE9B257D147F60C22DD
:106AA0000801C0F60102105C02EB0116012100F0A2
:106AB00095F87078B778F57896F804A0012100F081
:106AC0008DF83846012100F089F82846012100F0B0
:106AD00085F85046012100F081F87079012100F01D
:106AE0007DF8B079012100F079F8F079012100F00A
:106AF00075F8601C5BFA80F0002100F06FF84046EA
:106B0000002100F06BF84846002100F067F8307A69
:106B1000012100F063F8707A012100F05FF8B07A8B
:106B2000012100F05BF8F07A012100F057F8307B8A
:106B3000012100F053F8707B012100F04FF8B07B89
:106B4000012100F04BF806F10F0020E047F2E4725B
:106B500001EB4101C0F6010212F8110002EB4107FE
:106B6000012100F03BF87878BC78FD783E7901216E
:106B700000F034F82046012100F030F828460121C9
:106B800000F02CF83046012100F028F8781D00783C
:106B9000012101B0BDE8F04F00F020B82DE9F0412F
:106BA00015461278002A08BFBDE8F08198460E46C7
:106BB00007460024F8B2F1B2D2B24346FFF74AFFCB
:106BC0000637F8B201347828E0B288BF02362A5C72
:106BD00088BF0027002AEDD1BDE8F0812DE9F04300
:106BE00081B040F20049C4F202090D46D9F8001004
:106BF000804621F44040C9F80000D9F8000048F26E
:106C0000A02640F48040C4F24026C9F800000124C8
:106C1000042046F8044C346008F0FEFC00270420F1
:106C200046F8047C08F0F8FC7820376001F096FB09
:106C3000D9F8000020F44040C9F80000D9F800005D
:106C4000C9F80000012046F8044C08F0E5FC0120DA
:106C5000346008F0E1FC0020002D00F07F8000BFD0
:106C600056F8841C79B156F8841C61B156F8841C1E
:106C700049B1F7287AD856F8841C21B1043056F867
:106C8000841C0029EFD100203060402001F066FB19
:106C9000D9F80000012420F44040C9F80000D9F8D8
:106CA0000000C9F80000012046F8044C08F0B4FCCC
:106CB0000120346008F0B0FC002056F8841C79B143
:106CC00056F8841C61B156F8841C49B1F72869D87C
:106CD00056F8841C21B1043056F8841C0029EFD1E9
:106CE000002030605FFA88F001F038FBD9F800002E
:106CF000012420F44040C9F80000D9F80000C9F888
:106D00000000012046F8044C08F086FC01203460A5
:106D100008F082FC002056F8841C79B156F8841CD7
:106D200061B156F8841C49B1F72857D856F8841C2D
:106D300021B1043056F8841C0029EFD100203060C6
:106D400016E100BF56F8841C61B156F8841C49B1A5
:106D5000F7285FD856F8841C21B1043056F8841CFB
:106D60000029EFD1002030606EE000BFD9F80000AC
:106D700020F44040C9F80000D9F8000040F48040F9
:106D8000C9F800000020306046F8040C042008F028
:106D900043FC0120306046F8040C042008F03CFC61
:106DA00073E700BFD9F8000020F44040C9F80000A4
:106DB000D9F8000040F48040C9F80000002030609D
:106DC00046F8040C042008F027FC0120306046F847
:106DD000040C042008F020FC84E700BFD9F8000070
:106DE00020F44040C9F80000D9F8000040F4804089
:106DF000C9F800000020306046F8040C042008F0B8
:106E00000BFC0120306046F8040C042008F004FC60
:106E1000AEE000BFD9F8000020F44040C9F80000FF
:106E2000D9F8000040F48040C9F80000002030602C
:106E300046F8040C042008F0EFFB0120306046F80F
:106E4000040C042008F0E8FB0020002501F086FA7D
:106E5000D9F80000012420F44040C9F80000D9F816
:106E60000000C9F80000012046F8044C08F0D4FBEB
:106E70000120346008F0D0FB56F8840C80B100BFCC
:106E800056F8840C60B156F8840C48B1F72D0BD835
:106E900056F8840C20B1043556F8840C0028EFD144
:106EA000002030601AE000BFD9F8000020F4404014
:106EB000C9F80000D9F8000040F48040C9F800008B
:106EC0000020306046F8040C042008F0A5FB0120E7
:106ED000306046F8040C042008F09EFB5FFA88F04E
:106EE00001F03CFAD9F80000012420F44040C9F830
:106EF0000000D9F80000C9F80000012046F8044C51
:106F000008F08AFB0120346008F086FB002056F868
:106F1000841C79B156F8841C61B156F8841C49B1BF
:106F2000F7280BD856F8841C21B1043056F8841C7D
:106F30000029EFD1002030601AE000BFD9F800002E
:106F400020F44040C9F80000D9F8000040F4804027
:106F5000C9F800000020306046F8040C042008F056
:106F60005BFB0120306046F8040C042008F054FB61
:106F7000D9F8000020F44040C9F80000D9F800001A
:106F800040F48040C9F800000020306046F8040C4E
:106F9000042008F041FB01213160042046F8041C64
:106FA00001B0BDE8F04308F037BB000040F2240612
:106FB00040F64034C2F20006C2F200040BA500BF46
:106FC000F068D0F8460010F041F902460B46204622
:106FD0002946F9F7CDF90020002122461623FFF7B4
:106FE000DDFD4FF47A7009F02DFDE9E74D65613A5A
:106FF0002025322E3566000080B541F2911C41F209
:10700000A11E00F15807C0F6010CC0F6010E87E87A
:107010000E5080EC030A80BD80B541F20C20C2F214
:1070200000000021FCF7A4FF44F63400C4F2010084
:107030003221016080BD000000000000000000005F
:10704000EFF30980BFF36F8F154B1A681EF0100F16
:1070500008BF20ED108A20E9F04F10602DE90900EB
:107060004FF0500080F31188BFF34F8FBFF36F8F45
:107070000CF0CCFF4FF0000080F31188BDE8090050
:1070800019680868B0E8F04F1EF0100F08BFB0ECA8
:10709000108A80F30988BFF36F8F704700BF00BF6D
:1070A0006C010020B0F9022041F6A373591A9142F5
:1070B00014DD40F2E621C2F20001B1F900108A426B
:1070C00018DD40F60411C2F200010978012917D039
:1070D0004FF6FC7111444180704700BF40F6041C1C
:1070E000C2F2000C00234FF6FC718CF80030114402
:1070F0004180704740F60411C2F2000101230B7079
:107100000421114441807047B0F90C208231914232
:1071100012DA40F2E821C2F20001B1F900108A420D
:1071200014DA40F60511C2F200010978012913D0E2
:10713000042111448181704740F60511C2F200011B
:1071400000230B70042111448181704740F6051122
:10715000C2F2000101230B704FF6FC7111448181D2
:107160007047000040680023018801310AB21E2ADE
:10717000B8BF01231D2AC8BF1E210180837070473C
:1071800010B540F67454C2F20004207800F01CF8E8
:1071900040F20800C2F20000037841782278012B07
:1071A00008D11144CAB2092A21700BD9FF210A2241
:1071B00006E000BF511A217018BF10BD0121002246
:1071C0002270017010BD0000B0B540F600450446C5
:1071D000C4F20205A0B1284610210022FBF7B4FE3C
:1071E000284620210122FBF7AFFE28460821012274
:1071F000FBF7AAFE204609F025FC632C88BFB0BD32
:10720000284610210122FBF79FFE2846202101225B
:10721000FBF79AFE284608210122FBF795FEC4F1F0
:107220000A00BDE8B04009F00DBC000010B50446EE
:1072300000680068B0F90210206900EE101AB4F975
:107240002210B8EEC00A01EE101AF8EEC10A09F0D9
:1072500035FCBDEEC00A206810EE101A018110BD89
:107260002DE9F04F81B02DED0E8B40F2D834C2F2F3
:10727000000404F1080504F1380128462246FEF70F
:10728000BBFE40F66C089FED61AA9FED618AC2F2D9
:107290000008B2EE049A4046032142F2486242F2EC
:1072A0004863B0EE490AF0EE4A0AB0EE481AFFF71A
:1072B000A3FE40F294799FED57BAC2F20009484606
:1072C00003214FF4FA524FF47A73B0EE4B0AF0EE0A
:1072D000480AB0EE481AFFF78FFE40F6000AC2F2E5
:1072E000000AB2EE0ECA5046032142F248624FF441
:1072F0007A63B0EE4C0AF0EE480AB0EE481AFFF797
:107300007BFE40F228779FED44EAC2F20007B2EE1E
:1073100000DA3846032142F2486241F28833B0EE87
:107320004D0AF0EE4E0AB0EE481AFFF765FE40F245
:107330000456C2F2000686E8200304F120054FF04F
:10734000000BC6E9037A4FF0020A04F15801E21C6F
:10735000284686F828B086F82AA0FEF74DFE40F6AB
:107360004C28C2F200084046032142F2486242F231
:107370004863B0EE490AF0EE4A0AB0EE481AFFF749
:107380003BFE40F67419C2F20009484603214FF44F
:10739000FA524FF47A73B0EE4B0AF0EE480AB0EEB0
:1073A000481AFFF729FE40F6E017C2F200073846F8
:1073B000032142F248624FF47A63B0EE4C0AF0EED9
:1073C000480AB0EE481AFFF717FE40F60814C2F25A
:1073D00000042046032142F2486241F28833B0EEB5
:1073E0004D0AF0EE4E0AB0EE481AFFF705FE06F120
:1073F0002C0086F854B080E82003C6E90E4786F8D2
:1074000056A0BDEC0E8B01B0BDE8F08FCDCC4C3E4C
:10741000000000003333B33E0AD7233C00000000D5
:10742000074B19680868B0E8F04F80F30988BFF38C
:107430006F8F4FF0000080F31188704700BF00BFCE
:107440006C0100200CF0C0F8052009F0FBFAF9E708
:107450000068FEF7C5BD000010B50446006801686D
:10746000A06891ED030A91ED051AB8EEC00AF8EE96
:10747000C10A09F023FB2068BDEEC00A006810EEC7
:10748000101A6184B0F90210F8EEC00A606800EECC
:10749000101AB8EEC00A09F011FBBDEEC00A206850
:1074A00010EE101A018110BD01464088B1F800C0ED
:1074B000B1F90430A0EB0C0002B200EE103A80EA01
:1074C000E233B8EEC00AA3EBE2339BB2B1EE402A3E
:1074D00001EE103A002AC8BFB0EE402AB8EE411AB9
:1074E000BDEEC22A12EE102AB4EE401AF1EE10FAE6
:1074F000D8BF0246624410B20A80704780B500BF10
:10750000012009F09FFAFBE780B54FF0500080F3AF
:107510001188BFF36F8FBFF34F8F0DF035FA30B185
:107520004EF60450CEF200004FF080510160002072
:1075300080F3118880BD00004EF68850CEF2000026
:10754000016841F4700101604FF0006140F8801C57
:107550007047000041F25420C2F20000FCF70ABB61
:1075600010B540F6FF3E0368C4F2000E40F2004C36
:107570007045C4F2010C27DCB0F1804F31D040F2ED
:107580000042C4F2000290422BD040F60002C4F246
:107590000002904225D041F6FF72C4F200029042F0
:1075A00029DC70453CDCB0F1804F5FD040F20042F6
:1075B000C4F20002904259D040F60002C4F2000228
:1075C000904253D056E000BF40F60042C4F20002A1
:1075D000904206D0604504D00022C4F201029042DD
:1075E000D9D14A6823F07003134341F6FF72C4F205
:1075F00000029042D5DD43F6FF72C4F201029042D0
:1076000022DC42F20002C4F2000290422ED000229C
:10761000C4F20102904229D0604527D02AE000BF81
:1076200040F60042C4F2000290421FD041F6000230
:10763000C4F20002904219D041F60042C4F20002A6
:10764000904213D016E000BF44F20002C4F20102DF
:1076500090420BD044F60002C4F20102904205D0E1
:1076600044F20042C4F20102904203D1CA6823F4FA
:107670004073134323F080024B69D1F800E08C681B
:107680001A430260C46240F48062C0F828E0624598
:1076900004BF096901630121416110BD10B541F2C8
:1076A000B034C2F200042046FCF7FAFC2046BDE8E4
:1076B0001040FAF731BB000010B541F2F434C2F2C9
:1076C00000042046FCF7ECFC2046BDE81040FAF729
:1076D00023BB0000806B0021C185C184FCF7DEBCA8
:1076E000806B01684A6990F83D30212B2DD112F052
:1076F00080022AD00021C184016851E8031F02687A
:1077000021F0C00142E80313DBB1016851E8031F17
:10771000026821F0C00142E8031393B1016851E807
:10772000031F026821F0C00142E803134BB1016856
:1077300051E8031F026821F0C00142E80313002B47
:10774000DAD1202180F83D100168496990F83E2087
:10775000222A40F07D8011F0400179D00021C185BE
:10776000016851E8031F026821F4907142E8031395
:10777000BBB3016851E8031F026821F4907142E82D
:10778000031373B3016851E8031F026821F4907179
:1077900042E803132BB3016851E8031F026821F488
:1077A000907142E80313002BDAD11AE0016851E826
:1077B000051F026821F0010142E80513DBB10168F1
:1077C00051E8051F026821F0010142E8051393B159
:1077D000016851E8051F026821F0010142E8051324
:1077E0004BB1016851E8051F026821F0010142E830
:1077F0000513002BDAD1016B012924D1016851E86E
:10780000031F026821F0100142E80313DBB1016895
:1078100051E8031F026821F0100142E8031393B1FD
:10782000016851E8031F026821F0100142E80313C8
:107830004BB1016851E8031F026821F0100142E8D2
:107840000313002BDAD1202180F83E1000210163C0
:10785000016C41F010010164FCF720BC0168806BF1
:107860000968C90548BFFDF715BA0021C18400BFEA
:10787000016851E8051F026821F0800142E8051304
:1078800083B3016851E8051F026821F0800142E8D6
:1078900005133BB3016851E8051F026821F0800120
:1078A00042E80513F3B1016851E8051F026821F0B1
:1078B000800142E80513002BDAD113E0016851E89A
:1078C000031F026841F0400142E80313002B08BF88
:1078D0007047016851E8031F026841F0400142E827
:1078E000031393B1016851E8031F026841F040019E
:1078F00042E803134BB1016851E8031F026841F0ED
:10790000400142E80313002BD8D17047806BFDF78C
:10791000C3B9000081B090F83E10222921D18368BC
:107920000246B3F5805F09D152F8281F52F8183C7F
:10793000002B63D003685B680AE000BF52F8281F81
:1079400013B90369002BF5D003685B6803F07F036C
:107950000B70116801311160C18D01390A04C185B4
:1079600002D001B0704700BF0168CA6822F020024F
:10797000CA60CA6822F48072CA604A6922F00102B1
:107980004A61202180F83E10016B01293ED100217F
:10799000016300BF016851E8031F026821F0100174
:1079A00042E80313DBB1016851E8031F026821F0CC
:1079B000100142E8031393B1016851E8031F026804
:1079C00021F0100142E803134BB1016851E8031F95
:1079D000026821F0100142E80313002BDAD101689C
:1079E0000A68D20606D5002200920A680092496809
:1079F00000910099818D01B0FCF74EBB026852687E
:107A00006FF35F2221F8022B8162A5E701B0FDF739
:107A1000DBB8000010B504460068D4E902C223694F
:107A2000016921F4405111430161626943EA0C018B
:107A3000E3691143C268194349F20C639A43114345
:107A4000C1604169A26921F4407141F200431143D0
:107A500040F48062C4F201039A42416102D1FBF713
:107A600061FC01E0FBF74AFCE16963681922B1F5AA
:107A7000004FA0FB020123D15A00DB0FF8F700FCF6
:107A800048F21F51C5F2EB11A0FB01235A094FF632
:107A90009C73C0F6FF7303F1805302FB0300322393
:107AA00003EBC000A0FB01014FF4F87000EA1110D5
:107AB00000EB0210C1F3421108442168886010BD38
:107AC0009A009B0FF8F7DCFB48F21F51C5F2EB114F
:107AD000A0FB01235A094FF69C73C0F6FF7302FB0B
:107AE0000300322303EB0010A0FB0101F02000EAA9
:107AF000511000EB0210C1F3431108442168886063
:107B000010BD000010B541F2E424C2F2000420468A
:107B1000FCF7C6FA2046BDE81040FAF7FDB80000B1
:107B200081B0002041F2E4210090C2F20001086817
:107B3000896B0268009250F8042F0092009A8268C4
:107B400042F010028260026942F04002026191F844
:107B50003420012A29D0012281F8342091F83520DF
:107B6000012A1FD1022281F8352000224A650A68C5
:107B700089681368402923F4802313604FF4AF739E
:107B8000536045F20053C2F20003014604BF194698
:107B900003469160D360106840F00100106001B0AE
:107BA000704700BF002081F8340001B0704700002A
:107BB00070B504460078A52842D12046032100F084
:107BC00051FB01283CD12046242100F0C9FA0128AC
:107BD00018BF70BD40F26C35C2F2000505F12000FF
:107BE000214624224FF28036F8F784FCB5F92300B1
:107BF000B0F5486F10DB4FF44860A5F82300B5F9E5
:107C00002500B0F5486F14DA711C09B28842B8BF7C
:107C1000A5F8256011E000BF711C09B288424FF23F
:107C20008030B8BFA5F82300B5F92500B0F5486F3E
:107C3000EADB4FF44866A5F825600020A5F8680047
:107C400070BD000010B541F22834C2F20004204695
:107C5000FCF726FA2046BDE81040FAF75DB80000B0
:107C600010B581B00020009041F22830C2F200002F
:107C70000268806B1168009152F8041F009100990E
:107C8000916841F010019160116941F0400111616A
:107C90008368802B04D14FF48071416501B010BD21
:107CA0004FF25961C0F60001C16390F834104FF2F1
:107CB0008D6CC0F6000C0129C0F844C000F0C680ED
:107CC00090F83510012940F0BE80022180F835106F
:107CD00000214165D0F800E046F20C4CDEF80010BF
:107CE000C4F2020C41F48021CEF8001045F25E612E
:107CF000C2F2000101F11804CEF810401224402B0A
:107D00001346CEF8044004BF0B4611460CF14C025A
:107D10009645CEF80830CEF80C1011D946F27041D5
:107D2000C4F202018E4549D046F28841C4F20201F4
:107D30008E4547D14FF40062CCF800207DE000BFB3
:107D400046F20802C4F2020202F1B0018E4519D9CE
:107D500046F21041C4F202018E455DD046F2284140
:107D6000C4F202018E4551D046F24041C4F20201F4
:107D70008E450CBF4FF400134FF00063C2F800347F
:107D80005BE000BF02F150018E4527D946F2700139
:107D9000C4F202018E4543D046F28801C4F20201CA
:107DA0008E4541D046F2A001C4F202018E450CBFBF
:107DB0004FF400134FF0006353603EE02022CCF8F4
:107DC00000203AE00CF194014FF000628E4508BFAC
:107DD0004FF40012CCF800202FE000BF46F2100153
:107DE000C4F202018E4523D046F22801C4F20201FA
:107DF0008E451FD046F24001C4F202018E450CBFF1
:107E00004FF400134FF0006316E000BF4FF400631F
:107E1000C2F8003411E000BF2023C2F800340CE0A7
:107E20002023536009E000BF4FF40063536004E077
:107E3000202301E04FF400631360DEF8001041F0EE
:107E40000101CEF80010002180F8341001B010BDFF
:107E50007047000010B541F26C34C2F200042046B5
:107E6000FCF71EF92046BDE81040F9F755BF0000A9
:107E700081B0002041F26C310090C2F2000108682C
:107E8000896B0268009250F8042F0092009A826871
:107E900042F010028260026942F04002026191F8F1
:107EA0003420012A29D0012281F8342091F835208C
:107EB000012A1FD1022281F8352000224A650A6872
:107EC00089681368402923F4802313604FF4AF734B
:107ED000536045F29063C2F20003014604BF1946A5
:107EE00003469160D360106840F00100106001B05B
:107EF000704700BF002081F8340001B070470000D7
:107F0000B0B504460078A5284BD12046032100F0E7
:107F1000A9F9012845D12046162100F021F90128B0
:107F200018BFB0BD40F2F025C2F20005A81C2146E2
:107F30001622F8F7DFFA687A4FF2E302FA2824BF34
:107F4000FA206872287CCFF6FF72FA2824BFFA2044
:107F50002874E989A1F57A60904203D28220E881F1
:107F600005E000BF40F2BE50814228BFE881B5F86D
:107F7000071040F67762A1F6B830904204D241F67D
:107F80002E20A5F807000AE041F6A3704EF6154230
:107F9000091ACFF6FF72914298BFA5F8070000209A
:107FA000A887B0BD81B0002041F2B0310090C2F28C
:107FB00000010868896B0268009250F8042F009253
:107FC000009A826842F010028260026942F0400228
:107FD000026191F83420012A29D0012281F834204D
:107FE00091F83520012A1FD1022281F83520002284
:107FF0004A650A6889681368402923F4802313605E
:108000004FF0C803536045F2F073C2F2000301461B
:1080100004BF194603469160D360106840F0010028
:10802000106001B0704700BF002081F8340001B03B
:1080300070470000704700007047000010B541F223
:108040003844C2F200042046FCF72AF82046BDE876
:108050001040F9F761BE000081B0002041F23841C4
:108060000090C2F200010868896B0268009250F823
:10807000042F0092009A826842F010028260026926
:1080800042F04002026191F83420012A29D00122F5
:1080900081F8342091F83520012A1FD1022281F87D
:1080A000352000224A650A6889681368402923F44C
:1080B000802313604FF0C803536045F68013C2F26B
:1080C0000003014604BF194603469160D36010685F
:1080D00040F00100106001B0704700BF002081F83F
:1080E000340001B07047000070B540F298060446B5
:1080F000C2F2000605E000BF0025605D2C44A52803
:108100002BD1002C08BF70BD21783068A5290170E3
:10811000F2D1D4F80110C0F802102046052100F079
:10812000A1F80128E8D130684088093085B220469E
:10813000294600F015F8012805D1B4F80500E11D25
:10814000B08007F029FC306840882044B0F8070070
:10815000F080605D2C44A528D3D070BDFEE7000000
:10816000F0B500284FF0000279D0032977D340F210
:108170003402C2F20002A1F1020C12884AF2AC0EE3
:10818000CC1E1CF00303C0F6010E11D0064616F8F3
:10819000015B012B85EA0205EDB23EF8155085EA38
:1081A00012220BD12346D7B2032C49D322E000BFC1
:1081B000002763460646032C42D31BE04678D2B222
:1081C00072403EF81270022B87EA152206D10B1F6F
:1081D000861C3D46D7B2032C32D30BE08578D2B251
:1081E0006A403EF812504B1FC61C85EA1722D7B2D0
:1081F000032C25D3341F00BF14F8045F043B85EA29
:108200000205EDB23EF81550667885EA122282EA40
:108210000602D2B23EF81220A67882EA152585EA37
:108220000605EDB23EF81560E57886EA122282EA8C
:108230000502D2B23EF8125085EA1622DCD1D7B23E
:1082400010F80C20BA421CBF0020F0BD084410F802
:10825000010CA9B2A0EB1120B0FA80F0420910463F
:10826000F0BD000000284FF000024ED003294CD38F
:10827000F0B5A1F1010E0239032947F2E4610EF0D5
:10828000030CC0F6010107D2FF2400230246BCF113
:10829000000F21D131E000BF4FF6FC720EEA02045C
:1082A0000025FF23024600BF12F8046B043573401B
:1082B00012F8037CCB5C12F8026C7B40CB5C12F8AA
:1082C000017C7340CB5CAEB27B40CB5CA642EBD171
:1082D0001C46BCF1000F10D01378BCF1010F83EAEB
:1082E0000403CB5C09D05478BCF1020F83EA040389
:1082F000CB5C02D092785A408B5C10F80E00181AB2
:10830000B0FA80F04209BDE8F04010467047000026
:108310000BF0BEFEFEF74CF9052008F093FBF7E7E3
:1083200040F2F020C2F20000A52120F8401FA0F189
:108330003E0140F8281CC17D40F22C1201F07C0166
:108340000131C1750021C0F22C1240F8240C80F8D4
:10835000391040F8042C00F8061C7047F0B581B0C5
:1083600040F20041C4F202010A68044622F440428D
:108370000A600A6848F2A02542F480400860C4F20E
:1083800040250026E0092E6045F8040C022007F085
:1083900043F9012702202F6007F03EF902202E60EA
:1083A00007F03AF9C4F3801045F8040C022007F0F6
:1083B00033F902202F6007F02FF902202E6007F01A
:1083C0002BF9C4F3401045F8040C022007F024F9FF
:1083D00002202F6007F020F902202E6007F01CF920
:1083E000C4F3001045F8040C022007F015F9022030
:1083F0002F6007F011F902202E6007F00DF9C4F389
:10840000C00045F8040C022007F006F902202F6096
:1084100007F002F902202E6007F0FEF8C4F3800096
:1084200045F8040C022007F0F7F802202F6007F04F
:10843000F3F802202E6007F0EFF8C4F3400045F88F
:10844000040C022007F0E8F802202F6007F0E4F89F
:1084500002202E6007F0E0F804F0010045F8040C5B
:10846000022007F0D9F802202F6007F0D5F802208B
:108470002E6001B0BDE8F04007F0CEB880B50188AD
:1084800040F2736CA1F6020293B263454FF6F97E97
:1084900006D3A1F6746292B2624511D24FF0070E74
:1084A00040F2726C634540F6B8234FF00002C2F20E
:1084B000000388BF01221A707144018080BD00BF93
:1084C00040F6B822C2F200021278002A18BF4FF01C
:1084D000070E7144018080BD10B5418940F20C6ED9
:1084E000A1F23B1293B24FF6F97C73454FF6F97245
:1084F00008D3A1F2467292B240F20D64A2424FF04C
:1085000007020DD2734540F6B9234FF00004C2F2C2
:10851000000338BF01241C701144418110BD00BF0D
:1085200040F6B923C2F200031B78002B18BF624645
:108530001144418110BD00004EF60C50BFF34F8F27
:10854000CEF200000168042201F4E061C0F2FA52A8
:1085500011430160BFF34F8F00BF00BF00BF00BFDA
:10856000FAE700004EF60C50BFF34F8FCEF200003A
:108570000168042201F4E061C0F2FA521143016083
:10858000BFF34F8F00BF00BF00BF00BFFAE700007E
:108590004EF60C50BFF34F8FCEF20000016804225C
:1085A00001F4E061C0F2FA5211430160BFF34F8F52
:1085B00000BF00BF00BF00BFFAE70000C17E042972
:1085C00008D0032908D081B9817E01290DD101216C
:1085D00008E000BF817E03E0817E012900F00C826B
:1085E00019B90221C1760021818390F82110042954
:1085F00008D003290AD0A1B990F82010012910D180
:1086000001210AE090F8201005E000BF90F820104A
:10861000012900F0FD8121B9022180F821100021FB
:10862000418490F82710042908D003290AD0A1B961
:1086300090F82610012910D101210AE090F82610A7
:1086400005E000BF90F82610012900F0EF8121B964
:10865000022180F827100021018590F82D100429AF
:1086600008D003290AD0A1B990F82C10012910D103
:1086700001210AE090F82C1005E000BF90F82C10C2
:10868000012900F0E18121B9022180F82D1000219B
:10869000C18590F83310042908D003290AD0A1B964
:1086A00090F83210012910D101210AE090F832101F
:1086B00005E000BF90F83210012900F0D38121B904
:1086C000022180F833100021818690F839100429A6
:1086D00008D003290AD0A1B990F83810012910D187
:1086E00001210AE090F8381005E000BF90F838103A
:1086F000012900F0C58121B9022180F8391000213B
:10870000418790F83F10042908D003290AD0A9B95D
:1087100090F83E10012911D101210AE090F83E1095
:1087200005E000BF90F83E10012900F0B78129B99B
:10873000022180F83F100021A0F8401090F8451069
:10874000042909D003290BD0B1B990F844100129AC
:1087500012D101210BE000BF90F8441005E000BFEA
:1087600090F84410012900F0A98129B9022180F86C
:1087700045100021A0F8461090F84B10042909D0AC
:1087800003290BD0B1B990F84A10012912D1012167
:108790000BE000BF90F84A1005E000BF90F84A10C7
:1087A000012900F09B8129B9022180F84B1000219A
:1087B000A0F84C1090F85110042909D003290BD0CF
:1087C000B1B990F85010012912D101210BE000BF7E
:1087D00090F8501005E000BF90F85010012900F00B
:1087E0008D8129B9022180F851100021A0F8521082
:1087F00090F85710042909D003290BD0B1B990F88B
:108800005610012912D101210BE000BF90F856103B
:1088100005E000BF90F85610012900F07F8129B9CA
:10882000022180F857100021A0F8581090F85D1030
:10883000042909D003290BD0B1B990F85C100129A3
:1088400012D101210BE000BF90F85C1005E000BFE1
:1088500090F85C10012900F0718129B9022180F89B
:108860005D100021A0F85E1090F86310042909D073
:1088700003290BD0B1B990F86210012912D101215E
:108880000BE000BF90F8621005E000BF90F86210A6
:10889000012900F0638129B9022180F863100021C9
:1088A000A0F8641090F86910042909D003290BD0AE
:1088B000B1B990F86810012912D101210BE000BF75
:1088C00090F8681005E000BF90F86810012900F0EA
:1088D000558129B9022180F869100021A0F86A1099
:1088E00090F86F10042909D003290BD0B1B990F882
:1088F0006E10012912D101210BE000BF90F86E101B
:1089000005E000BF90F86E10012900F0478129B9F9
:10891000022180F86F100021A0F8701090F87510F7
:10892000042909D003290BD0B1B990F8741001299A
:1089300012D101210BE000BF90F8741005E000BFD8
:1089400090F87410012900F0398129B9022180F8CA
:1089500075100021A0F8761090F87B10042909D03A
:1089600003290BD0B1B990F87A10012912D1012155
:108970000BE000BF90F87A1005E000BF90F87A1085
:10898000012900F02B8129B9022180F87B100021F8
:10899000A0F87C1090F88110042911D003291BD075
:1089A000002940F0358190F88010012940F0308195
:1089B000012180F881100021A0F88210704700BFCB
:1089C00090F88010002918BF7047022180F88110AC
:1089D0000021A0F882101BE190F88010012900F01E
:1089E0000D81002940F01481022180F881100021BE
:1089F000A0F88210704700BF818B4A1CB0F91E108E
:108A000013B28B428283FFF6F0AD0422C276EBE50F
:108A1000418C4A1CB0F9241013B28B424284FFF6F9
:108A200000AE042280F82120FAE500BF018D4A1C27
:108A3000B0F92A1013B28B420285FFF60EAE042263
:108A400080F8272008E600BFC18D4A1CB0F930101D
:108A500013B28B42C285FFF61CAE042280F82D2093
:108A600016E600BF818E4A1CB0F9361013B28B4255
:108A70008286FFF62AAE042280F8332024E600BF67
:108A8000418F4A1CB0F93C1013B28B424287FFF66B
:108A900038AE042280F8392032E600BFB0F840102A
:108AA0004A1CB0F9421013B28B42A0F84020FFF6E6
:108AB00045AE042280F83F203EE600BFB0F84610E5
:108AC0004A1CB0F9481013B28B42A0F84620FFF6BA
:108AD00053AE042280F845204CE600BFB0F84C109D
:108AE0004A1CB0F94E1013B28B42A0F84C20FFF68E
:108AF00061AE042280F84B205AE600BFB0F8521055
:108B00004A1CB0F9541013B28B42A0F85220FFF661
:108B10006FAE042280F8512068E600BFB0F858100C
:108B20004A1CB0F95A1013B28B42A0F85820FFF635
:108B30007DAE042280F8572076E600BFB0F85E10C4
:108B40004A1CB0F9601013B28B42A0F85E20FFF609
:108B50008BAE042280F85D2084E600BFB0F864107C
:108B60004A1CB0F9661013B28B42A0F86420FFF6DD
:108B700099AE042280F8632092E600BFB0F86A1034
:108B80004A1CB0F96C1013B28B42A0F86A20FFF6B1
:108B9000A7AE042280F86920A0E600BFB0F87010EC
:108BA0004A1CB0F9721013B28B42A0F87020FFF685
:108BB000B5AE042280F86F20AEE600BFB0F87610A4
:108BC0004A1CB0F9781013B28B42A0F87620FFF659
:108BD000C3AE042280F87520BCE600BFB0F87C105C
:108BE0004A1CB0F97E1013B28B42A0F87C20FFF62D
:108BF000D1AE042280F87B20CAE600BFB0F8821014
:108C00004A1CB0F9841013B28B42A0F8822001DA1A
:108C1000704700BF042280F88120A0F882107047BE
:108C2000C17E03290CD0022906D0012913D1828BE1
:108C30000321C176511C0DE00021C1760AE000BF7E
:108C4000818B4A1CB0F91E1013B28B42828302DB67
:108C500004228276818390F8211003290ED0022904
:108C600008D0012916D1428C032180F82110511C13
:108C70000FE000BF002180F821100AE0418C4A1C5F
:108C8000B0F9241013B28B42428403DB042280F833
:108C90002020418490F8271003290DD0022907D005
:108CA000012915D1028D032180F82710511C0EE0F7
:108CB000002180F827100AE0018D4A1CB0F92A1023
:108CC00013B28B42028503DB042280F82620018543
:108CD00090F82D1003290DD0022907D0012915D1B4
:108CE000C28D032180F82D10511C0EE0002180F868
:108CF0002D100AE0C18D4A1CB0F9301013B28B421E
:108D0000C28503DB042280F82C20C18590F8331043
:108D100003290DD0022907D0012915D1828E032104
:108D200080F83310511C0EE0002180F833100AE067
:108D3000818E4A1CB0F9361013B28B42828603DB57
:108D4000042280F83220818690F8391003290DD052
:108D5000022907D0012915D1428F032180F839104B
:108D6000511C0EE0002180F839100AE0418F4A1CA6
:108D7000B0F93C1013B28B42428703DB042280F827
:108D80003820418790F83F1003290FD0022909D0DD
:108D900001291AD1B0F84020032180F83F10511C5E
:108DA00011E000BF002180F83F100CE0B0F8401047
:108DB0004A1CB0F9421013B28B42A0F8402004DBE9
:108DC000042280F83E20A0F8401090F845100329B6
:108DD0000ED0022908D0012919D1B0F8462003216C
:108DE00080F84510511C10E0002180F845100CE07F
:108DF000B0F846104A1CB0F9481013B28B42A0F8E4
:108E0000462004DB042280F84420A0F8461090F8A5
:108E10004B1003290ED0022908D0012919D1B0F82E
:108E20004C20032180F84B10511C10E0002180F8E9
:108E30004B100CE0B0F84C104A1CB0F94E1013B2B5
:108E40008B42A0F84C2004DB042280F84A20A0F8D2
:108E50004C1090F8511003290ED0022908D0012996
:108E600019D1B0F85220032180F85110511C10E0A4
:108E7000002180F851100CE0B0F852104A1CB0F9F3
:108E8000541013B28B42A0F8522004DB042280F865
:108E90005020A0F8521090F8571003290ED0022944
:108EA00008D0012919D1B0F85820032180F85710B3
:108EB000511C10E0002180F857100CE0B0F8581059
:108EC0004A1CB0F95A1013B28B42A0F8582004DBA8
:108ED000042280F85620A0F8581090F85D1003295D
:108EE0000ED0022908D0012919D1B0F85E20032143
:108EF00080F85D10511C10E0002180F85D100CE03E
:108F0000B0F85E104A1CB0F9601013B28B42A0F8A2
:108F10005E2004DB042280F85C20A0F85E1090F84C
:108F2000631003290ED0022908D0012919D1B0F805
:108F30006420032180F86310511C10E0002180F8A8
:108F400063100CE0B0F864104A1CB0F9661013B25C
:108F50008B42A0F8642004DB042280F86220A0F891
:108F6000641090F8691003290ED0022908D0012955
:108F700019D1B0F86A20032180F86910511C10E063
:108F8000002180F869100CE0B0F86A104A1CB0F9B2
:108F90006C1013B28B42A0F86A2004DB042280F824
:108FA0006820A0F86A1090F86F1003290ED00229EB
:108FB00008D0012919D1B0F87020032180F86F1072
:108FC000511C10E0002180F86F100CE0B0F8701018
:108FD0004A1CB0F9721013B28B42A0F8702004DB67
:108FE000042280F86E20A0F8701090F87510032904
:108FF0000ED0022908D0012919D1B0F8762003211A
:1090000080F87510511C10E0002180F875100CE0FC
:10901000B0F876104A1CB0F9781013B28B42A0F861
:10902000762004DB042280F87420A0F8761090F8F3
:109030007B1003290ED0022908D0012919D1B0F8DC
:109040007C20032180F87B10511C10E0002180F867
:109050007B100CE0B0F87C104A1CB0F97E1013B203
:109060008B42A0F87C2004DB042280F87A20A0F850
:109070007C1090F88110032914D002290CD001290A
:1090800018BF7047B0F88220032180F88110511C6E
:10909000A0F88210704700BF002180F88110A0F86E
:1090A00082107047B0F882104A1CB0F9841013B2D5
:1090B0008B42A0F88220A2BF042280F88020A0F872
:1090C0008210704710B5D8B10446806CC0B1E06C16
:1090D000B0B1206DA0B1242020700320C2F20000A6
:1090E000A0652069617A0028B1FA81F04FEA50103A
:1090F000E07209D0204601F0DBFF78B140B210BD2C
:10910000FF2040B210BD00BF47F6FC70C0F6010062
:109110002061204601F0CCFF0028EFD149F6FC7019
:109120004AF22C01C0F60100C0F60101C4E90701B2
:1091300041F208000721A0822046A175BDE8104039
:1091400000F07AB8704700002DE9F04381B00D4679
:1091500001468DF803004FF0FF00D5B11446C2B1AF
:10916000207D884214D9A06CC0B1E76CB7B1206DE6
:10917000A0B194F85700012816D163680DF10301DE
:109180002F200122B847A0724FF4E17014E000BF15
:10919000F62040B201B0BDE8F08300BFFF2040B22E
:1091A00001B0BDE8F08300BF63680DF103012F201B
:1091B0000122B847A07214206168226D9047A07AFE
:1091C00020B1FE2040B201B0BDE8F083E0890F2855
:1091D00028D84FF03008002710264FF00009C107AB
:1091E0001CBF0138E08100BFE289F3B29A4255FA10
:1091F00089F15FFA88F005D91A46234600F044F851
:1092000006E000BF234600F03FF8A67BB144B0441F
:109210000028BED13744F9B21029C7F11006E3D1B6
:10922000B7E700BF302029461022234600F02CF873
:1092300040B201B0BDE8F08310B584B00446B0F888
:109240005800800704D4002040B204B010BD00BF15
:10925000A06CA8B1E06C98B1206D88B128208DF881
:10926000000068460121224601F032FA0028EBD1C5
:10927000BDF80400A4F85400002040B204B010BDB2
:10928000FF2040B204B010BD2DE9F04703AF82B01B
:10929000E3B38846996C1D4681B3E96C71B3B8F1AC
:1092A000000F4FF0FF0132D014462A6D7AB3E97AED
:1092B000072321448AB213FA81F121F00701E9461C
:1092C000ADEB0106B546697AD5F848C06B68002950
:1092D00095F857A0314608BF40F08000E047696824
:1092E0002A6DA8721420BAF1010F08BF4FF4E17083
:1092F0009047A87A90B1FE2153E000BFFF21A7F16B
:109300000C0448B2A546BDE8F08700BFFF21A7F1D5
:109310000C0448B2A546BDE8F08700BF002C3FD042
:10932000601E032804F0030C02D200211EE000BFDF
:1093300024F0030208F10103002100BFEC7A581861
:109340003444645C00F8014CEC7A34440C44647896
:109350005C54EC7A34440C44A4784470EC7A344481
:109360000C44E47804318A428470E7D1BCF1000FE8
:1093700016D0E87ABCF1010F0844305C08F801000F
:109380000ED0E87A4A1C1044305CBCF1020F08F899
:10939000020005D0E87A02310844305C08F8010088
:1093A0000021CD46A7F10C0448B2A546BDE8F087E0
:1093B0002DE9F04F8DB0002A01F06C818346906C4E
:1093C0001646002801F06081F06C002801F05C81F5
:1093D000BBF1000F01F05881306D00284FF0FF0005
:1093E00001F0598196F857908846002901F058817C
:1093F00006F11500089006F11C0007900DF1240CF1
:109400004FF0000A34210AFB01F01BF800000AFBB0
:1094100001B7032801D802280CD1B9F1010F09D1F5
:109420000020314602F0CAFB002841F03481387830
:109430000DF1240C1C2801F24581DFE810F09100A9
:10944000BB00EB0043017301A30131003100310087
:10945000D3010302330263021D009302C302F3022D
:10946000230353038303B303E3031304430471048B
:109470001D001D001D009D043078023700212128A9
:10948000CDE90B110A9109913CD0272840F0A48422
:10949000F26D3846314690470DF1240C00F09DBC2A
:1094A000089800210078CDE90B1100280A91099154
:1094B00000F092840799BD1C09680138063111F843
:1094C000062C072A00F09484002800F0858411F807
:1094D000032C072A00F08E84012800F07D840A788E
:1094E000072A00F08A84022800F07684CA78072AC6
:1094F00000F082840438421C01F10C01DFD100F03D
:109500006BBC00BF08980078002801F063800799C1
:10951000421E0968063111F8060C0D2800F09684E9
:10952000002A01F0578011F8030C0D2800F09084F8
:10953000012A01F04F8008780D2800F08C84022A5F
:1095400001F04880C8780D2800F08484043A501C4B
:1095500001F10C014FF00000DDD100F03EBC00BF76
:10956000B06C00284FF00000ADF8240050D0F06C33
:1095700000284DD0306D00284AD04020614602229C
:109580003346FFF781FE0DF1240C002840F02584BE
:109590009DF82410B81C9DF82520CB098370C1F3D9
:1095A000021301F00F01017002F003014370C1705A
:1095B00001F010B8B06C00284FF00000ADF82400A6
:1095C00026D0F06C20B3306D10B3422061460222E9
:1095D0003346FFF759FE0DF1240C002840F0FD83BF
:1095E0009DF82410B81CCB099DF825208370C1F389
:1095F00080134371C1F3011301F00F010170C2F335
:10960000C001C17002F007014370017100F0E2BFB8
:10961000FF20E2E3B06C002801F03680F06C0028F7
:1096200001F03280306D002801F02E806B20614601
:10963000012233466546FFF727FE002841F02B80C4
:109640009DF82400BC1CC0F3401020700020ADF831
:1096500024004B20294602223346FFF715FE00283E
:1096600041F019809DF824009DF825104008CA0992
:10967000E07148B26270C1F38012A270C1F381023E
:1096800001F00301B0F1FF3FE270217109DD04F147
:1096900008014D2001223346FFF7F6FD002840F077
:1096A000FA87442009A901223346FFF7EDFD30B9BE
:1096B0009DF824100A0901F00F01A27161710DF1EA
:1096C000240C8AE3089800210078CDE90B110028CA
:1096D0000A91099100F080830799023709680138DF
:1096E000063111F8062C032A00F0D483002800F07C
:1096F000738311F8032C032A00F0F283012800F091
:109700006B830A78032A00F01284022800F0648335
:10971000CA78032A00F00A840438421C01F10C01C3
:10972000DFD159E3089800210078CDE90B1100281A
:109730000A91099100F050830799BD1C096801380E
:10974000063111F8062C042A00F0A683002800F048
:10975000438311F8032C042A00F0C483012800F08D
:109760003B830A78042A00F03084022800F0348316
:10977000CA78042A00F028840438421C01F10C0144
:10978000DFD129E3089800210078CDE90B110028EA
:109790000A91099100F020830799BD1C09680138DE
:1097A000063111F8062C052A00F07883002800F015
:1097B000138311F8032C052A00F09683012800F08A
:1097C0000B830A78052A00F03084022800F0048315
:1097D000CA78052A00F028840438421C01F10C01E3
:1097E000DFD1F9E2089800210078CDE90B110028BB
:1097F0000A91099100F0F0820799BD1C09680138AF
:10980000063111F8062C092A00F04A83002800F0DE
:10981000E38211F8032C092A00F06883012800F084
:10982000DB820A78092A00F03084022800F0D48212
:10983000CA78092A00F028840438421C01F10C017E
:10984000DFD1C9E2089800210078CDE90B1100288A
:109850000A91099100F0C0820799BC1C096801387F
:10986000063111F8062C0A2A00F01C83002800F0AB
:10987000B38211F8032C0A2A00F03A83012800F081
:10988000AB820A780A2A00F02C84022800F0A48215
:10989000CA780A2A00F024840438421C01F10C0121
:1098A000DFD199E2089800210078CDE90B1100285A
:1098B0000A91099100F090820799BC1C096801384F
:1098C000063111F8062C0B2A00F0EE82002800F079
:1098D000838211F8032C0B2A00F00C83012800F07E
:1098E0007B820A780B2A00F01084022800F0748230
:1098F000CA780B2A00F008840438421C01F10C01DC
:10990000DFD169E2089800210078CDE90B11002829
:109910000A91099100F060820799BC1C096801381E
:10992000063111F8062C0C2A00F0C082002800F045
:10993000538211F8032C0C2A00F0DE82012800F07B
:109940004B820A780C2A00F0F483022800F044824B
:10995000CA780C2A00F0EC830438421C01F10C0197
:10996000DFD139E2089800210078CDE90B110028F9
:109970000A91099100F030820799BD1C09680138ED
:10998000063111F8062C0E2A00F09282002800F011
:10999000238211F8032C0E2A00F0B082012800F077
:1099A0001B820A780E2A00F0D883022800F0148265
:1099B000CA780E2A00F0D0830438421C01F10C0151
:1099C000DFD109E2089800210078CDE90B110028C9
:1099D0000A91099100F0008207990237096801385D
:1099E000063111F8062C0F2A00F06482002800F0DE
:1099F000F38111F8032C0F2A00F08282012800F075
:109A0000EB810A780F2A00F0DA83022800F0E48163
:109A1000CA780F2A00F0D2830438421C01F10C01ED
:109A2000DFD1D9E1089800210078CDE90B11002899
:109A30000A91099100F0D0810799BD1C096801388D
:109A4000063111F8062C102A00F03682002800F0AA
:109A5000C38111F8032C102A00F05482012800F071
:109A6000BB810A78102A00F0E683022800F0B48156
:109A7000CA78102A00F0DE830438421C01F10C0180
:109A8000DFD1A9E1089800210078CDE90B11002869
:109A90000A91099100F0A0810799BD1C096801385D
:109AA000063111F8062C112A00F00882002800F077
:109AB000938111F8032C112A00F02682012800F06E
:109AC0008B810A78112A00F0E883022800F0848153
:109AD000CA78112A00F0E0830438421C01F10C011D
:109AE000DFD179E1089800210078CDE90B11002839
:109AF0000A91099100F070810799BC1C096801382E
:109B0000063111F8062C122A00F0DA81002800F044
:109B1000638111F8032C122A00F0F881012800F06B
:109B20005B810A78122A00F0E883022800F0548151
:109B3000CA78122A00F0E0830438421C01F10C01BB
:109B4000DFD149E1089800210078CDE90B11002808
:109B50000A91099100F040810799BC1C09680138FD
:109B6000063111F8062C132A00F0AC81002800F011
:109B7000338111F8032C132A00F0CA81012800F068
:109B80002B810A78132A00F0CC83022800F024816C
:109B9000CA78132A00F0C4830438421C01F10C0176
:109BA000DFD119E1089800210078CDE90B110028D8
:109BB0000A91099100F010810799BD1C09680138CC
:109BC000063111F8062C142A00F07E81002800F0DE
:109BD000038111F8032C142A00F09C81012800F065
:109BE000FB800A78142A00F0C883022800F0F48071
:109BF000CA78142A00F0C0830438421C01F10C0119
:109C0000DFD1E9E0089800210078CDE90B110028A8
:109C10000A91099100F0E0800799BD1C096801389C
:109C2000063111F8062C152A00F05081002800F0AA
:109C3000D38011F8032C152A00F06E81012800F062
:109C4000CB800A78152A00F0D283022800F0C48065
:109C5000CA78152A00F0CA830438421C01F10C01AD
:109C6000DFD1B9E0089800210078CDE90B11002878
:109C70000A91099100F0B0800799BD1C096801386C
:109C8000063111F8062C162A00F02281002800F077
:109C9000A38011F8032C162A00F04081012800F05F
:109CA0009B800A78162A00F0D683022800F0948060
:109CB000CA78162A00F0CE830438421C01F10C0148
:109CC000DFD189E0089800210078CDE90B11002848
:109CD0000A91099100F080800799BC1C096801383D
:109CE000063111F8062C172A00F0F480002873D0F2
:109CF00011F8032C172A00F0138101286CD00A7880
:109D0000172A00F0DE83022866D0CA78172A00F0EE
:109D1000D7830438421C01F10C01E2D15CE000BFA2
:109D2000089800210078CDE90B1100280A910991CB
:109D300052D00799023709680138063111F8062C0C
:109D4000182A00F0C980002846D011F8032C182AE0
:109D500000F0E88001283FD00A78182A00F0CB8371
:109D6000022839D0CA78182A00F0C4830438421C6B
:109D700001F10C01E2D12FE0089800210078CDE933
:109D80000B110A91099138B30799CDF808900A6828
:109D900007F10209411E901D10F8062C1C2A00F044
:109DA0009D80A9B110F8032C1C2A00F0BD80012968
:109DB0000ED002781C2A00F00884022908D0C2784C
:109DC0001C2A00F0018404394A1C00F10C00E3D184
:109DD000DDF80890F82000E0F820010640F05B84F0
:109DE0000AF1010AC2457FF40DAB00F059BC00BF77
:109DF000063902E0033900E0033148788C78614687
:109E00003246FFF7A1F90DF1240C0028E5D1601CC2
:109E1000C0B21CF804101CF80000A21C60F3092159
:109E2000C0F3800029806880E01CD1B21CF80110CA
:109E3000C0B21CF8000001F00F020909AA80E980F5
:109E4000287286F8272086F82810C3E3063902E036
:109E5000033900E0033148788C7861463246FFF7D9
:109E600073F90DF1240C0028B7D1601CC0B21CF8A6
:109E700004101CF80000C1F3420241EA0020C1F3C3
:109E80000011C0F343103A807980388286F82C00A4
:109E9000A0E300BF06394AE0063996E00639C4E07F
:109EA0000639F2E006391CE106392EE1063940E1B7
:109EB000063952E1063982E10639BCE10639ECE1A6
:109EC00006391AE206392CE2063956E206398EE2E4
:109ED0000639C0E20639F4E206390CE3063874E3C9
:109EE000033924E0033970E003399EE00339CCE004
:109EF0000339F6E0033908E103391AE103392CE1AB
:109F000003395CE1033996E10339C6E10339F4E131
:109F1000033906E2033930E2033968E203399AE291
:109F20000339CEE20339E6E203384EE303314878E1
:109F30008C7861463246FFF707F90DF1240C0028B2
:109F40007FF44BAF601CC0B21CF804101CF800007A
:109F5000A21C41EA00203880E01CD1B2C0B21CF83B
:109F600001101CF80000221D41EA00207880601DCD
:109F7000D1B2C0B21CF801101CF80000A21D41EAC9
:109F80000020B880E01DD1B2C0B21CF801101CF84E
:109F9000000004F1080241EA0020F88004F1090001
:109FA000D1B2C0B21CF801101CF8000004F10A0282
:109FB00041EA0020D1B21CF801103881C1F34300FE
:109FC000788186F8240005E3033148788C7861466F
:109FD0003246FFF7B9F80DF1240C00287FF4FDAEEE
:109FE000601CC0B21CF804101CF80000A21C41EA5E
:109FF00000216FF35F312980C0F34011A980C0F3C5
:10A000008011E980E11CD2B2C9B21CF802201CF810
:10A010000110C009288161F30A22C1F3C3006A80DC
:10A02000688186F82500D5E2033148788C7861464E
:10A030003246FFF789F80DF1240C00287FF4CDAEED
:10A04000601CC0B21CF804101CF80000A21C41EAFD
:10A0500000216FF35F312980C0F34011A980C0F364
:10A060008011E980E11CD2B2C9B21CF802201CF8B0
:10A070000110C009288161F30A22C1F3C3006A807C
:10A08000688186F82600A5E2033148788C7861461D
:10A090003246FFF759F80DF1240C00287FF49DAEED
:10A0A000601CC0B21CF804101CF80000A21C60F375
:10A0B0000A21E01C2980D1B2C0B21CF801101CF8A2
:10A0C0000000221D60F30A21601DD2B2C0B21CF84C
:10A0D00002201CF80000698060F30A22AA8079E25D
:10A0E000033148788D7861463246FFF72DF80DF13F
:10A0F000240C00287FF471AE1CF80500C0F3430067
:10A10000208086F8290065E2033148788D78614621
:10A110003246FFF719F80DF1240C00287FF45DAEEC
:10A120001CF80500C0F34300208086F82A0051E2A5
:10A13000033148788D7861463246FFF705F80DF116
:10A14000240C00287FF449AE1CF80500C0F343003E
:10A15000208086F82B003DE2033148788C786146F8
:10A160003246FEF7F1FF0DF1240C00287FF435AEE6
:10A17000601C1CF80410C0B21CF80000C1F34003BE
:10A1800041EA00202B80C1F38103C1F30111A21C1D
:10A19000A980E11CD2B2C9B21CF802201CF801103F
:10A1A000C0F38510E88061F30A22C1F3C3006B801D
:10A1B0002A81688186F82D000CE200BF03314878BF
:10A1C0008C7861463246FEF7BFFF0DF1240C002863
:10A1D0007FF403AE601CC0B21CF804101CF8000031
:10A1E000A21C60F30E21E01C3980D1B2C0B21CF871
:10A1F00001101CF80000221D60F30B217980C0F3D0
:10A200000011B980C0F34011F980611DD2B2C9B20A
:10A210001CF802201CF80110C0F38010388142EABB
:10A2200001206FF31F3078810809B88186F82E006D
:10A23000D0E100BF033148788C7861463246FEF7A2
:10A2400083FF0DF1240C00287FF4C7AD601CC0B261
:10A250001CF804101CF80000A21C60F30E21E01C86
:10A260002980D1B2C0B21CF801101CF80000221DD8
:10A2700060F30B21601DD2B2C0B21CF802201CF8A2
:10A280000000698042EA00216FF31F310009A980B4
:10A29000E88086F82F009DE1033148788C7861468C
:10A2A0003246FEF751FF0DF1240C00287FF495ADE6
:10A2B000601CC0B21CF804101CF80000A21C41EA8B
:10A2C0000023C1F345012980C3F3C1116980E11C5A
:10A2D000D2B2C9B21CF802201CF80110C0F343002E
:10A2E00042EA012102F03F02C1F387112881AA80CE
:10A2F000E98086F830006DE1033148788D78614659
:10A300003246FEF721FF0DF1240C00287FF465ADE5
:10A310001CF80500C0F34300208086F8310059E1A5
:10A32000033148788D7861463246FEF70DFF0DF116
:10A33000240C00287FF451AD05F0FE003CF800002D
:10A34000C0F300112180012101EB55013CF81110EF
:10A3500000F00F00608086F83200A1800220032107
:10A3600000EB550001EB55013CF810003CF81110D2
:10A37000E08021812EE100BF033148788C7861466E
:10A380003246FEF7E1FE0DF1240C00287FF425ADE6
:10A3900004F0FE003CF80000022100F00F002880CD
:10A3A00086F83300012000EB540001EB54013CF827
:10A3B00010003CF811106880A9800320042100EBF4
:10A3C000540001EB54013CF810003CF81110E880F7
:10A3D00029810520062100EB540001EB54013CF8D3
:10A3E00010003CF811106881A981F3E0033148782E
:10A3F0008C7861463246FEF7A7FE0DF1240C00284A
:10A400007FF4EBAC04F0FE0001213CF8000001EB0E
:10A4100054013CF8111000F00F00288086F833003A
:10A4200069800220032100EB540001EB54013CF849
:10A4300010003CF81110A880E9800420052100EBF1
:10A44000540001EB54013CF810003CF81110288135
:10A450006981BFE0033148788C7861463246FEF767
:10A4600073FE0DF1240C00287FF4B7AC04F0FE005D
:10A4700029781CF8000001F0E001C0F3001211443B
:10A4800000F00F0041EA4001297086F832000120F7
:10A49000022100EB540001EB54013CF810003CF8A1
:10A4A00011106880A9800320042100EB540001EB07
:10A4B00054013CF810003CF81110E880298189E033
:10A4C000033148788D7861463246FEF73DFE0DF146
:10A4D000240C00287FF481AC1CF8050000F0010179
:10A4E0002170C0F341016170C0F38011C009E170B7
:10A4F00020716FE0033148788C7861463246FEF770
:10A5000023FE0DF1240C00287FF467ACA01CE11C95
:10A51000C0B2C9B21CF800001CF80110621D40EA6C
:10A520000120211DC9B2D2B21CF801101CF8022072
:10A53000788041EA0220A11DE21DC9B2D2B21CF806
:10A5400001101CF80220B88041EA0220F88004F1D2
:10A55000080004F10901C0B2C9B21CF800001CF8DF
:10A56000011004F10F0340EA0120388104F10A00D0
:10A5700004F10B01C0B2C9B21CF800001CF80110B4
:10A58000DBB240EA0120788104F10C0004F10D01F6
:10A59000C0B2C9B21CF800001CF801101CF804205D
:10A5A00040EA012004F10E01C9B21CF801101CF8A8
:10A5B0000330C2F34302B88141EA03203A80F881B4
:10A5C00086F8342006E000BF03304178FC2905D925
:10A5D000DDF808900020FFF700BC00BF06968678E3
:10A5E000CDE900B801F1030B0025102000248846B6
:10A5F00005900396084604910AE000BF0DF1240C73
:10A6000008F101085FFA88F15FFA8BF2914233D8C2
:10A610005FFA88F7069A38466146FEF795FD0028EE
:10A62000ECD104998F425FFA8BF188BF00268F42EC
:10A630000399059BF2B208BF8B1CD9B28A420593DD
:10A64000DCD232460DF1240C0CE000BFD2B21CF873
:10A650000220EFB2224329F81720DAB201358A42EC
:10A660001A46CDD2531CDFB28F42EFD21CF80770CE
:10A67000931C3C02EAE700BF069EDDE900B8DDF866
:10A680000890FFF7AABB00BFFF2040B20DB0BDE8A5
:10A69000F08F00BFFF2040B20DB0BDE8F08F00BFCB
:10A6A000B9F1010F08D10120314601F087FA40B21B
:10A6B0000DB0BDE8F08F00BF002040B20DB0BDE886
:10A6C000F08F00BFF82040B20DB0BDE8F08F000061
:10A6D0002DE9F04F87B0DAB10646906C144688B188
:10A6E000E06C78B14FF0FF009EB10D46216D81B155
:10A6F000002D4FF0000A00F04F8494F857B0002767
:10A70000002012E0FF2040B207B0BDE8F08F00BF8C
:10A71000FF2040B207B0BDE8F08F00BF0120214606
:10A7200001F04CFA0137AF42F3D03901715C0429D2
:10A7300006D3BBF1010F03D10020214601F03EFA00
:10A740000106EFD106EB071898F80010F8202D2924
:10A75000DFD8DFE811F061007700BD002F002F0087
:10A760002F002F00C700F70027012F002F002F0018
:10A770002F00570187012F002F002F0031002F00DD
:10A780002F0031002F002F002F002F002F002F004F
:10A790002F002F002F00B7012F002F002F002F00B8
:10A7A0002F00E701170243022F002F002F002F0078
:10A7B000710200BFADE700BFA07DCDE904AA00286B
:10A7C000CDF80CA0CDF808A000F05D82216A08F158
:10A7D00004080138063111F8062C132A00F07C8297
:10A7E000002800F0508211F8032C132A00F0768222
:10A7F000012800F048820A78132A00F072820228A9
:10A8000000F04182CA78132A00F06A820438421CA0
:10A8100001F10C01DFD136E20C2069460622234605
:10A82000ADF804A0CDF800A0FEF72EFD002840F002
:10A830002B82BDF80010DDF80220ADF80810CDF82D
:10A840000A2020E01220694606222346ADF804A023
:10A85000CDF800A0FEF718FD002840F01582B4F9ED
:10A860005420BDF90430BDF800C05A43D117BDF8DB
:10A8700002E002EBD151ACEB5121ADF80810ADF87C
:10A880000AE0ADF80C3094F8351094F838300DF13A
:10A89000080939F8111094F836E094F837C0002B05
:10A8A00018BF4942A8F8041094F8391039F81E204E
:10A8B000002918BF5242A8F8062094F83A1039F837
:10A8C0001C20002918BF5242A8F80820DCE100BF74
:10A8D000E07DCDF80CA00028CDF808A000F0EC81B8
:10A8E000F220D1E1A07DCDE904AA0028CDF80CA08A
:10A8F000CDF808A000F0C781216A08F104080138EA
:10A90000063111F8062C072A00F0FA81002800F021
:10A91000BA8111F8032C072A00F00082012800F008
:10A92000B2810A78072A00F00882022800F0AB8181
:10A93000CA78072A00F000820438421C01F10C0199
:10A94000DFD1A0E1A07DCDE904AA0028CDF80CA0BC
:10A95000CDF808A000F09781216A08F104080138B9
:10A96000063111F8062C082A00F0B681002800F004
:10A970008A8111F8032C082A00F0B081012800F028
:10A9800082810A78082A00F0AC81022800F07B81DD
:10A99000CA78082A00F0A4810438421C01F10C0195
:10A9A000DFD170E1A07DCDE904AA0028CDF80CA08C
:10A9B000CDF808A000F06781216A08F10408013889
:10A9C000063111F8062C092A00F09C81002800F0BD
:10A9D0005A8111F8032C092A00F0A281012800F005
:10A9E00052810A78092A00F0CC81022800F04B81BC
:10A9F000CA78092A00F0C4810438421C01F10C0114
:10AA0000DFD140E1A07DCDE904AA0028CDF80CA05B
:10AA1000CDF808A000F03781216A08F10408013858
:10AA2000063111F8062C0E2A00F06E81002800F085
:10AA30002A8111F8032C0E2A00F07481012800F0FD
:10AA400022810A780E2A00F0BC81022800F01B81C6
:10AA5000CA780E2A00F0B4810438421C01F10C01BE
:10AA6000DFD110E1A07DCDE904AA0028CDF80CA02B
:10AA7000CDF808A000F00781216A08F10408013828
:10AA8000063111F8062C0F2A00F02681002800F06C
:10AA9000FA8011F8032C0F2A00F02081012800F021
:10AAA000F2800A780F2A00F01C81022800F0EB8067
:10AAB000CA780F2A00F014810438421C01F10C01FD
:10AAC000DFD1E0E0A07DCDE904AA0028CDF80CA0FC
:10AAD000CDF808A000F0D780216A08F104080138F9
:10AAE000063111F8062C202A00F01081002800F011
:10AAF000CA8011F8032C202A00F01681012800F0EA
:10AB0000C2800A78202A00F07481022800F0BB80FD
:10AB1000CA78202A00F06C810438421C01F10C0133
:10AB2000DFD1B0E0A07DCDE904AA0028CDF80CA0CB
:10AB3000CDF808A000F0A780216A08F104080138C8
:10AB4000063111F8062C262A00F0E280002800F0D9
:10AB50009A8011F8032C262A00F0E880012800F0E2
:10AB600092800A78262A00F06481022800F08B8007
:10AB7000CA78262A00F05C810438421C01F10C01DD
:10AB8000DFD180E0A07DCDE904AA0028CDF80CA09B
:10AB9000CDF808A077D0216A08F104080138063101
:10ABA00011F8062C272A00F0B58000286BD011F888
:10ABB000032C272A00F0BC80012864D00A78272AB9
:10ABC00000F05D8102285ED0CA78272A00F0568105
:10ABD0000438421C01F10C01E2D154E0B4F85800F1
:10ABE000CDE904AA8006CDF80CA0CDF808A055D474
:10ABF000A07D002847D0216A0138063111F8062CC3
:10AC0000282A00F0AB8100283DD011F8032C282A17
:10AC100000F0A681012836D00A78282A00F0A38106
:10AC2000022830D0CA78282A00F09C810438421CBF
:10AC300001F10C01E2D126E0A07DCDE904AACDF816
:10AC40000CA0CDF808A0F0B1216A08F10408013881
:10AC5000063111F8062C2D2A5ED0A0B111F8032C74
:10AC60002D2A67D001280ED00A782D2A00F02381E2
:10AC7000022808D0CA782D2A00F01C810438421C12
:10AC800001F10C01E5D1F82001067FF442ADBBF1E2
:10AC9000010F3FF443AD002044E500BF1E2069468C
:10ACA00001222346FEF7F0FA0028EDD19DF80000BE
:10ACB000410648BF803869E1042002A908222346E2
:10ACC000FEF7E2FA0028DFD1DDE9022108F10400F5
:10ACD000416002605DE100BF063902E0033900E037
:10ACE0000331487891F8029002A92246FEF72CFA27
:10ACF0000028C9D102A810F8090088F8000048E12E
:10AD000006391AE006393CE006395AE0063970E0A7
:10AD100006398EE00639B2E00639CCE003390CE0A2
:10AD200003392EE003394CE0033962E0033980E057
:10AD30000339A4E00339BEE00331487891F802906A
:10AD400002A92246FEF700FA00287FF49DAF09F120
:10AD5000010002ABC0B213F80910185C09F102023D
:10AD600041EA002009F10301D2B29A5CC9B2595CF0
:10AD700040EA024040EA0160C8F8000009E100BF73
:10AD80000331487891F8029002A92246FEF7DCF9D7
:10AD900000287FF479AF02A810F8090000F0010143
:10ADA00088F80010C0F3400188F80110C0F380015A
:10ADB000C0F3C20088F8021088F80300E9E000BF81
:10ADC0000331487891F8029002A92246FEF7BCF9B7
:10ADD00000287FF459AF02A810F8090000F0030121
:10ADE000C0F3800088F8001088F80100D1E000BFAF
:10ADF0000331487891F8029002A92246FEF7A4F99F
:10AE000000287FF441AF02A810F8090000F001010A
:10AE100088F80010C0F3400188F80110C0F38001E9
:10AE2000C0F3C00088F8021088F80300B1E000BF4A
:10AE30000331487891F8029002A92246FEF784F97E
:10AE400000287FF421AF09F10100C0B202A9085C1B
:10AE500000F0010188F80010C0F3400188F80110EB
:10AE6000C0F3800188F80210C0F3C001C0F30010E5
:10AE700088F8031088F804008BE000BF033148789D
:10AE800091F8029002A92246FEF75EF900287FF4AD
:10AE9000FBAE09F10100C0B202A9085CC0F3401189
:10AEA00088F80010C0F38011C00988F8011088F8F4
:10AEB00002006EE00331487891F8029002A9224620
:10AEC000FEF742F900287FF4DFAE09F1010002AB82
:10AED000C0B213F80910185C09F1020241EA00201F
:10AEE000A8F8000009F10300D1B2C0B2595C185CA7
:10AEF00009F1040241EA0020A8F8020009F1050066
:10AF0000D1B2C0B2595C185C09F1060241EA0020D6
:10AF1000A8F8040009F10700D1B2C0B2595C185C6E
:10AF200009F1080241EA0020A8F8060009F1090029
:10AF3000D1B2C0B2595C185C09F10A0241EA0020A2
:10AF400009F10B01D2B2C9B29A5C595CA8F80800A9
:10AF500042EA0120A8F80A001BE000BF063902E01F
:10AF6000033900E00331487891F8029002A92246A3
:10AF7000FEF7EAF800287FF487AE02A810F809006F
:10AF8000410654BF00F07F0060F07F0008F104012B
:10AF90000880002078E600BF002040B207B0BDE87E
:10AFA000F08F0000F0B10121417240F67551C2F2FC
:10AFB000000169220A70416043F65931C0F601016F
:10AFC00043F65D3243F6BD3301650821C0F6010248
:10AFD000C0F60103C1810021C0E91223016148B21A
:10AFE000704700BFFF2148B27047000070B582B0C3
:10AFF0001446054600200E468DF807000DF10701A6
:10B00000582001222346FEF73FF918B140B202B0A2
:10B0100070BD00BF032E0BD81CD82801DFE806F056
:10B02000020C10149DF80710284321EA00000FE0DD
:10B03000F42040B202B070BD9DF80700284307E03D
:10B040009DF8071003E000BF9DF80710294308434F
:10B050008DF80700A4B1A06C90B1E66C86B1206DAC
:10B0600070B194F8570001280ED163680DF1070103
:10B0700058200122B047A0724FF4E1700CE000BFED
:10B08000FF2040B202B070BD63680DF10701582087
:10B090000122B047A07214206168226D9047A07A07
:10B0A000002818BF6FF0010040B202B070BD000070
:10B0B00010B582B0044600208DF80700A4B1A06C42
:10B0C00090B1E06C80B1206D70B1204603F0A2FB1E
:10B0D00038B90DF10701002001222346FEF7D4F80C
:10B0E00030B140B202B010BDFF2040B202B010BD7E
:10B0F0009DF807002178884210D11020207301208C
:10B10000E07540F20010C0F20200C4F835000020E3
:10B11000A4F8390040B202B010BD00BF2070FD207D
:10B1200040B202B010BD00002DE9F04786B0DAB1A0
:10B130009046926C92B1D8F84C207AB170B1D8F8A0
:10B140005020FF278AB14FF0000C99B1C1F1000ED9
:10B150004FF0000A00250022002719E0FF2778B2EF
:10B1600006B0BDE8F08700BFFF2778B206B0BDE8A3
:10B17000F08700BF4FF0000A002568E2F8272FE0B3
:10B1800001324AEA040A8A4245EA030500F05C8279
:10B19000835C222B28D8DFE813F09F01A501AB01C7
:10B1A000B700BB00BF00C300FF000301C700CB0016
:10B1B000CF00D3000701D7000B010F01DB00DF0038
:10B1C000E300E700EB00EF0029022F021301170153
:10B1D000F30027002700270053022300F700FB009D
:10B1E00000240123CCE700BF0EEB02035C1C00F03F
:10B1F0003D8284186778222F26D8DFE817F0E9000F
:10B2000009010B010D01EB000F01ED00EF00F10052
:10B21000F300F50011011301F700F9001501FB001F
:10B220001701FD0019011B01FF001D0101010301B0
:10B23000050107011F01250025002500210123002C
:10B2400023012501013299E79E1C00F00F82A778A7
:10B25000222F25D8DFE817F0FC00FE0000010201D4
:10B260000401060108010A010C010E01100112017E
:10B270001401160118011A011C011E0120012201EE
:10B280002401260128012A012C012E01300132015E
:10B290002400240024003401360138013A0100BFA3
:10B2A000033300F0E381E378222B25D8DFE813F0A5
:10B2B000120118011E0124012A01300136013C014E
:10B2C000420148014E0154015A01600166016C01BE
:10B2D000720178017E0184018A01900196019C012E
:10B2E000A201A801AE01B401240024002400C6017B
:10B2F000BA01BC01C20100BF04321EEB02034FF0D1
:10B30000F8077FF445AF30E70023082438E700BF93
:10B310000023102434E700BF0023202430E700BFBF
:10B32000002340242CE700BF00234FF4007427E7DC
:10B3300000234FF4806423E700234FF400641FE7E9
:10B3400000234FF480541BE700234FF4804417E799
:10B3500000234FF4003413E700234FF480240FE759
:10B3600000234FF400240BE700234FF4801407E779
:10B3700000234FF4001403E700234FF48004FFE69A
:10B3800000234FF00064FBE602230024F8E600BF30
:10B3900000240423F4E600BF00238024F0E600BF6D
:10B3A00000234FF48074EBE600234FF40054E7E6EB
:10B3B00000234FF40044E3E600234FF48034DFE63B
:10B3C00000234FF00074DBE600234FF08064D7E6E3
:10B3D000013280E0013296E00132A0E00132A4E0C7
:10B3E0000132A8E00132ACE00132B0E00132C0E04D
:10B3F0000132C4E00132CEE00132D8E00132E8E0AF
:10B400000132F2E00132F6E00132FAE00132FEE010
:10B41000013266E001326AE001326EE0013278E02A
:10B4200001329AE001329EE00132AEE00132B8E032
:10B430000132C2E00132C6E00132D0E00132ECE07C
:10B440000132FCE00132F0E001320423EEE000BF03
:10B45000023240E0023244E0023248E002324CE084
:10B46000023250E0023254E0023258E002325CE034
:10B47000023260E0023264E0023268E002326CE0E4
:10B48000023270E0023274E0023278E002327CE094
:10B49000023280E0023284E0023288E002328CE044
:10B4A000023290E0023294E0023298E002329CE0F4
:10B4B0000232A0E00232A4E00232A8E00232ACE0A4
:10B4C0000232BCE0023259E60232AEE0023204231C
:10B4D000ACE000BF0332F8270124002350E600BF90
:10B4E0000332F827022400234AE600BF0332F8277C
:10B4F0000424002344E600BF033200230824F82775
:10B500003EE600BF033200231024F82738E600BFD0
:10B51000033200232024F82732E600BF0332002341
:10B520004024F8272CE600BF033200238024F827AC
:10B5300026E600BF033200234FF48074F8271FE68D
:10B54000033200234FF40074F82719E60332002376
:10B550004FF48064F82713E6033200234FF40064AD
:10B56000F8270DE6033200234FF48054F82707E64E
:10B57000033200234FF40054F82701E6033200237E
:10B580004FF48044F827FBE5033200234FF40044D6
:10B59000F827F5E5033200234FF48034F827EFE570
:10B5A000033200234FF40034F827E9E50332002387
:10B5B0004FF48024F827E3E5033200234FF40024FE
:10B5C000F827DDE5033200234FF48014F827D7E590
:10B5D000033200234FF40014F827D1E5033200238F
:10B5E0004FF48004F827CBE50332F8274FF400042A
:10B5F0000023C5E50332F8274FF080740023BFE530
:10B60000033200234FF00074F827B9E5033200231A
:10B610004FF08064F827B3E5033200234FF0006455
:10B62000F827ADE50332A9E5033202230024F82709
:10B63000A6E500BF03320423F8E700BF0332F82772
:10B640004FF0004400239BE538067FF48EAD0DF1EA
:10B6500007017D20012243468DF807C0FDF714FE47
:10B6600050B1074678B206B0BDE8F087F82778B247
:10B6700006B0BDE8F08700BF5FEACA7042D15FEA5A
:10B680008A7048D45FEA4A704ED45FEADA7005D017
:10B690009DF8070040F008008DF807000724C8F265
:10B6A00000041AEA040F4FF0000947D0D8F8480008
:10B6B000002800F05B82D8F84C70002F00F0568212
:10B6C000D8F85000002800F05182D8F8043098F8DB
:10B6D00057600DF107017D200122B8471422012E89
:10B6E00008BF4FF4E172D8F80410D8F8503088F849
:10B6F0000A001046984798F80A00002818BF6FF013
:10B7000001001CE09DF8070040F004008DF80700E0
:10B710005FEA8A70B6D59DF8070040F002008DF808
:10B7200007005FEA4A70B0D59DF8070040F00100BD
:10B730008DF807005FEADA70AAD1AFE70020B4F114
:10B740000F0169F1010201EA0A012A4011433FF4A5
:10B7500088AF01067FF485AF98F85740012C06D1D9
:10B760000020414600F02AFA00287FF47AAF5FEA11
:10B770000A7008F140070AD50120414607F0D0F8C9
:10B7800000287FF46EAF386840F0080038601AF087
:10B7900010000AD00120414606F092F900287FF4FB
:10B7A00060AF386840F0100038601AF020000AD00E
:10B7B0000120414606F0BCFF00287FF452AF3868F4
:10B7C00040F0200038601AF040000AD001204146C5
:10B7D00007F09CFA00287FF444AF386840F040003E
:10B7E00038601AF080000AD00120414607F010FAB4
:10B7F00000287FF436AF386840F0800038601AF4D3
:10B8000080700AD00120414607F084F900287FF4B7
:10B8100028AF386840F4807038601AF400700AD09D
:10B820000120414606F00CFE00287FF41AAF38686C
:10B8300040F4007038601AF480600AD0012041465C
:10B8400007F0E2FA00287FF40CAF386840F480601B
:10B8500038601AF400600AD00120414607F0CCFBA2
:10B8600000287FF4FEAE386840F4006038601AF4B7
:10B8700080500AD00120414606F01EFC00287FF4CB
:10B88000F0AE386840F4805038601AF400500ED0A2
:10B8900098F8000021280AD10120414607F028FC31
:10B8A00000287FF4DEAE386840F4005038601AF0AB
:10B8B00000700AD00120414607F0B0F800287FF45C
:10B8C000D0AE386840F0007038601AF080600AD05E
:10B8D0000120414606F070F900287FF4C2AE3868B6
:10B8E00040F0806038601AF000600AD001204146C4
:10B8F00007F006FB00287FF4B4AE386840F0006023
:10B9000038601AF480400AD00120414606F08CFFCE
:10B9100000287FF4A6AE386840F4804038601AF4FE
:10B9200000400AD00120414606F008FE00287FF4BE
:10B9300098AE386840F4004038601AF480300AD07D
:10B940000120414606F076FE00287FF48AAE386872
:10B9500040F4803038601AF400300AD001204146AB
:10B9600006F0B2FA00287FF47CAE386840F400306C
:10B9700038601AF480200AD00120414606F098F978
:10B9800000287FF46EAE386840F48020386015F0EF
:10B9900002000AD00120414606F0D6FC00287FF4C0
:10B9A00060AE786840F0020078601AF400200AD097
:10B9B0000120414607F018FC00287FF452AE386899
:10B9C00040F4002038601AF480100AD0012041466B
:10B9D00007F002FD00287FF444AE386840F4801080
:10B9E00038601AF480000AD00120414607F078FC44
:10B9F00000287FF436AE386840F4002038601AF42E
:10BA000000100AD00120414607F062FD00287FF4B3
:10BA100028AE386840F48010386015F004000AD071
:10BA20000120414605F0D0FF00287FF41AAE786867
:10BA300040F00400786015F001000AD00120414672
:10BA400006F0B2F900287FF40CAE786840F00100EF
:10BA500078601AF4000019D11AF080700AD0012021
:10BA6000414606F0ADFA00287FF4FBAD386840F09F
:10BA700080703860012C33D10120414600F09EF8DF
:10BA8000074678B206B0BDE8F08700BF98F8150009
:10BA90000021CDE9041103910291D8B1D8F81C100E
:10BAA0000138063111F8062C172A1FD090B111F871
:10BAB000032C172A1CD001280CD00A78172A1AD078
:10BAC000022807D0CA78172A14D00438421C01F182
:10BAD0000C01E7D1F820074678B206B0BDE8F08740
:10BAE0000020074678B206B0BDE8F087063902E0CC
:10BAF000033900E0033148780DF108098D78494693
:10BB00004246FDF721FB00287FF4ABAD19F8050094
:10BB1000D8F8481040F0010009F8050031B3D8F812
:10BB20004C501DB3D8F8500000B398F857000128C6
:10BB300022D10025D8F80430D8F84C6005F1300047
:10BB400009EB0501C0B20122B047D8F80410D8F8BB
:10BB5000502088F80A004FF4E170904798F80A00E6
:10BB6000D0B90F2D05F10105E4D115E0FF200746FE
:10BB700078B206B0BDE8F087D8F8043002A93020CA
:10BB80001022A847D8F80410D8F8502088F80A00E6
:10BB90001420904798F80A0030B1FE20074678B28A
:10BBA00006B0BDE8F08700BF386840F40000386098
:10BBB0001AF080707FF453AF5CE70000B0B582B03C
:10BBC000054600208DF8070091B1886C0C4678B1CD
:10BBD000E06C68B1206D58B10DF107017C200122A5
:10BBE0002346FDF751FB38B140B202B0B0BD00BFF3
:10BBF000FF2040B202B0B0BD9DF80700A26C00F07B
:10BC0000FE0005F0010108448DF8070092B1E56CD3
:10BC100085B1206D70B194F85700012814D1636884
:10BC20000DF107017C200122A847A0724FF4E170BA
:10BC300012E000BF6168226D4FF4FA709047F32064
:10BC400040B202B0B0BD00BF63680DF107017C20B7
:10BC50000122A847A07214206168226D90479DF8C8
:10BC60000700226D00F001006168A57A84F8570092
:10BC70004FF4FA7090471DB1F32040B202B0B0BD4E
:10BC80009DF8070000F0010084F85700002040B242
:10BC900002B0B0BD2DE9F04381B0ABB30646986C5D
:10BCA0001C4658B3E76C4FB389464FF0FF0061B3B1
:10BCB000216D51B3607A94F85710002808BF06F040
:10BCC0007F06012926D172B3C2F10008002700BF08
:10BCD0006368E56CF01909EB0701C0B20122A847BF
:10BCE0006168226DA0724FF4E1709047A07AD0B9DC
:10BCF00008EB070001370130EAD114E0FF2040B221
:10BD000001B0BDE8F08300BFFF2040B201B0BDE844
:10BD1000F08300BF636830464946B8476168226DCA
:10BD2000A072142090477C2E05D199F8000000F0F5
:10BD3000010084F85700A07A002818BF6FF00100B6
:10BD400040B201B0BDE8F0832DE9F04F9BB0CAB31B
:10BD50009046044658F8480F9346002802F0308574
:10BD60008A46594651F84C0F0028149102F0288554
:10BD7000002C02F02585594651F8500FFF271191EC
:10BD800008B3584610F8571FBAF1000F12910C90E3
:10BD900002F01C850BF11C000F900BF104001390B6
:10BDA0000BF10A00109017A80BF11509411C083877
:10BDB0000491079034250026CDF838A0CDF82C90BA
:10BDC00016E000BFFF2778B21BB0BDE8F08F00BFC0
:10BDD000DDF814B0FE275446C246C846DDF82C9064
:10BDE00034253806EFD1159E0136564502F0EE8413
:10BDF0001298012806D100205946FFF7DFFE0028DF
:10BE000042F0038506FB05F0205C1C2802F2F68454
:10BE10001596DFE810F09700A300AF009901CD015F
:10BE20000102370037003700350267029902CB0262
:10BE30001D00FD02310361039303C703F9032B04C3
:10BE40005D048F04BF04ED041D001D001D002105CD
:10BE500006FB05400021851C9BF80000CDE9191167
:10BE600021281891179141D0272840F0ED84DBF864
:10BE70006020284659469047074634253806B2D0F8
:10BE8000A1E700BF99F800000021CDE91911189130
:10BE9000179118B306FB0541013801F102090F990A
:10BEA0000968063111F8062C072A00F01985A8B197
:10BEB00011F8032C072A00F0158501280ED00A7806
:10BEC000072A00F01285022808D0CA78072A00F055
:10BED0000B850438421C01F10C01E3D1DDF82C90F4
:10BEE000F82738063FF47FAF6DE700BF99F80000F0
:10BEF000002800F0ED840F9901380968063111F827
:10BF0000062C0D2A00F03285002800F0E18411F89B
:10BF1000032C0D2A00F08685012800F0D9840A78C8
:10BF20000D2A00F08285022800F0D284CA780D2AFA
:10BF300000F07A8504380C31421C4FF00007DED146
:10BF40004EE700BF06FB05405946023005F09AFC5B
:10BF5000074638063FF447AF35E700BF06FB05400C
:10BF60005946023006F024F9074638063FF43BAF45
:10BF700029E700BF06FB0541C8798D1C40B90120A7
:10BF800068719BF8080040F001008BF808006879A0
:10BF90000C28069407D30B2068719BF8080040F02A
:10BFA00002008BF808006B2017A901225B46FDF701
:10BFB0006BF9002842F029849DF85C002978D8F8B4
:10BFC000002000F0DF0061F34510002A8DF85C00CE
:10BFD00002F0F68314980768002F02F0F183CDF881
:10BFE0002880DDF84480D8F80000002802F0E883BB
:10BFF000139C0C98CDF814B023680DF15C0B0678F7
:10C000006B2059460122B8471422012E08BF4FF475
:10C01000E1722168109CD8F80030207010469847D3
:10C020002078002842F0F0835946DDF814B0002053
:10C03000ADF85C008DF85B004B2002225B46FDF7FB
:10C0400023F9002842F0E1839DF85C00EA799DF82D
:10C050005D1000F0010040EA42008DF85C0001F044
:10C0600030006978EB78AA782F7940EAC11063F341
:10C07000830062F3861007F00301119FDDF838A0FA
:10C08000DDF828802C460844002634258DF85D0014
:10C090000BE000BF13983A68016842F210709047B5
:10C0A000142E06F1010682F0A383D8F800000028C0
:10C0B000F0D0149800680028ECD038680028E9D047
:10C0C00003200DF15B0101225B46FDF7DDF800283E
:10C0D000E0D19DF85B004007DCD4D8F800000028D0
:10C0E00001F0748214980768002F01F06F82119894
:10C0F0000068002801F06A820C980078012842F05C
:10C10000DF821498139D07682B684B2017A9012222
:10C11000B8471199DDF814B00A682968109D287095
:10C120004FF4E17090472F78002F42F0D882149896
:10C13000139D07682B6804994C200122B8474FF4DF
:10C14000E17202F0C4BA00BF99F800000021002893
:10C15000CDE919111891179100F01C8206FB0541D9
:10C16000013801F1020A0F990968063111F8062C0D
:10C17000032A00F08784002800F00C8211F8032CB9
:10C18000032A00F0AB84012800F004820A78032A15
:10C1900000F0CF84022800F0FD81CA78032A00F065
:10C1A000C7840438421C01F10C01DFD1F2E100BF69
:10C1B00099F8000000210028CDE919111891179174
:10C1C00000F0E88106FB0541013801F1020A0F99F0
:10C1D0000968063111F8062C042A00F0558400285D
:10C1E00000F0D88111F8032C042A00F0798401288A
:10C1F00000F0D0810A78042A00F0E584022800F0DB
:10C20000C981CA78042A00F0DD840438421C01F197
:10C210000C01DFD1BEE100BF99F800000021002829
:10C22000CDE919111891179100F0B48106FB054171
:10C23000013801F1020A0F990968063111F8062C3C
:10C24000052A00F02384002800F0A48111F8032CB3
:10C25000052A00F04784012800F09C810A78052A0D
:10C2600000F0F784022800F09581CA78052A00F0D2
:10C27000EF840438421C01F10C01DFD18AE100BFD8
:10C2800099F8000000210028CDE9191118911791A3
:10C2900000F0DA8206FB054101388D1C0F99096810
:10C2A000063111F8062C092A00F0F283002800F06C
:10C2B000CB8211F8032C092A00F01684012800F023
:10C2C000C3820A78092A00F00A85022800F0BC829D
:10C2D000CA78092A00F002850438421C01F10C01D9
:10C2E000DFD1B1E299F8000000210028CDE9191151
:10C2F0001891179100F0A88206FB054101388D1CAA
:10C300000F990968063111F8062C0A2A00F0C28339
:10C31000002800F0998211F8032C0A2A00F0E68325
:10C32000012800F091820A780A2A00F01885022874
:10C3300000F08A82CA780A2A00F010850438421C6C
:10C3400001F10C01DFD17FE299F800000021002803
:10C35000CDE919111891179100F0768206FB05417D
:10C3600001388D1C0F990968063111F8062C0B2A2B
:10C3700000F09283002800F0678211F8032C0B2A4A
:10C3800000F0B683012800F05F820A780B2A00F0E3
:10C390000A85022800F05882CA780B2A00F002852C
:10C3A0000438421C01F10C01DFD14DE299F8000084
:10C3B00000210028CDE919111891179100F044824D
:10C3C00006FB054101388D1C0F990968063111F8EB
:10C3D000062C0C2A00F06283002800F0358211F848
:10C3E000032C0C2A00F08683012800F02D820A78A5
:10C3F0000C2A00F0FC84022800F02682CA780C2A5D
:10C4000000F0F4840438421C01F10C01DFD11BE27E
:10C4100099F8000000210028CDE919111891179111
:10C4200000F0B88006FB0541013801F1020A0F99BE
:10C430000968063111F8062C0E2A00F03183002815
:10C4400000F0A88011F8032C0E2A00F05583012873
:10C4500000F0A0800A780E2A00F0ED84022800F097
:10C460009980CA780E2A00F0E5840438421C01F154
:10C470000C01DFD18EE000BF99F8000000210028F8
:10C48000CDE919111891179100F0848006FB054140
:10C49000013801F1020A0F990968063111F8062CDA
:10C4A0000F2A00F0FF82002874D011F8032C0F2A05
:10C4B00000F0248301286DD00A780F2A00F0098546
:10C4C000022867D0CA780F2A00F002850438421C7F
:10C4D00001F10C01E2D15DE099F800000021002893
:10C4E000CDE919111891179100F0AE8106FB0541B5
:10C4F00001388D1C0F990968063111F8062C102A95
:10C5000000F0D282002800F09F8111F8032C102A3D
:10C5100000F0F682012800F097810A78102A00F0D6
:10C520003085022800F09081CA78102A00F0288512
:10C530000438421C01F10C01DFD185E199F80000BB
:10C540000021CDE919111891179118B306FB054187
:10C55000013801F1020A0F990968063111F8062C19
:10C56000112A00F0A382A8B111F8032C112A00F0BF
:10C57000C98201280ED00A78112A00F040850228CD
:10C5800008D0CA78112A00F039850438421C01F11C
:10C590000C01E3D1DDF838A0F82738063FF423ACCE
:10C5A000FFF711BC99F8000000210028CDE919110E
:10C5B0001891179100F0488106FB054101388D1C48
:10C5C0000F990968063111F8062C122A00F07082C2
:10C5D000002800F0398111F8032C122A00F094820F
:10C5E000012800F031810A78122A00F04C850228D7
:10C5F00000F02A81CA78122A00F044850438421CCF
:10C6000001F10C01DFD11FE199F8000000210028A1
:10C61000CDE919111891179100F0168106FB05411B
:10C6200001388D1C0F990968063111F8062C132A60
:10C6300000F04082002800F0078111F8032C132A33
:10C6400000F06482012800F0FF800A78132A00F0CD
:10C650003E85022800F0F880CA78132A00F036855B
:10C660000438421C01F10C01DFD1EDE099F8000023
:10C6700000210028CDE919111891179100F0E480EC
:10C6800006FB054101388D1C0F990968063111F828
:10C69000062C142A00F01082002800F0D58011F832
:10C6A000032C142A00F03482012800F0CD800A788F
:10C6B000142A00F04685022800F0C680CA78142AA1
:10C6C00000F03E850438421C01F10C01DFD1BBE0D3
:10C6D00099F8000000210028CDE91911189117914F
:10C6E00000F0B28006FB054101388D1C0F990968E6
:10C6F000063111F8062C152A00F0E081002800F020
:10C70000A38011F8032C152A00F00482012800F000
:10C710009B800A78152A00F05C85022800F094803E
:10C72000CA78152A00F054850438421C01F10C0126
:10C73000DFD189E099F8000000210028CDE9191126
:10C740001891179100F0808006FB054101388D1C7F
:10C750000F990968063111F8062C162A00F0B081ED
:10C76000002871D011F8032C162A00F0D581012879
:10C770006AD00A78162A00F06E85022864D0CA783A
:10C78000162A00F067850438421C01F10C01E2D141
:10C790005AE000BF99F8000000210028CDE91911E6
:10C7A0001891179150D006FB054101388D1C0F9947
:10C7B0000968063111F8062C172A00F08381002839
:10C7C00042D011F8032C172A00F0A88101283BD091
:10C7D0000A78172A00F08185022835D0CA78172AEE
:10C7E00000F07A850438421C01F10C01E2D12BE003
:10C7F00099F800000021CDE919111891179118B38B
:10C8000006FB054101388D1C0F990968063111F8A6
:10C81000062C182A00F05A81B0B111F8032C182AFE
:10C8200000F07E8101280FD00A78182A00F08D854B
:10C83000022809D0CA78182A00F086850438421CDC
:10C8400001F10C01E3D100BFF827342538063FF48D
:10C85000CAAAFFF7B8BA00BF99F800000021CDF8C6
:10C860002880CDE9191118911791069418B306FB89
:10C87000054101F1020A0F990A68411E901D10F846
:10C88000062C1C2A00F02681A9B110F8032C1C2AC2
:10C8900000F04A8101290ED002781C2A00F08B8515
:10C8A000022908D0C2781C2A00F0848504394A1C69
:10C8B00000F10C00E3D1F827DDF838A0069CDDF884
:10C8C0002880342538063FF48EAAFFF77CBA00BFD3
:10C8D0000027342538063FF486AAFFF774BA00BF54
:10C8E000063902E0033900E0033148788E7817A951
:10C8F0005A46FCF729FC074630B1DDF82C90380683
:10C900003FF471AAFFF75FBA06F0FE0017AD295A8F
:10C91000B9F80020B9F8023001F478416FF39F2292
:10C92000114403F0010241EA82212952B9F80410AE
:10C93000B9F8063099F8087001F00F01801B012248
:10C9400003F00F0341EA0721043002EB560241EAEB
:10C950000311030625F812102BD04FF0FF3151FAC6
:10C9600080F1032904D200210DE000BF06395CE00C
:10C97000C1B201F0FC014A426FF0030104315318C7
:10C980000433FBD1043110F0030212D017ADA81903
:10C99000435C8F19012AEB550BD04B1CC75C334409
:10C9A000022A17AAD75404D00231405C314417AA96
:10C9B0005054D8F80000342560B3149807684FB37A
:10C9C0001198006830B30C98CDF834900078CDE918
:10C9D00005B4012840F05A8600261498139C076875
:10C9E00006F13000236817A93144C0B20122B847CC
:10C9F00011990A682168109C20704FF4E1709047EB
:10CA00002078002840F050860F2E06F10106E4D170
:10CA100000F04ABEDDF82C90FF2738063FF4E3A96A
:10CA2000FFF7D1B9033900E0033148788E7817A9B0
:10CA30005A46FCF789FB074600287FF4D1A906F087
:10CA4000FE0117AF785A2A886B8820F4FF7062F3D2
:10CA5000430003F001022B8A40EA021003F00F02A8
:10CA600040EA4212881B023003067A5200F0D68553
:10CA70004FF0FF3151FA80F1032980F0AB8500219E
:10CA800000F0B3BD063954E006399CE00639E0E019
:10CA9000063924E1063962E1063984E10639A6E166
:10CAA0000639C8E1063914E206396AE20639A6E217
:10CAB0000639E8E206390AE3063942E3063988E333
:10CAC0000639C8E3063900F008BC00BF063900F09B
:10CAD0003CBC00BF063800F06EBC00BF033928E044
:10CAE000033970E00339B4E00339F8E0033936E183
:10CAF000033958E103397AE103399CE10339E8E16C
:10CB000003393EE203397AE20339BCE20339DEE25B
:10CB1000033916E303395CE303399CE30339DCE3AF
:10CB2000033900F012BC00BF033800F044BC00BF62
:10CB3000033148788E7817A95A46FCF705FB07465B
:10CB4000002841F04D85BAF8000006F0FE0117AD4F
:10CB50006852BAF80200012202EB560225F81200D0
:10CB6000BAF80400022202EB560225F81200BAF8C5
:10CB70000600032202EB560225F81200BAF808005C
:10CB8000042202EB560225F81200052000EB5602A3
:10CB900035F81200BAF80A3020F01E07881B0C3056
:10CBA00063F34407010625F8127000F0A6854FF0E4
:10CBB000FF3151FA80F1032980F07E85002100F0D9
:10CBC00086BD00BF033148788E7817A95A46FCF716
:10CBD000BBFA0746002841F00385BAF80000BAF80E
:10CBE0000420BAF806306FF35F3062F34D3003F083
:10CBF0000102BAF8083040EA823006F0FE0140EA4D
:10CC0000C33017AD6852012000EB560235F8120010
:10CC1000BAF80230BAF80A7000F400406FF3DF236C
:10CC2000184407F00F0340EAC323881B04300106B1
:10CC300025F8123000F0B9854FF0FF3151FA80F13C
:10CC40003546032980F09085002100F098BD00BF93
:10CC5000033148788E7817A95A46FCF775FA0746CB
:10CC6000002841F0BD84BAF80000BAF80420BAF8F0
:10CC700006306FF35F3062F34D3003F00102BAF813
:10CC8000083040EA823006F0FE0140EAC33017ADBA
:10CC90006852012000EB560235F81200BAF8023053
:10CCA000BAF80A7000F400406FF3DF23184407F06D
:10CCB0000F0340EAC323881B0430010625F8123015
:10CCC00000F0C9854FF0FF3151FA80F13546032954
:10CCD00080F0A085002100F0A8BD00BF0331487896
:10CCE0008E7817A95A46FCF72FFA074600287FF4DA
:10CCF00077A806F0FE0017AF395A2A8801F4784168
:10CD00006FF3DF2211443952012101EB560137F84C
:10CD100011206B8802F478426FF3DF231A4427F85E
:10CD20001120022101EB560137F81120AB88801B3E
:10CD300002F478426FF3DF2306301A44030627F823
:10CD4000112000F0DE854FF0FF3151FA80F1032908
:10CD500080F0B685002100F0BEBD00BF03314878E9
:10CD60008E7817A95A46FCF7EFF9074600287FF49A
:10CD700037A806F0FE0117AF785A2A8820F01E0364
:10CD8000881B023062F3440302067B5200F01286D5
:10CD90004FF0FF3151FA80F1032980F0E78500213F
:10CDA00000F0EFBD033148788E7817A95A46FCF79A
:10CDB000CBF9074600287FF413A806F0FE0117AF51
:10CDC000785A2A8820F01E03881B023062F344033D
:10CDD00002067B5200F04A864FF0FF3151FA80F193
:10CDE000032980F01F86002100F027BE0331487818
:10CDF0008E7817A95A46FCF7A7F9074600287EF453
:10CE0000EFAF06F0FE0117AF785A2A8820F01E0314
:10CE1000881B023062F3440302067B5200F08286D4
:10CE20004FF0FF3151FA80F1032980F0578600213D
:10CE300000F05FBE033148788E7817A95A46FCF798
:10CE400083F90746002841F0CB8306F0FE0017ADBA
:10CE5000295A4FF201021140BAF80020BAF8023004
:10CE600062F3410103F00302BAF8043041EA82019F
:10CE700003F00302BAF8063041EA021103F03F0260
:10CE800041EA82112952012101EB560135F81120A6
:10CE9000BAF80830BAF80A7002F400426FF3DF23E0
:10CEA000801B1A4407F00F03043042EAC322030632
:10CEB00025F8112000F092864FF0FF3151FA80F1F1
:10CEC000B446032980F06686002100F06EBE00BFE4
:10CED000033148788E7817A95A46FCF735F907468A
:10CEE000002841F07D8306F0FE000DF15C0E3EF857
:10CEF0000010BAF8002001F400416FF3DF32114452
:10CF00002EF80010012101EB56013EF81120BAF86D
:10CF10000230BAF8047002F400426FF31F331A446F
:10CF200007F00103BAF8067042EA033207F0010382
:10CF3000BAF8087042EA433207F0010342EA83324A
:10CF40002EF81120BAF80A20BAF80C30801B022102
:10CF50006FF31F32063001EB560142EA033203063B
:10CF600035462EF8112000F093864FF0FF3151FA2C
:10CF700080F1B446032980F06786002100F06FBE7F
:10CF8000033148788E7817A95A46FCF7DDF8074632
:10CF900000287EF425AF06F0FE0017AF395A2A8824
:10CFA00001F400416FF3DF3211443952012101EBEA
:10CFB000560137F811206B8802F470426FF31F336B
:10CFC0001A4427F81120AA88EB88801B02216FF3EE
:10CFD0001F32063001EB560142EA0332030627F8FE
:10CFE000112000F0AF864FF0FF3151FA80F1032994
:10CFF00080F08486002100F08CBE00BF03314878A9
:10D000008E7817A95A46FCF79FF80746002841F08A
:10D01000E78206F0FE0017AD295A4EF201021140D8
:10D02000BAF80020BAF8023062F3460103F00302B6
:10D03000BAF8083041EAC21103F00F0241EA422176
:10D040002952012101EB560135F81120BAF80430BC
:10D0500002F4404203F03F039AF80670801B1A4422
:10D06000043042EA8712030625F8112000F0C38637
:10D070004FF0FF3151FA80F1032980F09B860021A7
:10D0800000F0A3BE033148788E7817A95A46FCF702
:10D090005BF8074600287EF4A3AE06F0FE0117AF4A
:10D0A000785A2A8820F01E03881B023062F344035A
:10D0B00002067B5200F0FC864FF0FF3151FA80F1FE
:10D0C000032980F0D186002100F0D9BE03314878D1
:10D0D0008E7817A95A46FCF737F8074600287EF4E1
:10D0E0007FAE06F0FE0017AF395A2A886B8821F010
:10D0F0001F0162F3041103F00F0211443952A98891
:10D10000012202EB560227F81210E988022202EBF4
:10D110005602801B27F8121003212A89083001EBE0
:10D120005601030627F8112000F01C874FF0FF314D
:10D1300051FA80F1032980F0F186002100F0F9BE58
:10D14000033148788E7817A95A46FBF7FDFF07464A
:10D1500000287EF445AE06F0FE0017AF395A2A8843
:10D16000090961F31F123A526988012202EB560243
:10D1700027F81210A988022202EB560227F8121093
:10D18000E988032202EB560227F8121029890422AB
:10D1900002EB560227F812106989052202EB5602AB
:10D1A000801B27F812100621AA890E3001EB5601C8
:10D1B000030627F8112000F02F874FF0FF3151FAB6
:10D1C00080F1032980F00487002100F00CBF00BF2C
:10D1D000033148788E7817A95A46FBF7B5FF074602
:10D1E00000287EF4FDAD06F0FE0017AF395A2A88FC
:10D1F000090961F31F123A526988012202EB5602B3
:10D2000027F81210A988022202EB560227F8121002
:10D21000E988032202EB560227F81210298904221A
:10D2200002EB5602801B27F8121005216A890C3088
:10D2300001EB5601030627F8112000F047874FF055
:10D24000FF3151FA80F1032980F01C87002100F0A2
:10D2500024BF00BF033148788E7817A95A46FBF7E0
:10D2600073FF074600287EF4BBAD06F0FE0017AF43
:10D27000395A2A7821F01F0102F0010341EA031113
:10D28000C2F34302114439526988012202EB56026B
:10D2900027F81210A988022202EB560227F8121072
:10D2A000E988032202EB5602801B27F812100421A2
:10D2B0002A890A3001EB5601030627F8112000F0F5
:10D2C0005F874FF0FF3151FA80F1032980F03487F6
:10D2D000002100F03CBF00BF033148788E7817A9C9
:10D2E0005A46FBF731FF074600287EF479AD06F079
:10D2F000FE010DF15C0C3CF801002A786B7820F0FF
:10D30000C700EF7802F001022D79104403F0030208
:10D3100040EA420007F0010240EA821005F00102F3
:10D3200040EAC212881B023003062CF8012000F0EC
:10D330007E874FF0FF3151FA80F1032980F0568744
:10D34000002100F05EBF00BF033148788E7817A936
:10D350005A46FBF7F9FE074600287EF441AD06F079
:10D36000FE0017AB195A2A8821F01E0162F344010E
:10D370001952E989C218D5F80A301030D181D5F890
:10D380000210D5F80670C2F80A30C3B2B342C2F830
:10D390000670C2F8021000F0B487801BC0B20121F1
:10D3A000012898BF0846411E032980F08787002185
:10D3B00000F08EBF03304478FC2C03D90027FFF720
:10D3C0007BBA00BF8178E01C0D90881CC0B202902F
:10D3D00017A80844019008200025A0460990039151
:10D3E0000891CDF814B000940EE000BF07464E46F9
:10D3F000A9460D9908F101085FFA88F0C9B2884280
:10D400004D46B1463FF658AA5FFA88F6304617A94E
:10D410005A46FBF799FE0028E8D10899A64288BF32
:10D4200000210D98099FC0B28642029808BF4708A4
:10D43000F8B20891C1F3460188424E4609974ED989
:10D440007A1A12F0030323D0EAB23AF812200DF14F
:10D450005C0C2CF811204A1C012B05F1010915D098
:10D460005FFA89F73AF81770022B2CF8127001F165
:10D47000020205F1020908D05FFA89F33AF8133085
:10D4800005F103092CF81230CA1C099F4D4600E033
:10D490000A46C9433944C9B20329394620D3079BF8
:10D4A000111D03EB420200BFEBB23AF813306F1CC0
:10D4B000FFB23AF8177022F8083FAB1CDBB2578076
:10D4C0003AF81330EF1CFFB23AF817709380CBB2E2
:10D4D0000435984201F10401D780E5D10999A946A4
:10D4E000039D01F07F00B5EB400F2ED04800401B9C
:10D4F000C0B20121012898BF0846411E032901D26C
:10D5000000210AE000F0FC014A426FF0030100BF75
:10D51000043153180433FBD1043110F0030014D04C
:10D52000019A4B19525C012817AFFA540DD0019B98
:10D530004A1C9B5C2A44022817A8835405D0881CE7
:10D54000019917AA095C284411540A98006828B365
:10D550001498076817B311980068F8B10C98007810
:10D5600001281DD100251498139C076805F130008F
:10D57000236817A92944C0B20122B84711990A6843
:10D580002168109C20704FF4E17090472778AFB964
:10D590000F2D05F10105E6D110E000BFFF2728E7B8
:10D5A000139C3020236817A91022B84711990A68E4
:10D5B0002168109C2070142090472778002F18BFF6
:10D5C0006FF00107DDF814B0009C12E7FF2701F0AF
:10D5D0008BB800BFC1B201F0FC014A426FF00301F9
:10D5E000043153180433FBD1043110F0030215D079
:10D5F0000DF15C0C0CEB0600435C8F19012A0CF852
:10D6000007300BD04B1CC75C3344022A17AAD754EF
:10D6100004D00231405C314417AA5054D8F80000BD
:10D62000002800F09F8614980768002F00F09A8663
:10D6300011980068002800F095860C98C146007883
:10D64000D046A2460128CDF814B040F0BF8600268F
:10D650001498139C076806F13000236817A9314419
:10D66000C0B20122B84711990A682168109C207045
:10D670004FF4E17090472078002840F0B5860F2ED7
:10D6800006F10106E4D100F0AFBE00BF139C3020CC
:10D69000236817A91022B84711990A682168109CBD
:10D6A0002070142090472078002800F0F585DDF8E0
:10D6B00014B0FE2700F0FABDC1B201F0FC014A42ED
:10D6C0006FF00301043153180433FBD1043110F01F
:10D6D000030212D017ADA819435C8F19012AEB552C
:10D6E0000BD04B1CC75C3344022A17AAD75404D072
:10D6F0000231405C314417AA5054D8F80000342558
:10D70000002800F0A98314980768002F00F0A48374
:10D7100011980068002800F09F830C98CDF834A081
:10D720000078CDE905B4012840F0688600261498F9
:10D73000139C076806F13000236817A93144C0B272
:10D740000122B84711990A682168109C20704FF493
:10D75000E17090472078002840F05E860F2E06F199
:10D760000106E4D100F058BEC1B201F0FC014A420A
:10D770006FF00301043153180433FBD1043110F06E
:10D78000030212D017AE7019435C4F19012AF355EA
:10D790000BD04B1CC75C2B44022A17AAD75404D0C9
:10D7A0000231405C294417AA5054D8F800003425AF
:10D7B000002800F0518314980768002F00F04C8374
:10D7C00011980068002800F047830C98CDE905B453
:10D7D0000078012840F02C8600261498139C0768D6
:10D7E00006F13000236817A93144C0B20122B847BE
:10D7F00011990A682168109C20704FF4E1709047DD
:10D800002078002840F022860F2E06F10106E4D190
:10D8100000F01CBEC1B201F0FC014A426FF00301EE
:10D82000043153180433FBD1043110F0030212D039
:10D8300017AE7019435C4F19012AF3550BD04B1CDE
:10D84000C75C2B44022A17AAD75404D00231405C8B
:10D85000294417AA5054D8F800003425002800F0B5
:10D86000FB8214980768002F00F0F6821198006878
:10D87000002800F0F1820C98CDE905B40078012869
:10D8800040F0F08500261498139C076806F13000DC
:10D89000236817A93144C0B20122B84711990A6818
:10D8A0002168109C20704FF4E17090472078002888
:10D8B00040F0E6850F2E06F10106E4D100F0E0BD50
:10D8C000C1B201F0FC014A426FF003010431531868
:10D8D0000433FBD1043110F0030212D017ADA819A4
:10D8E000435C8F19012AEB550BD04B1CC75C3344AA
:10D8F000022A17AAD75404D00231405C314417AA37
:10D900005054D8F80000002800F02C8514980768BF
:10D91000002F00F0278511980068002800F022856C
:10D920000C98C1460078D046A246012840F03A85BE
:10D9300000251498139C076805F13000236817A987
:10D940002944C0B20122B84711990A682168109C85
:10D9500020704FF4E17090472778002F40F0308519
:10D960000F2D05F10105E4D100F02ABDC1B201F08F
:10D97000FC014A426FF00301043153180433FBD118
:10D98000043110F0030215D00DF15C0C0CEB060015
:10D99000435C8F19012A0CF807300BD04B1CC75C75
:10D9A0003344022A17AAD75404D00231405C3144D0
:10D9B00017AA5054D8F80000002800F0D384149817
:10D9C0000768002F00F0CE8411980068002800F04E
:10D9D000C9840C98C1460078D046A2460128CDF8EB
:10D9E00014B040F0598500261498139C076806F17E
:10D9F0003000236817A93144C0B20122B8471199F9
:10DA00000A682168109C20704FF4E17090472078DC
:10DA1000002840F04F850F2E06F10106E4D100F0FA
:10DA200049BD00BFC1B201F0FC014A426FF00301E1
:10DA3000043153180433FBD1043110F0030215D024
:10DA40000DF15C0C0CEB0600435C8F19012A0CF8FD
:10DA500007300BD04B1CC75C3344022A17AAD7549B
:10DA600004D00231405C314417AA5054D8F8000069
:10DA7000002800F0778414980768002F00F0728463
:10DA800011980068002800F06D840C98C146007859
:10DA9000D046A2460128CDF814B040F015850026E6
:10DAA0001498139C076806F13000236817A93144C5
:10DAB000C0B20122B84711990A682168109C2070F1
:10DAC0004FF4E17090472078002840F00B850F2E2E
:10DAD00006F10106E4D100F005BD00BFC1B201F0BE
:10DAE000FC014A426FF00301043153180433FBD1A7
:10DAF000043110F0030215D00DF15C0C0CEB0600A4
:10DB0000435C8F19012A0CF807300BD04B1CC75C03
:10DB10003344022A17AAD75404D00231405C31445E
:10DB200017AA5054D8F80000002800F01B8414985D
:10DB30000768002F00F0168411980068002800F094
:10DB400011840C98C1460078D046A2460128CDF831
:10DB500014B040F0D18400261498139C076806F195
:10DB60003000236817A93144C0B20122B847119987
:10DB70000A682168109C20704FF4E170904720786B
:10DB8000002840F0C7840F2E06F10106E4D100F012
:10DB9000C1BC00BFC1B201F0FC014A426FF00301F9
:10DBA000043153180433FBD1043110F0030215D0B3
:10DBB00017AD05EB0C006746435C01EB0C07012A2F
:10DBC000EB550BD04B1CC75C6344022A17AAD754F1
:10DBD00004D00231405C614417AA5054D8F80000C8
:10DBE0003425002800F0388114980768002F00F0D1
:10DBF000338111980068002800F02E810C98CDE93F
:10DC000005B40078012840F08F8400261498139CF6
:10DC1000076806F13000236817A93144C0B2012219
:10DC2000B84711990A682168109C20704FF4E17080
:10DC300090472078002840F085840F2E06F10106D9
:10DC4000E4D100F07FBC00BFC1B201F0FC014A4248
:10DC50006FF00301043153180433FBD1043110F089
:10DC6000030215D017AD05EB0C006746435C01EBD2
:10DC70000C07012AEB550BD04B1CC75C6344022AEE
:10DC800017AAD75404D00231405C614417AA5054FB
:10DC9000D8F800003425002800F0DE8014980768CA
:10DCA000002F00F0D98011980068002800F0D4807F
:10DCB0000C98CDE905B40078012840F04D84002689
:10DCC0001498139C076806F13000236817A93144A3
:10DCD000C0B20122B84711990A682168109C2070CF
:10DCE0004FF4E17090472078002840F043840F2ED5
:10DCF00006F10106E4D100F03DBC00BFC1B201F065
:10DD0000FC014A426FF00301043153180433FBD184
:10DD1000043110F0030215D00DF15C0C0CEB060081
:10DD2000435C8F19012A0CF807300BD04B1CC75CE1
:10DD30003344022A17AAD75404D00231405C31443C
:10DD400017AA5054D8F80000002800F00B8314984C
:10DD50000768002F00F0068311980068002800F083
:10DD600001830C98C1460078D046A2460128CDF820
:10DD700014B040F0098400261498139C076806F13B
:10DD80003000236817A93144C0B20122B847119965
:10DD90000A682168109C20704FF4E1709047207849
:10DDA000002840F0FF830F2E06F10106E4D100F0B9
:10DDB000F9BB00BFC1B201F0FC014A426FF00301A0
:10DDC000043153180433FBD1043110F0030212D094
:10DDD00017ADA819435C8F19012AEB550BD04B1CCA
:10DDE000C75C3344022A17AAD75404D00231405CDE
:10DDF000314417AA5054D8F80000342560B3149861
:10DE000007684FB31198006830B30C98CDF834A070
:10DE10000078CDE905B4012840F0CE83002614989F
:10DE2000139C076806F13000236817A93144C0B27B
:10DE30000122B84711990A682168109C20704FF49C
:10DE4000E17090472078002840F0C4830F2E06F13F
:10DE50000106E4D1BEE300BFDDF838A0FF27380695
:10DE60003DF4C1AFFDF7AFBFC1B201F0FC014A42C2
:10DE70006FF00301043153180433FBD1043110F067
:10DE8000030215D00DF15C0C0CEB0600435C8F19FE
:10DE9000012A0CF807300BD04B1CC75C3344022A14
:10DEA00017AAD75404D00231405C314417AA505409
:10DEB000D8F80000002800F0558214980768002F59
:10DEC00000F0508211980068002800F04B820C98F6
:10DED000C1460078D046A2460128CDF814B040F0E3
:10DEE000878300261498139C076806F13000236886
:10DEF00017A93144C0B20122B84711990A682168B4
:10DF0000109C20704FF4E17090472078002840F07A
:10DF10007D830F2E06F10106E4D177E3C1B201F053
:10DF2000FC014A426FF00301043153180433FBD162
:10DF3000043110F0030215D00DF15C0C0CEB06005F
:10DF4000435C8F19012A0CF807300BD04B1CC75CBF
:10DF50003344022A17AAD75404D00231405C31441A
:10DF600017AA5054D8F80000002800F0FB8114983C
:10DF70000768002F00F0F68111980068002800F073
:10DF8000F1810C98C1460078D046A2460128CDF810
:10DF900014B040F0458300261498139C076806F1DE
:10DFA0003000236817A93144C0B20122B847119943
:10DFB0000A682168109C20704FF4E1709047207827
:10DFC000002840F03B830F2E06F10106E4D135E333
:10DFD000C1B201F0FC014A426FF003010431531851
:10DFE0000433FBD1043110F0030215D00DF15C0CA9
:10DFF0000CEB0600435C8F19012A0CF807300BD09C
:10E000004B1CC75C3344022A17AAD75404D00231F0
:10E01000405C314417AA5054D8F80000002800F0A2
:10E02000A18114980768002F00F09C811198006866
:10E03000002800F097810C98C1460078D046A2468F
:10E040000128CDF814B040F0958100261498139C57
:10E05000076806F13000236817A93144C0B20122D5
:10E06000B84711990A682168109C20704FF4E1703C
:10E0700090472078002840F08B810F2E06F1010692
:10E08000E4D185E1C1B201F0FC014A426FF0030125
:10E09000043153180433FBD1043110F0030215D0BE
:10E0A0000DF15C0C0CEB0600435C8F19012A0CF897
:10E0B00007300BD04B1CC75C3344022A17AAD75435
:10E0C00004D00231405C314417AA5054D8F8000003
:10E0D000002800F0478114980768002F00F0428163
:10E0E00011980068002800F03D810C98C146007826
:10E0F000D046A2460128CDF814B040F03B8100265E
:10E100001498139C076806F13000236817A931445E
:10E11000C0B20122B84711990A682168109C20708A
:10E120004FF4E17090472078002840F031810F2EA5
:10E1300006F10106E4D12BE1C1B201F0FC014A4233
:10E140006FF00301043153180433FBD1043110F094
:10E15000030215D00DF15C0C0CEB0600435C8F192B
:10E16000012A0CF807300BD04B1CC75C3344022A41
:10E1700017AAD75404D00231405C314417AA505436
:10E18000D8F80000002800F0ED8014980768002FF0
:10E1900000F0E88011980068002800F0E3800C98F7
:10E1A000C1460078D046A2460128CDF814B040F010
:10E1B0004B8200261498139C076806F130002368F0
:10E1C00017A93144C0B20122B84711990A682168E1
:10E1D000109C20704FF4E17090472078002840F0A8
:10E1E00041820F2E06F10106E4D13BE2C1B201F0FB
:10E1F000FC014A426FF00301043153180433FBD190
:10E20000043110F0030212D017ADA819435C8F1926
:10E21000012AEB550BD04B1CC75C3344022A17AACA
:10E22000D75404D00231405C314417AA5054D8F876
:10E230000000002800F0968014980768002F00F076
:10E24000918011980068002800F08C800C98C146DD
:10E250000078D046A246012840F0A48000251498FA
:10E26000139C076805F13000236817A92944C0B240
:10E270000122B84711990A682168109C20704FF458
:10E28000E17090472778002F40F09A800F2D05F11C
:10E290000105E4D194E000BF0D99DDF814B00879D0
:10E2A000897900278BF827008BF82810069CDDF869
:10E2B0002C9038063DF497ADFDF785BD00F0FC01CC
:10E2C0004A426FF00301043153180433FBD1043187
:10E2D00010F0030215D00DF15C0C0CEB0600435C52
:10E2E0008F19012A0CF807300BD04B1CC75C334444
:10E2F000022A17AAD75404D00231405C314417AA2D
:10E300005054D8F8000068B31498076857B31198B0
:10E31000006838B30C98C1460078D046A246012860
:10E32000CDF814B040F0AA8100261498139C076819
:10E3300006F13000236817A93144C0B20122B84762
:10E3400011990A682168109C20704FF4E170904781
:10E350002078002840F0A0810F2E06F10106E4D1BC
:10E360009AE100BFFF27342538063DF43CADFDF7A8
:10E370002ABD00BF139C3020236817A91022B8477C
:10E3800011990A682168109C207014209047207809
:10E3900000287DF41DAD2878DDF814B08BF833002B
:10E3A00082E100BF139C3020236817A91022B847D0
:10E3B00011990A682168109C2070142090472778D2
:10E3C000002F18BF6FF00107FDF705BD139C30202B
:10E3D000236817A91022B84711990A682168109C70
:10E3E000207014209047207800287DF4F1AC287C20
:10E3F000DDF814B08BF82C0056E100BF139C3020E0
:10E40000236817A91022B84711990A682168109C3F
:10E410002070142090472078002840F0DD800D986F
:10E42000DDF814B0807A00278BF82400D7E000BF15
:10E43000139C3020236817A91022B84711990A6845
:10E440002168109C2070142090472078002840F00C
:10E45000C3809AF80A00DDF814B000278BF8250075
:10E46000BDE000BF139C3020236817A91022B847D5
:10E4700011990A682168109C207014209047207818
:10E48000002840F0A9809AF80A00DDF814B00027AF
:10E490008BF82600A3E000BF139C3020236817A947
:10E4A0001022B84711990A682168109C2070142026
:10E4B0009047207800287DF48BAC2878DDF814B0E4
:10E4C0008BF82900F0E000BF139C3020236817A9C7
:10E4D0001022B84711990A682168109C20701420F6
:10E4E0009047207800287DF473AC2878DDF814B0CC
:10E4F0008BF82A00D8E000BF139C3020236817A9AE
:10E500001022B84711990A682168109C20701420C5
:10E510009047207800287DF45BAC2878DDF814B0B3
:10E520008BF82B00C0E000BF139C3020236817A994
:10E530001022B84711990A682168109C2070142095
:10E5400090472078002847D19AF80A00DDF814B0E7
:10E5500000278BF82D0042E0139C3020236817A978
:10E560001022B84711990A682168109C2070142065
:10E570009047207880BB9AF80C00DDF814B0002793
:10E580008BF82E002BE000BF139C3020236817A9C6
:10E590001022B84711990A682168109C2070142035
:10E5A0009047207800287DF413ACA879DDF814B0EA
:10E5B0008BF82F0078E000BF139C3020236817A948
:10E5C0001022B84711990A682168109C2070142005
:10E5D0009047207800286BD0DDF814B0FE27069C09
:10E5E000DDF838A038063DF4FEABFDF7ECBB00BF0C
:10E5F000139C3020236817A91022B84711990A6884
:10E600002168109C207014209047207800287DF409
:10E61000DFAB2878DDF814B08BF8310044E000BFA0
:10E62000139C3020236817A91022B84711990A6853
:10E630002168109C207014209047207800287DF4D9
:10E64000C7ABA87814E000BF139C3020236817A93B
:10E650001022B84711990A682168109C2070142074
:10E660009047207800287DF4B3AB2878C0F34300AE
:10E67000DDF814B08BF8320016E000BF139C302098
:10E68000236817A91022B84711990A682168109CBD
:10E69000207014209047207800287DF499AB2878CA
:10E6A000DDF814B08BF834000027FDF794BB00BFF1
:10E6B0000D98DDF814B0007A00278BF830008EE753
:10E6C000139D4B202B6817A90222B84714221199D9
:10E6D0000B682968109D2870104698472F783425BC
:10E6E000002F18BF6FF00107119802681398016896
:10E6F0004FF47A70904738067DF465AB6078214618
:10E7000030B101208BF81700C8788BF8180013E09F
:10E7100000208BF8170008314D2001225B46FDF7E1
:10E72000B9FADBF80410DBF8502007464FF47A7092
:10E730009047002F7DF447AB442017A901225B4688
:10E74000FAF7A2FD0746A8BB6079A179D8F80020A6
:10E7500000F00F0040EA01108DF85C0012B314982D
:10E760000768FFB1119E3068E0B1139C0C982368D4
:10E770000578442017A90122B8471422012D08BFAB
:10E780004FF4E172109D33682168DDF814B02870F1
:10E79000104698472F783425002F18BF6FF00107D7
:10E7A00001E000BFFF2711980268139801684FF439
:10E7B0007A709047069C38063DF415ABFDF703BB15
:10E7C000FF2778B21BB0BDE8F08F00BF1298012878
:10E7D00008D101205946FDF7F1F9074678B21BB080
:10E7E000BDE8F08F002778B21BB0BDE8F08F00BF06
:10E7F000F12778B21BB0BDE8F08F00BFF82778B2E0
:10E800001BB0BDE8F08F00BFFE20074678B21BB0FA
:10E81000BDE8F08FB0B582B00446B6208DF8070091
:10E8200000208DF80600DCB1A06CA8B1D4F84CC073
:10E83000BCF1000F10D0206D70B194F85700012882
:10E8400012D163680DF107017E200122E047A0721A
:10E850004FF4E17010E000BFFF2040B202B0B0BD45
:10E86000FF2040B202B0B0BD63680DF107017E2009
:10E870000122E047A07214206168226D9047226D4A
:10E880006168A57A4FF4FA609047012084F8570038
:10E8900025B1FE2040B202B0B0BD00BF607A40B9E1
:10E8A0000DF10601002001222346FAF7EDFC0028B5
:10E8B000D7D1204600F008F8002804BF0020C4E9A2
:10E8C000100040B202B0B0BD2DE9F04F81B0044657
:10E8D0000020002C8DF8010000F02481A06C00289D
:10E8E00000F02081E06C002800F01C81206D0028E1
:10E8F00000F01881B4F85AB0BBF1000F00F012819B
:10E90000E789F80727F0010001D1012804D802287F
:10E9100098BF02200746E081002021460026FDF72F
:10E920004DF9054650B90DF1020159200122234647
:10E930008DF80260FAF7A8FC054618B168B201B07C
:10E94000BDE8F08F9DF80200A16C00F0FE000029E8
:10E950008DF8020000F0E680E56C002D00F0E2800A
:10E96000206D002800F0DE80636894F857600DF198
:10E97000020159200122A8471422012E08BF4FF49A
:10E98000E1726168236DA07210469847A07A28B1A1
:10E99000FE2568B201B0BDE8F08F00BFBBFBF7F009
:10E9A00000FB17B001061FD0C0B2ABEB00085FEA56
:10E9B00008402DD0B4F80E9000271FFA88FA20697D
:10E9C000B9B210FA87F01FFA89F2234605F03CF835
:10E9D000B4F80E9005464F44B9B2514501D2002D0E
:10E9E000EDD0002DAAD115E0E28900272069B9B247
:10E9F00010FA87F092B2234605F026F8E289054620
:10EA00001744B9B2594522D2002DEFD01FE000BF04
:10EA1000B4F80E901FFA88F102205945E08113D214
:10EA2000022220691FFA88F110FA88F092B2234678
:10EA300005F00AF8E289054690441FFA88F1594525
:10EA400003D2002DEDD000E00025A4F80E90002D9B
:10EA50007FF474AF00208DF803000DF103015920FD
:10EA600001222346FAF710FC054620BB9DF803005F
:10EA7000A16C40F001008DF80300D9B1E76CCFB173
:10EA8000206DB8B1636894F857500DF10301592017
:10EA90000122B8471422012D08BF4FF4E1726168CA
:10EAA000236DA07210469847A57A002D18BF6FF00D
:10EAB000010500E0FF256168226D44F6F010C0F208
:10EAC0000200904728067FF439AF01202146FDF768
:10EAD00075F86168226D05464FF47A709047002DF5
:10EAE0007FF42CAFA06CE8B1E06CD8B1226DCAB154
:10EAF000616844F6206090470DF101012120012258
:10EB00002346FAF7C1FB054600287FF417AF9DF8AE
:10EB100001000025C00708BF6FF0080568B201B00A
:10EB2000BDE8F08FFF2568B201B0BDE8F08F0000AE
:10EB300040F25C42C2F20002908A40F224030021BB
:10EB4000C2F200031E283CBF01210130DB68908225
:10EB5000B3F83B00917400BAB3F83310000C108086
:10EB600008BAB3F83510000C508008BA030C40F610
:10EB70008450C2F200002E219380F2F7A9BC00005D
:10EB800040F22400C2F20000C06840F63632008E27
:10EB9000C2F20002010A50704FF09620C2F8020043
:10EBA00040F29400C2F200001170017840784FF4F6
:10EBB0004073012840F6845008BF4FF4E0630129F8
:10EBC000C2F200004FF02F0118BF0023D380F2F7EC
:10EBD0007FBC000040F25C41C2F2000100228A8248
:10EBE00002884FF4FA4312BA03EB224200EE102AD5
:10EBF0009FED121AB8EEC00A80EE010AB3EE0E2A9B
:10EC000020EE020A81ED020A428812BA03EB224288
:10EC100000EE102AB8EEC00A80EE010A9FED081A35
:10EC200020EE010ABBEE041A30EE010A81ED030A60
:10EC3000808800BA000C0882704700BF00007A4745
:10EC40000000204200000000B0B540F2A425C2F24E
:10EC50000005A96949F2DF3248F6AD33C0F204027B
:10EC6000C6F6DB03E8689142C8BF002151FB03F3FD
:10EC70005C134DF2206204EBD37344F62064C0F2BF
:10EC8000130203FB1413904241F6593424BF0020B1
:10EC9000E8604A1CA342AA6102DA4FF47A6041E0BC
:10ECA0004BF27323C4F2E75352FB03F35C1304EB00
:10ECB000D37347F2305403FB142243F2B0630231A2
:10ECC0009A42A9612CDB43F2FD31CCF6A611A0FBE0
:10ECD0000112910A40F2145201FB12009FED6C1ACE
:10ECE000400000EE100AB8EE400A20EE010A10EED5
:10ECF000100A08F0ABFA41EC100B06F0A1FF51EC42
:10ED0000100B9FED5F0B53EC102B07F0DBFF9FED1B
:10ED10005E0B53EC102B07F0B9FC07F001FF01E08C
:10ED20004FF2600040F22401C2F200014968E8801D
:10ED300091F82920042A02D191F82A2082B140F2C8
:10ED40000832C2F2000213681A7A002A4FF0000259
:10ED50000BD1DB7B002B08BF4FF4967205E000BFA0
:10ED6000EA68AB8A0132EA60C2184B88098840F22F
:10ED700038045B1A2978C2F20004092BA2820DDB49
:10ED800061B9012129702A69511CB2F57A6F296194
:10ED90000AD900202861287028E000BF632B29DBF6
:10EDA00041BB022129702DE089B247F6AD138A08D4
:10EDB000C1F24633A2FB03235A0940F2A46302FBCB
:10EDC0001311B1F5617F11D301B24FF61840CFF6A0
:10EDD000FF704EF2C00200F59670CFF6FF72B1F1EF
:10EDE000FF3FC8BF02F5FA706861B0BD4FF42F70E5
:10EDF0006861B0BD022905D00129C4D00020686136
:10EE0000B0BD00BF2A6941F27173511C9A42296159
:10EE100010D300212961297001B24FF61840CFF6B6
:10EE2000FF70C830B1F1FF3FC8BF4FF46170686137
:10EE3000B0BD00BF41F6F11289B2C0F27652A1FB1B
:10EE400002239A0940F6B83302FB1311B1F5FA6FA9
:10EE50000ED301B24FF61840CFF6FF70B1F1FF3F6D
:10EE6000C4BF4EF2C000CFF6FF706861B0BD00BFF6
:10EE7000B1F57A7FD0D94FF47A706861B0BD00BF28
:10EE80000000000000408F40000000000040AF4044
:10EE9000C3F54840000000002DE9F04381B040F682
:10EEA0003E30C2F20000017840F2380440F2A4255E
:10EEB0000029C2F20004C2F2000540F08F814078C0
:10EEC0000238082822D8DFE810F08700EB00250080
:10EED000090021000900210055010900FFF7B4FED7
:10EEE00040F2B030C2F200000068B0F80310B0F891
:10EEF00005004942218240F2D451C2F20001096862
:10EF0000404209686082C88A4BE100BF002020614E
:10EF1000A08263E140F21026C2F2000630689FED45
:10EF2000E81AB0F90610B0F9040000EE101AB8EEB5
:10EF3000C00A9FEDE42A03EE100A20EE010AB8EEA3
:10EF4000C33A80EE020A23EE011A81EE021AA98862
:10EF5000A18245F23871BDEEC00A10EE100ABDEE76
:10EF6000C10A208210EE100A608240F2D450C2F230
:10EF7000000000680068C08A081A07F000FE9FEDD4
:10EF8000E00B53EC102B07F09DFE07F04DFB00EE5D
:10EF9000100A9FEDDD1A30EE000A20EE010A20462D
:10EFA00084ED070AF2F700FD216D012088473068E3
:10EFB000008AB0F5257F00F013834FF66C5188422C
:10EFC00040F00C81B5F9040041F658318842B8BFD1
:10EFD000411CA98002E100BF40F21029C2F20009E1
:10EFE000D9F80000B4F93280B0F90610B0F9042065
:10EFF00000EE101A01EE108AB8EEC00AB8EEC11A7F
:10F000009FEDB02A03EE102A20EE410AB8EEC33A73
:10F0100080EE020A23EE411A81EE021AB0F90000D6
:10F02000BDEEC00A10EE101ABDEEC10A218210EE2C
:10F03000101A618207F0A3FD9FEDDB0B53EC102B40
:10F0400007F040FE9FEDDA0B53EC102B07F0D2FBDC
:10F05000074640460E4607F092FD02460B463846EC
:10F06000314607F02FFE07F05BFD216DA0820020E6
:10F0700000268847D9F80000AE60008AB0F5257FE9
:10F0800000F0BA824FF66C51884240F0A780B4F984
:10F09000320042F210718842B8BF411C61869DE087
:10F0A00040F21020C2F2000000689FED862AB0F9FD
:10F0B0000610B0F9040000EE101AB4F93210B8EEE0
:10F0C000C00A01EE101AB8EEC11A20EE410A80EE15
:10F0D000020A03EE100AB8EEC33A23EE411A81EE9B
:10F0E000021A40F2D456C2F20006DFEDC60ABDEEA7
:10F0F000C00A10EE100A20823068BDEEC10A006816
:10F1000010EE101AC08A618200EE100A40F65830E4
:10F11000B8EE400AC2F2000001F000FF3068BDEE18
:10F12000C00A006810EE101AC08AA18245F2387138
:10F13000081A07F024FD9FED720B53EC102B07F01B
:10F14000C1FD07F071FA00EE100A9FED6F1A30EE64
:10F15000000A20EE010A204684ED070AF2F724FC9B
:10F16000306840688078002804BF0020A082216DAC
:10F17000002032E040F2B030C2F200000068B0F887
:10F180000310B0F8050049424042608240F2D4507A
:10F19000C2F200000068218200684FF4FA71C08A50
:10F1A000A18245F23871081A07F0E9FC9FED540B73
:10F1B00053EC102B07F086FD07F036FA00EE100A2C
:10F1C0009FED511A30EE000A20EE010A204684ED30
:10F1D000070AF2F7E9FB216D0120884740F224027B
:10F1E000C2F2000290688078012845D1506890F8FA
:10F1F00034104139162900F26780DFE811F017005A
:10F2000065006500870065006500650065006500B4
:10F2100065006500650065006500650065006500C6
:10F220006500AD00650065006500DD0040F2B033AB
:10F23000C2F2000340F296011B68C2F200010227ED
:10F240000F70B3F807104DF23873CFF6FF7303EB6E
:10F25000C1016B8840F2A4665F1CB3426F80C0F0AE
:10F26000D38040F29601C2F2000105220A7000210B
:10F2700080F83410698005E040F29600C2F2000088
:10F2800005210170E08A218A25F81C0F6980618AB6
:10F2900078202981218BA8802E466881284626F86F
:10F2A000061FF8F701F920823046F8F7FDF801460D
:10F2B0002046618201B0BDE8F043F2F7BBBB00BF5E
:10F2C00000A00CC60000254440F29601C2F20001E5
:10F2D00009784B1E032BD5D840F2B031C2F20001A1
:10F2E00009684DF23877B1F80710CFF6FF7707EBD2
:10F2F000C101DFE803F07403441E00BFA9E700BFAB
:10F30000000000000000F03EDB0F494040F2B03347
:10F31000C2F2000340F296011B68C2F2000104270A
:10F320000F70B3F807104DF23873CFF6FF7303EB8D
:10F33000C1016B8840F2A4665F1CB3426F80C0F0CD
:10F340009B8040F29601C2F2000105220A70002162
:10F3500080F83410698095E740F2B033C2F20003C0
:10F3600040F296011B68C2F2000103270F70B3F848
:10F3700007104DF23873CFF6FF7303EBC1016B88B2
:10F3800040F2A4665F1CB3426F80C0F0B38040F2CD
:10F390009601C2F2000105220A70002180F83410A3
:10F3A00069806FE700BF00BF9A9999999999C93F01
:10F3B0000000000000A0844040F2B033C2F200031D
:10F3C00040F296011B68C2F2000101270F70B3F8EA
:10F3D00007104DF23873CFF6FF7303EBC1016B8852
:10F3E00040F2A4665F1CB3426F80C0F0C18040F25F
:10F3F0009601C2F2000105220A70002180F8341043
:10F4000069803FE70070AE46D068B2EE0C1AD0F8C3
:10F41000630089B200EE100A4FF46170B4EE410A45
:10F42000F1EE10FAB8BF40F6C410208240F2D4507A
:10F43000C2F200000068002200686282C08A081AD6
:10F4400007F09DFB9FED700B53EC102B07F03AFC7F
:10F4500007F0EAF800EE100A9FED6D1A30EE000A90
:10F4600020EE010A204684ED070AF2F79DFA216D8D
:10F470000120884706E700BFD068B2EE0C1AD0F82A
:10F48000630089B200EE100A4FF23C60CFF6FF70C5
:10F4900000F5C860B4EE410AF1EE10FABCBF4FF2BD
:10F4A0003C60CFF6FF70208240F2D450C2F20000E0
:10F4B0000068002200686282C08A081A07F05FFBB9
:10F4C0009FED510B53EC102B07F0FCFB07F0ACF851
:10F4D00000EE100A9FED4E1A30EE000A20EE010AEF
:10F4E000204684ED070AF2F75FFA216D0120884774
:10F4F000C8E600BFD0680022D0F86300228240F244
:10F50000D45200EE100A4FF23C60C2F20002CFF675
:10F51000FF70B2EE0C1A126800F5C860B4EE410A32
:10F52000F1EE10FABCBF4FF23C60CFF6FF701268EC
:10F530006082D08A89B2081A07F021FB9FED320B56
:10F5400053EC102B07F0BEFB07F06EF800EE100A2C
:10F550009FED2F1A30EE000A20EE010A204684EDBE
:10F56000070AF2F721FA216D012088478AE600BFD9
:10F57000D0680022D0F86300228240F2D452C2F256
:10F58000000200EE100AB2EE0C1A12684FF461701D
:10F59000B4EE410AF1EE10FAB8BF40F6C41012689A
:10F5A0006082D08A89B2081A07F0E9FA9FED160B3B
:10F5B00053EC102B07F086FB07F036F800EE100A2C
:10F5C0009FED131A30EE000A20EE010A204684ED6A
:10F5D000070AF2F7E9F9216D0120884752E600BFDA
:10F5E000B5F904004EF2A841CFF6FF718842C8BFBA
:10F5F000411EA980F2E500BFB4F932000028C8BF5F
:10F60000461E6686EAE500BF000000000000F03EEE
:10F61000DB0F4940704700002DE9F04140F224081B
:10F620000446C4F20008F3F795FCD8F800104FF434
:10F630007A7600FB061740F68055C2F200052F606F
:10F64000F3F788FCD8F8001000FB0610C11BA1429C
:10F650002860F5D3BDE8F081B0B5006845F25E647E
:10F660000168C2F2000441F4002101602046F8F76D
:10F67000EFFB40F21025C2F200052868214602F097
:10F6800031F8686800210180B0BD0000B0B50068A5
:10F6900045F25E640168C2F2000421F400210160B9
:10F6A00004F11800F8F7D4FB40F21025C2F200056F
:10F6B0002868214602F016F8686800210180B0BD74
:10F6C00000207047000000002DE9F041F6F7A4FD8E
:10F6D00040F2D454C2F20004206840F63E3740683D
:10F6E000C2F20007807839780138B0FA80F04FEA2A
:10F6F000501084F8860009B1BDE8F081787840F2B6
:10F70000CC260A28C2F2000600F2A980DFE800F049
:10F710006CA7707C060A90060A060A00B088C8B179
:10F72000256F1FE040F20830C2F2000090F822106E
:10F73000002953D001210068318040F22C21C2F20F
:10F740000001B0F81100096820678860F6F7B4FE80
:10F7500084E000BF40F62A30C2F20000B0F9000099
:10F76000C500256740F20830C2F20000006801229F
:10F77000017AB280E1B9C07BD0B940F22408C2F26C
:10F780000008D8F8041091F8220003280DD845F29B
:10F79000387101EB803081B240F2D450C2F20000E7
:10F7A000F5F740FED8F804100546062081F822003F
:10F7B00040F21020C2F200000068B0F9000007F02B
:10F7C000DEF99FED410B53EC102B07F07BFA07F0AD
:10F7D000A7F900FA85F020673AE000BF30880028DA
:10F7E00060D0206F65E000BFF6F798FD36E000BFFF
:10F7F0000120F08045F2387020672046F2F776FB52
:10F800002046F2F7A5FB29E040F21020C2F20000EA
:10F810000068B0F9000007F0B2F99FED2B0B53EC34
:10F82000102B07F04FFA07F07BF9216F084420678F
:10F83000708838B940F62A30C2F20000B0F90000F2
:10F84000C000206740F2D4540120C2F2000470804E
:10F850002046F2F74BFB2046F2F75AFB7878032854
:10F8600001D0062812D100210A28B18004D8012233
:10F87000824012F4A46F04D10228318008BFBDE891
:10F88000F0810020F080BDE8F08100BF0021092850
:10F890007180E8D80121814011F4247FE3D0002059
:10F8A0003080EEE740F62A30C2F20000B0F90000E6
:10F8B000206740F22C22C2F200021268012131803E
:10F8C0009060F6F7F9FDC9E70AD7A3703D0AB7BF04
:10F8D00070B540F21C00C2F20000016900268A885F
:10F8E0000B8800259A423CBF0126531C8E7040F2C3
:10F8F0005C56C2F200068B80718840F2E73291427A
:10F9000001F10101718018BF70BDA522314601F8D7
:10F91000062F6722A6F8072040F20732A6F80B2030
:10F92000827883887273B288F381328240F2B03277
:10F93000C378C2F20002526886F84330D27C337832
:10F94000002A4FF000027572B37408BF3222F274BD
:10F9500040F2F022C2F20002127840F260647D238D
:10F96000C2F20004012A08BF3223C370204670226D
:10F97000F0F7C0FD20460521F1F7A4FA20467021DA
:10F98000F1F72AFA41F23840C2F200002146702213
:10F99000F5F71CF9758070BDB0B540F21C04C2F2D9
:10F9A000000422690023B0F5007F938024DDA0F2DB
:10F9B00001220A2A68D80FF20600DFE812F00B00D5
:10F9C00081009D00F400F400AB00B900E900F100F3
:10F9D000F400F50060691B221830F0F78BFDFFF78B
:10F9E000CFF86069017E072900F0F2806B2940F0B2
:10F9F000F580E1680122EDE0012800F0DD800328B8
:10FA000040F0D1806569202205F17200F0F772FDA7
:10FA1000287E6B2800F0EA80072840F0C480B5F803
:10FA20007E104CF6CD404143CA0CE168B5F88E30EB
:10FA300081F82A2003FB00F2B5F88230D20C81F85D
:10FA40002B2003FB00F2B5F88430920C81F82C20B7
:10FA500003FB00F2B5F88630920C81F82D2003FBF1
:10FA600000F2B5F88830920C81F82E2003FB00F2EA
:10FA7000B5F88A30920C81F82F2003FB00F2B5F81C
:10FA80008C30920CE5E000BF40F20332904240F02F
:10FA90008A80E0686269D1F80B400B684D6889681C
:10FAA000C2F86E40C2F8633092F86F30C2F8675007
:10FAB000C2F86B1080F8353080F83430B0BD00BF2C
:10FAC00060690A684B688D68C968C0F83320C0F85F
:10FAD0003730C0F83B50C0F83F10FFF729F8606995
:10FAE000E168B0F83D20B0F83B30B0F83F008A81C3
:10FAF0008B80CA810882B0BD60690A684B688D68D6
:10FB0000C968C0F84A20C0F84E30C0F85250C0F85A
:10FB10005610B0BD0978E06862690F2982F85A1062
:10FB20009CBF80F82210B0BD062180F82210B0BD25
:10FB300060690A68D1F80310C0F84320C0F8461085
:10FB400090F84410022900F0918001292BD1D0F8BF
:10FB500046009FED5E1A00EE100AE168B4EE410A1D
:10FB6000F1EE10FA486180F2A1809FED591AB4EECF
:10FB7000410AF1EE10FA80F2A1809FED561AB4EE20
:10FB8000410AF1EE10FA0EDC207801302070B0BD91
:10FB900060690988E268A0F8921082F83310B0BD5D
:10FBA000606909680160B0BD606928229830BDE8CD
:10FBB000B040F0F79FBC00BF60698A788272098804
:10FBC00001816069E168007A000981F82900B0BD0F
:10FBD000E168002281F8232001E000BFE168028E85
:10FBE000408B8A840A8808804A80B0BDB5F88E10A0
:10FBF0004CF6CD404143CA0CE168B5F87E3081F83F
:10FC00002A2003FB00F2B5F87230D20C81F82B20C9
:10FC100003FB00F2B5F87430920C81F82C2003FB42
:10FC200000F2B5F87630920C81F82D2003FB00F23B
:10FC3000B5F87830920C81F82E2003FB00F2B5F86D
:10FC40007A30920C81F82F2003FB00F2B5F87C305B
:10FC5000920C81F8302003FB00F26B89920C584320
:10FC6000800C81F8312081F83200B0BDD0F8460018
:10FC70009FED161A00EE100AE168B4EE410AF1EEAB
:10FC800010FA886116DA9FED121AB4EE410AF1EE0D
:10FC900010FA17DA9FED0F1AB4EE410AF1EE10FADE
:10FCA000C8BFB0BD607801306070B0BD2078033847
:10FCB0002070B0BD607803386070B0BD2078023825
:10FCC0002070B0BD607802386070B0BD0000EC41BB
:10FCD0000000E4410000DC4192B0F3F755F9002444
:10FCE00043F640000A94CDE908440194C4F20200AE
:10FCF0000168022541F080510160006800F08050E9
:10FD00000190019847F200000194C4F200000168DC
:10FD100041F480410160006800F480400190019846
:10FD2000092006904FF48030079001200B904FF48B
:10FD300080000D9019200E904FF4A870CDE90F05AA
:10FD40000420119006A80C95F3F736FB0F20CDE99F
:10FD500001054FF4A05004904FF48050059001A885
:10FD600005210394F3F7FAF9F5F746FDF5F7E2FB01
:10FD7000F5F74AFFF6F766F8F5F794FBF5F7B6FBEB
:10FD8000F5F766FEF6F704F8F6F720F8F6F73CF814
:10FD9000F6F778F8F5F7C6FDF6F792F8F1F7A8FF51
:10FDA000F1F7FAFEF5F734FC00F054FEFEE7000030
:10FDB0002DE9F04F83B040F6DA04C2F20004204689
:10FDC000F6F79CF840F2D42AC2F2000A9AF8000032
:10FDD00040B140F21020C2F200004068807878B94B
:10FDE0000BE000BF41F65250C0F2F410206041F227
:10FDF0009A70C1F6E950C4F80A0001208AF80000A0
:10FE000040F63E3BC2F2000B9BF8010040F208397D
:10FE10000A28C2F2000900F2A582DFE810F00B0008
:10FE2000A3021500A302A302C900D70063012900A1
:10FE3000A3027500D4F81600E18B2060A08BA1818D
:10FE40006081002162E200BF41F29A70C1F6E95080
:10FE5000206041F65250C0F2F410C4F80A000120AC
:10FE60002072A07441F6525041F29A7191E200BFA3
:10FE7000D9F80060307A012840F05E81B6F80510AC
:10FE8000B6F803006180F17B2080012900F09881A1
:10FE900040F21020C2F200000068B0F90080B0F912
:10FEA000020006F06CFE9FEDCC0B55EC107B3A4641
:10FEB0002B4606F007FF06F0B7FB00EE100AB4F978
:10FEC0000C00B4F90A6001EE100AB8EEC11A31EE66
:10FED000000ABDEEC00A10EE100AA081404606F0EE
:10FEE0004EFE3A462B4606F0EDFE06F09DFB01EE77
:10FEF000106A00EE100AB8EEC11A31EE000ABDEE2B
:10FF0000C00A10EE100A5EE19AF8010078B90020EC
:10FF1000CAF80200CAF806002068D4F80A104FEAAE
:10FF20003040CAF80A004FEA3140CAF80E000121F9
:10FF3000D9F800008AF801104178032940F0508177
:10FF4000DAF818704AF63B06BB08C3F68326B0F809
:10FF50000520BAF80210A3FB063CB0F80350BAF82B
:10FF600004300A4462801D448689BAF80620258040
:10FF70004589BAF808001644A681461966814FEAF9
:10FF8000DC068C2506FB15760137462ECAF818705C
:10FF9000C0F0D2810139AAF80210D91EAAF80410C3
:10FFA000511C0330AAF80610AAF80800D7E100BFD8
:10FFB00099F82200012840F02D81D9F80000D0F8EE
:10FFC0000310216081894089A1819DE140F21020C8
:10FFD000C2F200000068B0F90010B0F9049002917C
:10FFE000B0F90210B0F90600009106F0C8FD9FEDCF
:10FFF0007A0B56EC107B3A46334606F063FE06F069
:020000040801F1
:1000000013FB00EE100AB4F90200B4F90A1001EE75
:10001000100AB8EEC11A31EE400ABDEEC00AB4F9BA
:100020000050B4F90C8010EE10BA48460191A4F8C3
:1000300002B006F0A4FD3A46334606F043FE06F051
:10004000F3FA01EE105A00EE100AB8EEC11A31EEC2
:10005000000ABDEEC00A009810EE109AA4F80090B5
:1000600006F08DFD3A46334606F02CFE06F0DCFA2B
:1000700001EE108A00EE100AB8EEC11A31EE000A45
:10008000BDEEC00A029810EE105AA58106F077FD69
:100090003A46334606F016FE06F0C6FA00EE100A9F
:1000A000019840F2D45101EE100AB8EEC11A31EEB7
:1000B000000AC2F20001BDEEC00AA1F87AB040F613
:1000C0003E3BA1F8789040F2083910EE100AC2F2D7
:1000D000000BC2F200096081A1F88050A1F87E00F7
:1000E0003DE100BF40F6DA05C2F200052846F8F708
:1000F000C5F928466421F6F7D5FF2846F8F7ECF94C
:1001000028466421F7F700F840F2B420C2F200005C
:100110000068B0F5FA7F00F2228140F2A420C2F21A
:1001200000000078002800F01A8141F29A702880BF
:1001300041F65250688112E140F21020C2F20000F4
:100140000068B0F90480B0F9060006F018FD9FEDD4
:10015000D40B55EC107B3A462B4606F0B3FD06F067
:1001600063FA00EE100AB4F90200B4F9009001EE4F
:10017000100AB8EEC11A31EE400ABDEEC00A10EE08
:10018000100A6080404606F0FAFC3A462B4606F01C
:1001900099FD06F049FA01EE109A00EE100AB8EE49
:1001A000C11A31EE000A40F20839BDEEC00AC2F2AF
:1001B000000910EE100AF17B208001297FF468AE5F
:1001C000B1897089A181608101B241F6FE729142CC
:1001D00040F3A380CCE000BFFCA9F1D24D6280BF08
:1001E000DAF81800411C48F21F50C5F2EB10A1FBD1
:1001F0000002D0094FF4C87200FB12126088C82AAE
:10020000CAF81810C0F0A680A18902386080881C46
:10021000A4E000BF40F21020C2F200000068B0F974
:100220000010B0F90290B0F90450B0F90600029144
:1002300006F0A5FC9FED9A0B56EC107B3A46334630
:1002400006F040FD06F0F0F900EE100AB4F90200E5
:10025000B4F90A1001EE100AB8EEC11A31EE400AE4
:10026000BDEEC00A10EE100AB4F900B0B4F90C806B
:1002700060802846019106F082FC3A46334606F03B
:1002800021FD06F0D1F901EE10BA00EE100AB8EE29
:10029000C11A31EE000ABDEEC00A10EE100A40F697
:1002A0003E3B2080484640F20839C2F2000BC2F2C1
:1002B000000906F064FC3A46334606F003FD06F0FA
:1002C000B3F901EE108A00EE100AB8EEC11A31EE51
:1002D000000ABDEEC00A10EE100AA081029806F0D6
:1002E0004EFC3A46334606F0EDFC06F09DF900EE72
:1002F000100A019801EE100AB8EEC11A31EE000A98
:10030000BDEEC00A10EE100A012160812172A174B5
:1003100001B241F6FE7291422ADCB1F1FF3F07DDE6
:10032000B4F9001041F6FF7291422BDB891A2FE0DD
:1003300041F6FF711EE000BF0131AAF80210D91C7E
:10034000AAF80410511E0338AAF80610AAF80800EB
:1003500005E000BFA18902306080881EA0810120D5
:100360002072A074608901B241F6FE729142D4DD20
:100370004EF2010108446081B4F9001041F6FF72A9
:100380009142D3DAB1F1FF3F03DC41F6FF72114431
:100390002180D9F8042092F91720002A2CD4E28A6F
:1003A00041F61D13D31AA2F5CB6740F25D4641F624
:1003B000BB22B74238BF41F69732B3F5B36F38BFAF
:1003C00041F6BB22A78B41F2E463FB1AB3F5AB6F96
:1003D00040F28353AAF8122007D9A7F6352740F236
:1003E0002F46B74238BF40F27243B4F90C70AAF8F6
:1003F00014309F420CDB0EE041F68B5240F27E231C
:10040000AAF81220B4F90C70AAF814309F4202DA4C
:10041000822F01DC8223A381B4F9023041F6A27756
:10042000BB4203DD41F6A372628002E09342D8BF73
:100430006280A0F23B1293B240F20C62934203D26C
:1004400040F23B1007E000BFA0F2467080B290423D
:1004500002D840F652506081A1F6020080B240F20C
:100460007362904202D240F6020008E0A1F6746086
:1004700080B240F27261884202D841F2E6402080A8
:100480009BF801000A281CBF00208AF8010040F6F2
:10049000DA00C2F2000003B0BDE8F04FF4F7E6BDA9
:1004A000FCA9F1D24D6280BF2DE9F04F81B02DED56
:1004B0000C8B88B015460491064605A90C200C2229
:1004C0001C46F4F7BDFFBDF91A00BDF91EB000EEE1
:1004D000100A45F256500BFB00F0070C07EBD070EA
:1004E00000B200EB4000BDF91410BDF9162040F237
:1004F0009C4A02EE100ABDF91830C2F2000AB8EEAA
:10050000C22A8AED072A02EE101A03EE102AB8EE6C
:10051000C22AB8EEC33A04EE103ABDF91C80B8EE18
:10052000C44A22EE035A25EE045A01EE108AB5EEB3
:10053000405AB8EEC00AB8EEC11AF1EE10FA8AEDD0
:10054000050A8AED061A8AED082A8AED093A8AED2B
:100550000A4A0BD108B0BDEC0C8B01B0BDE8F08F9E
:100560000000FA44704E1B41728A8E3C40F6C02156
:10057000C2F20001097B012202FA01F105EE101A14
:10058000B8EEC55AB6EE006A1FED0B7A25EE065A94
:1005900087EE056A1FED0D7A5FED0D1A22EE072A30
:1005A00023EE073A32EE022A33EE033A24EE074AEC
:1005B00082EE052A83EE053A34EE044A84EE054ABB
:1005C00000B205EE100A26EE000A26EE011A60EED1
:1005D000210A21EE217A45F6DF10B8EEC55AC5F69C
:1005E000377026EE055A22EE021A23EE030A31EE88
:1005F000000A24EE041A31EE001A11EE101AA0EBD4
:100600006101BEEE000A25EE216A05EE101A21EE08
:10061000001A21EE051A61EE051AB7EE081A71EEFE
:10062000811A40F20C0921EE855AC2F2000962EEED
:10063000051A63EE052A64EE053A9AED024A9AED30
:10064000032A99ED025A9AED043A62EE054A64EEE5
:10065000035A75EEE44A63EE025A65EE046A76EEDA
:10066000A55A64EE046A65EE057A77EEE66A62EEF4
:10067000027A76EEE76A63EE037A77EEA66A75EEA3
:10068000A55A74EEA44A65EEA37A22EEA68ACAEDB4
:100690000A3ACAED0E6A66EEA16A63EEA43ACAEDA2
:1006A000092ACAED0C4A64EEA22ACAED081A61EEC4
:1006B000A51ADAED014A78EE677A71EEE21ADAED00
:1006C000122ACAED0D5A67EEA45A73EEE63A75EE99
:1006D000A22ADAED135A63EEA46A76EEA55ADAED91
:1006E000146A61EEA44A74EEA64AD9ED006ACAED16
:1006F0000F7A66EEA77A77EEA00ACAED122A72EE9A
:10070000A00A66EEA32A32EE877ACAED111A66EEC7
:10071000A11A35EE877A31EE866A34EE866A67EE84
:10072000021A64EE602A72EEE11A63EE062ACAED3E
:10073000103A71EEE21A62EE062A65EE203A73EE86
:10074000A22A63EE073ACAED144A72EEE32A66EE75
:10075000043A65EE074A74EEE33A63EE204A74EE1B
:10076000A33AD9ED014A8AED067A62EEA42A8AED0F
:10077000164A74EE222A24EE074A21EEA47A8AED64
:10078000155A35EE077A25EE065A35EE044A23EE61
:10079000A45A8AED172A32EE055A22EE202A34EEA8
:1007A000422A22EE242A8AED183A33EE022A22EE59
:1007B000A23A27EE074A34EE033A25EE054A34EE14
:1007C000033A22EE024A34EE033A13EE101AA0EB7B
:1007D000610023EE000A03EE100A20EE030A20EE69
:1007E000030A30EE010A20EE030A8AED0B0A27EE17
:1007F000001A22EE803A25EE004A22EE000AB8EEF8
:10080000002A89ED021A21EE021A33EE032A24EEA1
:10081000011A8AED040A22EE000A30EE010A10EEF7
:10082000100A0396CAED135A8AED076ACAED050A43
:100830008AED034A8AED023A06F008FD41EC100BFE
:1008400004F07EFD51EC100B9FED770BCDE90154C8
:1008500054EC105B2A46234606F034FA9FED740BE5
:10086000024656EC107B0B463846314606F000FC3B
:1008700006F056F900EE100A9FED719AB8EEC00A24
:1008800020EE090A99ED02AA9AED02BA9AED04CA7D
:100890009AED03DABDEEC00A10EE100A2AEE0C0A39
:1008A0002BEE0D1A31EE000A30EE000AAAF8000015
:1008B00010EE100A06F0CAFC2BEE0B0A2AEE0A1AFA
:1008C00031EE000A2DEE0D1A30EE410A2CEE0C1A14
:1008D00030EE410A41EC180B10EE100A06F0B6FC9F
:1008E00041EC110BB0EE480AF0EE680A05F044F84E
:1008F00051EC100B2A46234606F0E4F93A463346FB
:1009000005F0C4FE06F00CF900EE100AB8EEC00ABD
:1009100020EE090A99ED029A9AED02AA9AED04BA1C
:100920009AED03CABDEEC00A10EE100A29EE0B0ABA
:100930002AEE0C1A31EE000A30EE000AAAF8020084
:1009400010EE100A06F082FC2AEE0A0A29EE091AB5
:1009500031EE000A2CEE0C1A30EE410A2BEE0B1A87
:1009600030EE410A41EC180B10EE100A06F06EFC56
:1009700041EC110BB0EE480AF0EE680A04F0FCFFFF
:1009800051EC100B2A46234606F09CF93A463346B2
:1009900005F07CFE9FED280B53EC102B06F092F92E
:1009A00005F042FE40F62A34C2F20004BAF9001003
:1009B000CAF86400B4F9020000EE101A01EE100A41
:1009C000B7EE008AB8EEC00AF8EEC10AB0EE481AD7
:1009D000F4F73AFBBDEEC00A039910EE100A088046
:1009E000BAF9020000EE100AB4F90000B8EEC00A2D
:1009F00001EE100AF8EEC10AB0EE481AF4F724FB33
:100A0000BDEEC00A049910EE100A08800198A0F803
:100A100000800298A0F800B008B0BDEC0C8B01B0CB
:100A2000BDE8F08F00BF00BF0000006066A64C402C
:100A300000000000008066400000008068C1364071
:100A4000440BB64180B5002808BF012003F01EFA10
:100A5000002080BD80B503F069FA002080BD000051
:100A6000B0B584B043698E4693B1846984B1058979
:100A7000D0E9001C026928B2843D18BFC51CCDE92D
:100A8000005360467346029403F042FF04B0B0BDC9
:100A90000589D0E90013028A28B2843D18BFC51C1D
:100AA00003AC184673460095019403F001FF0399C7
:100AB000012818BF0021084604B0B0BD90ED144ACB
:100AC00030EEC02A9FED891AB5EE404AF1EE10FAD9
:100AD000B0EEC23A80ED080AC0ED050A80ED0B2A9F
:100AE00008D0B4EE443AF1EE10FA03DDB0EE410A5C
:100AF000704700BF90ED154AB5EE404AF1EE10FA8E
:100B000004D0B4EE443AF1EE10FAEFDB816D032924
:100B100070D0042940F0D28090ED0A1A90ED005A6E
:100B200090ED016A32EE413A90ED094A25EE033A22
:100B300022EE065A31EE016A32EE466A90ED027AF2
:100B400036EE044A90ED186A27EE044AB8EE467A6B
:100B5000B4EE475AB0EE456A80ED0C3A80ED0D5A7E
:100B600080ED0E4AF1EE10FAC8BFB0EE476AB1EE62
:100B7000477A04DCB4EE476AF1EE10FA0ADAB4EE12
:100B8000476AF1EE10FAB8BFB0EE476AB0EE465AC7
:100B900080ED0D6A33EE053A34EE034A90ED133AD8
:100BA00090ED175A33EE043AB8EE455A80ED114AEB
:100BB000B4EE453AB0EE434A80ED123AF1EE10FA47
:100BC000C8BFB0EE454AB1EE455A04DCB4EE454A22
:100BD000F1EE10FA0ADAB4EE454AF1EE10FAB8BFB7
:100BE000B0EE454AB0EE443A80ED124A80ED133A39
:100BF00066E000BF90ED014A90ED0A1A90ED0D5AA3
:100C000090ED026A24EE024A34EE055A32EE414A71
:100C100026EE044A90ED186A90ED003AB8EE467A56
:100C200022EE033AB4EE475AB0EE456A80ED0C3A34
:100C300080ED0D5A80ED0E4AF1EE10FAC8BFB0EE0D
:100C4000476AB1EE477A04DCB4EE476AF1EE10FA77
:100C50000ADAB4EE476AF1EE10FAB8BFB0EE476AAE
:100C6000B0EE465A80ED0D6A33EE053A34EE033AA3
:100C700090ED174A80ED0F3AB8EE445AB4EE453A7B
:100C8000B0EE434AF1EE10FAC8BFB0EE454AB1EEFD
:100C9000455A04DCB4EE454AF1EE10FA0ADAB4EE35
:100CA000454AF1EE10FAB8BFB0EE454AB0EE443A0C
:100CB00080ED0F4A80ED103A02E000BF90ED0A1A75
:100CC000C26903698261482280ED091A80ED0A2A0F
:100CD00080ED070AC360C0ED040A032908BF3C2267
:100CE000104490ED001AB0EE410A70470000000079
:100CF0009FED872A30EEC01AB4EE421AF1EE10FAD8
:100D000080ED080AC0ED050A80ED0B1A0ADD9FEDA3
:100D1000822AB4EE421AF1EE10FA09DB9FED7D2A29
:100D200002E000BF9FED792A31EE021A80ED0B1A26
:100D3000816D032970D0042940F0D28090ED0A2AF9
:100D400090ED005A90ED016A31EE423A90ED094A79
:100D500025EE033A21EE065A32EE026A31EE466A79
:100D600090ED027A36EE044A90ED186A27EE044AB6
:100D7000B8EE467AB4EE475AB0EE456A80ED0C3ACA
:100D800080ED0D5A80ED0E4AF1EE10FAC8BFB0EEBC
:100D9000476AB1EE477A04DCB4EE476AF1EE10FA26
:100DA0000ADAB4EE476AF1EE10FAB8BFB0EE476A5D
:100DB000B0EE465A80ED0D6A33EE053A34EE034A42
:100DC00090ED133A90ED175A33EE043AB8EE455AC7
:100DD00080ED114AB4EE453AB0EE434A80ED123A46
:100DE000F1EE10FAC8BFB0EE454AB1EE455A04DC48
:100DF000B4EE454AF1EE10FA0ADAB4EE454AF1EEE5
:100E000010FAB8BFB0EE454AB0EE443A80ED124A4F
:100E100080ED133A66E000BF90ED014A90ED0A2A9A
:100E200090ED0D5A90ED026A24EE014A34EE055A17
:100E300031EE424A26EE044A90ED186A90ED003AEF
:100E4000B8EE467A23EE013AB4EE475AB0EE456A60
:100E500080ED0C3A80ED0D5A80ED0E4AF1EE10FA5D
:100E6000C8BFB0EE476AB1EE477A04DCB4EE476A19
:100E7000F1EE10FA0ADAB4EE476AF1EE10FAB8BFF2
:100E8000B0EE476AB0EE465A80ED0D6A33EE053A91
:100E900034EE033A90ED174A80ED0F3AB8EE445A1B
:100EA000B4EE453AB0EE434AF1EE10FAC8BFB0EEE8
:100EB000454AB1EE455A04DCB4EE454AF1EE10FA6B
:100EC0000ADAB4EE454AF1EE10FAB8BFB0EE454A80
:100ED000B0EE443A80ED0F4A80ED103A02E000BFD8
:100EE00090ED0A2AC26903698261482280ED092ACD
:100EF00080ED0A1A80ED070AC360C0ED040A0329D9
:100F000008BF3C22104490ED000A704700000046E4
:100F1000000080C5000000C60000804570B52DEDC2
:100F2000068BB0EE409A80ED080A9FED950A30EEF0
:100F3000C9AAB4EE40AAB0EE608A0446F1EE10FAF7
:100F4000C0ED050A80ED0BAA02DA9FED8C0A08E0DD
:100F50009FED8D0AB4EE40AAF1EE10FA05DD9FED8B
:100F6000890A3AEE00AA84ED0BAA1AEE100A20F0C4
:100F7000004006F06BF9054640F67650C2F20000DC
:100F800000880E4605F012FE02460B462846314602
:100F900006F095F918B99FED7DAA0020E062A06DDA
:100FA00003286FD0042840F0D18094ED0A0A94ED14
:100FB000003A94ED014A3AEE401A94ED092A23EEE4
:100FC000011A2AEE043A30EE004A3AEE444A94ED11
:100FD000025A34EE022A94ED184A25EE022AB8EE9F
:100FE000445AB4EE453AB0EE434A84ED0C1A84ED0F
:100FF0000D3A84ED0E2AF1EE10FAC8BFB0EE454A64
:10100000B1EE455A04DCB4EE454AF1EE10FA0ADAC4
:10101000B4EE454AF1EE10FAB8BFB0EE454AB0EE74
:10102000443A84ED0D4A31EE031A32EE012A94ED72
:10103000131A94ED173A31EE021AB8EE433A84EDE2
:10104000112AB4EE431AB0EE412A84ED121AF1EEE1
:1010500010FAC8BFB0EE432AB1EE433A04DCB4EE56
:10106000432AF1EE10FA0ADAB4EE432AF1EE10FA4E
:10107000B8BFB0EE432AB0EE421A84ED122A84EDD6
:10108000131A65E094ED012A94ED0A0A94ED0D3AE5
:1010900094ED024A22EE0A2A32EE033A3AEE402A50
:1010A00024EE022A94ED184A94ED001AB8EE445A40
:1010B00021EE0A1AB4EE453AB0EE434A84ED0C1A1A
:1010C00084ED0D3A84ED0E2AF1EE10FAC8BFB0EEB1
:1010D000454AB1EE455A04DCB4EE454AF1EE10FA49
:1010E0000ADAB4EE454AF1EE10FAB8BFB0EE454A5E
:1010F000B0EE443A84ED0D4A31EE031A32EE011A95
:1011000094ED172A84ED0F1AB8EE423AB4EE431A62
:10111000B0EE412AF1EE10FAC8BFB0EE432AB1EEAC
:10112000433A04DCB4EE432AF1EE10FA0ADAB4EEE4
:10113000432AF1EE10FAB8BFB0EE432AB0EE421ADD
:1011400084ED0F2A84ED101A02E000BF94ED0A0A24
:10115000E1692269A161482184ED090A84ED0AAAA6
:1011600084ED079AE26084ED048A032808BF3C21DD
:10117000601890ED000ABDEC068B70BD0000804742
:10118000000000C7000080C700000047000000000A
:1011900000F1580C8CE80E0080EC030A7047000048
:1011A00080EC030A704700002DE9F041044602F08C
:1011B000ADFD40F26C16C2F20006306941F2EC75EA
:1011C000013030613068C2F2000548B17069002812
:1011D00040D13068E16AC06A884298BF346039E023
:1011E00034603069012835D1284602F035FD05F11B
:1011F000140002F031FD05F1280002F02DFD05F18B
:101200003C0002F029FD05F1500002F025FD05F13A
:10121000640002F021FD05F1780002F01DFD40F2AE
:101220007448C2F20008404602F016FD08F11407A7
:10123000384602F011FD06F1680002F00DFD06F1DE
:10124000400002F009FD06F1540002F005FDC6F869
:10125000308077637068B16801220131B160E16A62
:101260008A401043706001EB810005EB8000211D76
:1012700002F034FD02F06EFD706988B13068E16AF9
:10128000C06A884228BFBDE8F0814EF60450CEF215
:1012900000004FF080510160BFF34F8FBFF36F8F9D
:1012A000BDE8F08140F26C1541F2EC764EF6045840
:1012B000C2F20005C2F20006CEF200084FF08057DD
:1012C00003E000BF204602F05DFDE868D0B102F007
:1012D0001DFDE86CC468201D02F09EFC28690138E1
:1012E0002861E8680138E86002F034FD94F859009C
:1012F0000228EAD00128E5D070B9206B02F042FD47
:10130000E0E700BF30680228DFD3C8F80070BFF301
:101310004F8FBFF36F8FD8E74FF0500080F31188E5
:10132000BFF36F8FBFF34F8FFEE700002DE9F0474B
:10133000DDE909878246386B089C00EB820004389F
:10134000994620F0070600297E6455D0087887F872
:101350003400087800284BD0487887F83500487862
:10136000002845D0887887F83600887800283FD054
:10137000C87887F83700C878D0B3087987F838007C
:101380000879A8B3487987F83900487980B3887913
:1013900087F83A00887958B3C87987F83B00C8794C
:1013A00030B3087A87F83C00087A08B3487A87F89F
:1013B0003D00487AE0B1887A87F83E00887AB8B173
:1013C000C87A87F83F00C87A90B1087B87F8400058
:1013D000087B68B1487B87F84100487B40B1887B37
:1013E00087F84200887B00281CBFC87B87F8430031
:1013F000002087F8430002E0002087F83400002531
:10140000381D062C28BF0624FC62C7E9124502F0ED
:101410002FFC07F1180002F02BFC84F00700B861E4
:10142000304651464A463F617F623D657D6587F89B
:10143000585000F043F9B8F1000F386018BFC8F8F1
:101440000070BDE8F087000008480068006880F37D
:1014500008884FF0000080F3148862B661B6BFF3CD
:101460004F8FBFF36F8F00DF00BF000008ED00E07B
:1014700081B00020009040F2E000C2F2000000685D
:101480004FF0500181F31188BFF36F8FBFF34F8F7F
:10149000013007D0FEE700BF009830B9009820B9AE
:1014A000009810B900980028F6D001B070470000ED
:1014B00070B5044602F0A2FD40F2E81CC2F2000C36
:1014C000DCF8040050B19CF80000002818BF4FF071
:1014D00000404FF0000574BB8DE000BF41F6FE00F8
:1014E000C2F20000C21D22F0070210F00701A0EBBB
:1014F000020318BF104600224FF47055CCE90602D3
:10150000002918BF03F57055411921F00701A1F119
:101510000803CCF8043041E90222191AC0E900316D
:1015200001208CF800004FF00040CCE90211002CA3
:101530004FF000055FD020405DD124F0070000F19E
:101540001002600708BF04F10802002A4FF00005EE
:1015500051D0DCF8080082424DD8604650F818EFB0
:10156000DEF8045095422CD2DEF80010C1B174466A
:101570004D68954218D20B68B3B15D68954217D299
:101580001868A8B14568954216D20468A4B1656888
:10159000954215D22168A6460029E9D111E000BF85
:1015A0000CF118000DE000BF8E46204609E000BF98
:1015B0009E46084605E000BF8646184601E000BF8B
:1015C000A646DCF804108E4514D00168DEF8004011
:1015D000AB1A112B04604DD30EEB0205680719D02E
:1015E0004FF0500080F31188BFF36F8FBFF34F8F20
:1015F000FEE700BF002503F04BFA68075BD04FF011
:10160000500080F31188BFF36F8FBFF34F8F00BF7F
:10161000FEE700BF0CF118006B60CEF8042000BF9D
:101620000368AB420AD21868A8420BD20368AB42E7
:1016300004D218681A46A842F2D304E002461846BB
:1016400001E000BF1A4653686C68D618AE4202D15A
:101650001C44154654602B19834207D1DCF8043032
:10166000984203D0D0E9000323446B60AA4228606B
:1016700018BF156001F10805DEF80400DCE902126C
:10168000091A9142CCF8081038BFCCF80C109CF81D
:101690000010002918BF40F00040CEF80400DCF82C
:1016A000100000210130CEF80010CCF8100003F03B
:1016B000EFF96807A3D1284670BD0000034641F248
:1016C0007140C0F601004FF0807C21F0010103E978
:1016D00003106FF0020043F8240CA3F1440043F818
:1016E000202C70470A784B7863F30A22A2F58062B7
:1016F00002804A788B78D20863F34A12A2F580629E
:101700004280CB788A7891F804C09B0043EA921219
:101710006CF38A22A2F5806282800A794B795208A2
:1017200063F3CA12A2F58062C2804A7992094272BA
:101730004A79C2F301120273CA8882820A89C2827C
:101740004A8902830A7B02F0010282764A7B02F018
:10175000010280F820208A7B02F0010280F82C2010
:101760008A7BC2F3400280F844208A7BC2F3800265
:1017700080F83E208A7BC2F3C00280F84A208A7B30
:10178000C2F3001280F87A208A7BC2F3401280F8FC
:1017900080208A7BC2F3801280F826208A7BD209BF
:1017A00080F83220CA7B02F0010280F83820CA7B20
:1017B000C2F3400280F85020CA7BC2F3800280F856
:1017C0005620CA7BC2F3C00280F85C20CA7BC2F3F9
:1017D000001280F86220CA7BC2F3401280F86820B1
:1017E000CA7BC2F3801280F86E20CA7BD20980F8CF
:1017F00074200A7C497C61F30A22A2F5806140F2E0
:101800001022C2F2000252680182B2F900000021E7
:101810001F28B8BF012191707047000010B50C4619
:10182000C0E9002110468621EEF7A9FE1E20208087
:1018300010BD0000C1890AB281EAE231A1EBE231B8
:1018400089B240F2252291420AD8B0F9101040F234
:10185000272291420ADB01228274C181704700BFB6
:10186000018A00228274C181704700BF4FF6D952AD
:10187000CFF6FF729142CCBF002203228274C18155
:101880007047000070B582B082780C46022A06D3F9
:1018900001218170217A41F0020121728278417820
:1018A000012A03D1032909D9032102E0082905D31C
:1018B00007214170217A41F002012172017859B16A
:1018C0000D2912D30C210170217A41F002012172FD
:1018D000C17804290CD211E001210170217A41F074
:1018E0000101217201780D29ECD2C178042905D3B8
:1018F0000321C170237A43F00203237243780078F6
:10190000D20163F3061200F00F0010448DF80400BA
:101910008DF8051034B3A06C00B3E56CF5B1206D03
:10192000E0B194F85700012820D16368E56C01AE5E
:10193000402031460122A8476168226DA0724FF411
:10194000E1709047A07AE0B96368E56C711C4120B2
:101950000122A847A0724FF4E1700EE0FF2040B2D0
:1019600002B070BDFF2040B202B070BD636801A933
:1019700040200222A847A07214206168226D90477F
:10198000A07A18B1FE2040B202B070BD0DF107017F
:101990001B2001222346F7F777FC0028E3D19DF8AE
:1019A0000700C0F3820003280AD84FF60031C000B8
:1019B000CFF6FA1121FA00F040B202B070BD00BFBC
:1019C000002040B202B070BDF0B585B00C460546AF
:1019D000607D0021CDE9031102910191E0B1E1693F
:1019E0000138063111F8062C222A19D0A0B111F8BD
:1019F000032C222A16D001280ED00A78222A14D0CD
:101A0000022809D0CA78222A0ED00438421C01F1DB
:101A10000C01E7D1F82010E0F82040B205B0F0BD8D
:101A2000063902E0033900E00331487801AE8F78CF
:101A300031462246F7F788FB10B140B205B0F0BD41
:101A4000F05D05F0010100F0FE000844F0550CB314
:101A5000A06CF8B1E56CEDB1206DD8B194F85700E9
:101A600001281BD1002500BF6368E76C05F1300039
:101A70007119C0B20122B8476168226DA0724FF49B
:101A8000E1709047A07AA0B90F2D05F10105EBD1C7
:101A90000FE000BFFF2040B205B0F0BD636801A9B0
:101AA00030201022A8476168226DA0721420904750
:101AB000A07A002818BF6FF0010040B205B0F0BD59
:101AC000F0B585B00C460546607D0021CDE90311D7
:101AD00002910191E0B1E1690138063111F8062C5B
:101AE000042A19D0A0B111F8032C042A16D0012819
:101AF0000ED00A78042A14D0022809D0CA78042A01
:101B00000ED00438421C01F10C01E7D1F82010E09E
:101B1000F82040B205B0F0BD063902E0033900E01C
:101B20000331487801AE8F7831462246F7F70CFB37
:101B300010B140B205B0F0BDF81CC0B2315C01F08C
:101B40007F0141EAC511315404B3A06CF0B1E56CDA
:101B5000E5B1206DD0B194F8570001281AD10025C5
:101B60006368E76C05F130007119C0B20122B84713
:101B70006168226DA0724FF4E1709047A07AA0B91D
:101B80000F2D05F10105EBD10FE000BFFF2040B2A2
:101B900005B0F0BD636801A930201022A847616834
:101BA000226DA07214209047A07A002818BF6FF011
:101BB000010040B205B0F0BDF0B585B00C46054659
:101BC000607D0021CDE9031102910191E0B1E1694D
:101BD0000138063111F8062C1A2A19D0A0B111F8D3
:101BE000032C1A2A16D001280ED00A781A2A14D0EB
:101BF000022809D0CA781A2A0ED00438421C01F1F2
:101C00000C01E7D1F82010E0F82040B205B0F0BD9B
:101C1000063902E0033900E00331487801AE8F78DD
:101C200031462246F7F790FA10B140B205B0F0BD48
:101C3000F05D05F0010100F0FD0040EA4100F055C3
:101C400004B3A06CF0B1E56CE5B1206DD0B194F8AF
:101C5000570001281AD100256368E76C05F13000B0
:101C60007119C0B20122B8476168226DA0724FF4A9
:101C7000E1709047A07AA0B90F2D05F10105EBD1D5
:101C80000FE000BFFF2040B205B0F0BD636801A9BE
:101C900030201022A8476168226DA072142090475E
:101CA000A07A002818BF6FF0010040B205B0F0BD67
:101CB000F0B585B00C460546607D0021CDE90311E5
:101CC00002910191E0B1E1690138063111F8062C69
:101CD000122A19D0A0B111F8032C122A16D001280B
:101CE0000ED00A78122A14D0022809D0CA78122AF3
:101CF0000ED00438421C01F10C01E7D1F82010E0AD
:101D0000F82040B205B0F0BD063902E0033900E02A
:101D10000331487801AE8F7831462246F7F714FA3E
:101D200010B140B205B0F0BDF05D05F0010100F06A
:101D3000FE000844F0550CB3A06CF8B1E56CEDB1B1
:101D4000206DD8B194F8570001281BD1002500BFA1
:101D50006368E76C05F130007119C0B20122B84721
:101D60006168226DA0724FF4E1709047A07AA0B92B
:101D70000F2D05F10105EBD10FE000BFFF2040B2B0
:101D800005B0F0BD636801A930201022A847616842
:101D9000226DA07214209047A07A002818BF6FF01F
:101DA000010040B205B0F0BD2DE9F04184B00C4611
:101DB0000546607D0021CDE9021101910091E8B155
:101DC000E1690138063111F8062C202A1CD0A8B18F
:101DD00011F8032C202A19D001280FD00A78202AC4
:101DE00017D002280AD0CA78202A11D00438421C01
:101DF00001F10C01E7D1F82714E000BFF82778B211
:101E000004B0BDE8F08100BF063902E0033900E00C
:101E100003314878E8468E7841462246F7F794F930
:101E2000074618B178B204B0BDE8F08118F8060092
:101E300005F0010100F0FD0040EA410008F806004D
:101E400004B3A06C00B3E76C07B3206D00B394F843
:101E5000570001281ED100256368E76C05F13000AA
:101E600008EB0501C0B20122B8476168226DA0727B
:101E70004FF4E1709047A77ABFB90F2D05F1010526
:101E8000EAD112E0FF2714E0FF2712E0FF2710E05D
:101E9000FF270EE06368694630201022B84761686A
:101EA000226DA07214209047A77A002F18BF6FF000
:101EB00001076168226D47F20010C0F202009047EE
:101EC00078B204B0BDE8F081F0B585B00C460546A7
:101ED000607D0021CDE9031102910191E0B1E1693A
:101EE0000138063111F8062C112A19D0A0B111F8C9
:101EF000032C112A16D001280ED00A78112A14D0EA
:101F0000022809D0CA78112A0ED00438421C01F1E7
:101F10000C01E7D1F82010E0F82040B205B0F0BD88
:101F2000063902E0033900E00331487801AE8F78CA
:101F300031462246F7F708F910B140B205B0F0BDBE
:101F4000F05D05F0010100F0FE000844F0550CB30F
:101F5000A06CF8B1E56CEDB1206DD8B194F85700E4
:101F600001281BD1002500BF6368E76C05F1300034
:101F70007119C0B20122B8476168226DA0724FF496
:101F8000E1709047A07AA0B90F2D05F10105EBD1C2
:101F90000FE000BFFF2040B205B0F0BD636801A9AB
:101FA00030201022A8476168226DA072142090474B
:101FB000A07A002818BF6FF0010040B205B0F0BD54
:101FC000F0B585B00C460546607D0021CDE90311D2
:101FD00002910191E0B1E1690138063111F8062C56
:101FE000182A19D0A0B111F8032C182A16D00128EC
:101FF0000ED00A78182A14D0022809D0CA78182AD4
:102000000ED00438421C01F10C01E7D1F82010E099
:10201000F82040B205B0F0BD063902E0033900E017
:102020000331487801AE8F7831462246F7F78CF8B5
:1020300010B140B205B0F0BDF05D05F0010100F057
:10204000FE000844F0550CB3A06CF8B1E56CEDB19E
:10205000206DD8B194F8570001281BD1002500BF8E
:102060006368E76C05F130007119C0B20122B8470E
:102070006168226DA0724FF4E1709047A07AA0B918
:102080000F2D05F10105EBD10FE000BFFF2040B29D
:1020900005B0F0BD636801A930201022A84761682F
:1020A000226DA07214209047A07A002818BF6FF00C
:1020B000010040B205B0F0BDF0B585B00C46054654
:1020C000607D0021CDE9031102910191E0B1E16948
:1020D0000138063111F8062C0C2A19D0A0B111F8DC
:1020E000032C0C2A16D001280ED00A780C2A14D002
:1020F000022809D0CA780C2A0ED00438421C01F1FB
:102100000C01E7D1F82010E0F82040B205B0F0BD96
:10211000063902E0033900E00331487801AE8F78D8
:1021200031462246F7F710F810B140B205B0F0BDC5
:10213000F05D05F0010100F0FE000844F0550CB31D
:10214000A06CF8B1E56CEDB1206DD8B194F85700F2
:1021500001281BD1002500BF6368E76C05F1300042
:102160007119C0B20122B8476168226DA0724FF4A4
:10217000E1709047A07AA0B90F2D05F10105EBD1D0
:102180000FE000BFFF2040B205B0F0BD636801A9B9
:1021900030201022A8476168226DA0721420904759
:1021A000A07A002818BF6FF0010040B205B0F0BD62
:1021B00070B582B00E46817800220229ADF8042065
:1021C00066D301218170327A42F002023272427883
:1021D000042A60D24279022A66D301224271327AFD
:1021E00042F0020232720278052A60D90E2A67D3C1
:1021F0000D220270327A42F002023272C278022A52
:1022000061D20279052A05D304220271337A43F0A0
:10221000020333724578C9010378C478407965F3C5
:10222000051160F3861103F00F0008448DF80400D7
:1022300004F0010042EAC000002E8DF8050051D0E4
:10224000B06C00284AD0F56C002D47D0306D0028C6
:1022500044D096F85700012848D17368F46C01AD5A
:10226000422029460122A0477168326DB0724FF4B6
:10227000E1709047B07A002843D17368F46C691C10
:1022800043200122A047B0724FF4E17035E000BF57
:102290004278042A9ED303224270327A42F002022C
:1022A00032724279022A98D20278052A9ED80622F2
:1022B0000270327A42F00102327202780E2A97D20C
:1022C000C278022A9DD30122C270327A42F0020201
:1022D00032720279052A97D29CE700BFFF2040B2F4
:1022E00002B070BDFF2040B202B070BD736801A99A
:1022F00042200222A847B07214207168326D9047C4
:10230000B07A18B1FE2040B202B070BD0DF10701E5
:102310001B2001223346F6F7B7FF0028E3D19DF8D2
:102320000700C0F3820003280AD84FF60031C0002E
:10233000CFF6FA1121FA00F040B202B070BD00BF32
:10234000002040B202B070BDF0B585B00C46054625
:10235000607D0021CDE9031102910191E0B1E169B5
:102360000138063111F8062C212A19D0A0B111F834
:10237000032C212A16D001280ED00A78212A14D045
:10238000022809D0CA78212A0ED00438421C01F153
:102390000C01E7D1F82010E0F82040B205B0F0BD04
:1023A000063902E0033900E00331487801AE8F7846
:1023B00031462246F6F7C8FE10B140B205B0F0BD76
:1023C000F05D05F0010100F0FD0040EA4100F0552C
:1023D00004B3A06CF0B1E56CE5B1206DD0B194F818
:1023E000570001281AD100256368E76C05F1300019
:1023F0007119C0B20122B8476168226DA0724FF412
:10240000E1709047A07AA0B90F2D05F10105EBD13D
:102410000FE000BFFF2040B205B0F0BD636801A926
:1024200030201022A8476168226DA07214209047C6
:10243000A07A002818BF6FF0010040B205B0F0BDCF
:10244000F0B585B00C460546607D0021CDE903114D
:1024500002910191E0B1E1690138063111F8062CD1
:10246000092A19D0A0B111F8032C092A16D0012885
:102470000ED00A78092A14D0022809D0CA78092A6D
:102480000ED00438421C01F10C01E7D1F82010E015
:10249000F82040B205B0F0BD063902E0033900E093
:1024A0000331487801AE8F7831462246F6F74CFE6C
:1024B00010B140B205B0F0BD781DC0B2315C05F07E
:1024C000010201F0F70141EAC201315404B3A06CEA
:1024D000F0B1E56CE5B1206DD0B194F8570001285A
:1024E0001AD100256368E76C05F130007119C0B29C
:1024F0000122B8476168226DA0724FF4E1709047E5
:10250000A07AA0B90F2D05F10105EBD10FE000BFB6
:10251000FF2040B205B0F0BD636801A93020102251
:10252000A8476168226DA07214209047A07A002805
:1025300018BF6FF0010040B205B0F0BDF0B585B036
:102540000C460546607D0021CDE903110291019101
:10255000E0B1E1690138063111F8062C0F2A19D0D3
:10256000A0B111F8032C0F2A16D001280ED00A783A
:102570000F2A14D0022809D0CA780F2A0ED00438A6
:10258000421C01F10C01E7D1F82010E0F82040B224
:1025900005B0F0BD063902E0033900E003314878A8
:1025A00001AE8F7831462246F6F7CEFD10B140B22B
:1025B00005B0F0BDF81CC0B2315C01F07F0141EA0A
:1025C000C511315404B3A06CF0B1E56CE5B1206DD8
:1025D000D0B194F8570001281AD100256368E76C40
:1025E00005F130007119C0B20122B8476168226D4F
:1025F000A0724FF4E1709047A07AA0B90F2D05F1B9
:102600000105EBD10FE000BFFF2040B205B0F0BDE7
:10261000636801A930201022A8476168226DA0726A
:1026200014209047A07A002818BF6FF0010040B234
:1026300005B0F0BDF0B585B00C460546607D0021C3
:10264000CDE9031102910191E0B1E1690138063150
:1026500011F8062C102A19D0A0B111F8032C102A59
:1026600016D001280ED00A78102A14D0022809D0DA
:10267000CA78102A0ED00438421C01F10C01E7D1AF
:10268000F82010E0F82040B205B0F0BD063902E0B5
:10269000033900E00331487801AE8F783146224695
:1026A000F6F752FD10B140B205B0F0BDF81CC0B253
:1026B000315C05F0010201F0EF0141EA02113154F1
:1026C00004B3A06CF0B1E56CE5B1206DD0B194F825
:1026D000570001281AD100256368E76C05F1300026
:1026E0007119C0B20122B8476168226DA0724FF41F
:1026F000E1709047A07AA0B90F2D05F10105EBD14B
:102700000FE000BFFF2040B205B0F0BD636801A933
:1027100030201022A8476168226DA07214209047D3
:10272000A07A002818BF6FF0010040B205B0F0BDDC
:10273000F0B585B00C460546607D0021CDE903115A
:1027400002910191E0B1E1690138063111F8062CDE
:10275000052A19D0A0B111F8032C052A16D001289A
:102760000ED00A78052A14D0022809D0CA78052A82
:102770000ED00438421C01F10C01E7D1F82010E022
:10278000F82040B205B0F0BD063902E0033900E0A0
:102790000331487801AE8F7831462246F6F7D4FCF3
:1027A00010B140B205B0F0BDF81CC0B2315C01F010
:1027B0007F0141EAC511315404B3A06CF0B1E56C5E
:1027C000E5B1206DD0B194F8570001281AD1002549
:1027D0006368E76C05F130007119C0B20122B84797
:1027E0006168226DA0724FF4E1709047A07AA0B9A1
:1027F0000F2D05F10105EBD10FE000BFFF2040B226
:1028000005B0F0BD636801A930201022A8476168B7
:10281000226DA07214209047A07A002818BF6FF094
:10282000010040B205B0F0BDF0B585B00C460546DC
:10283000607D0021CDE9031102910191E0B1E169D0
:102840000138063111F8062C0E2A19D0A0B111F862
:10285000032C0E2A16D001280ED00A780E2A14D086
:10286000022809D0CA780E2A0ED00438421C01F181
:102870000C01E7D1F82010E0F82040B205B0F0BD1F
:10288000063902E0033900E00331487801AE8F7861
:1028900031462246F6F758FC10B140B205B0F0BD03
:1028A000F05D05F0010100F0FE000844F0550CB3A6
:1028B000A06CF8B1E56CEDB1206DD8B194F857007B
:1028C00001281BD1002500BF6368E76C05F13000CB
:1028D0007119C0B20122B8476168226DA0724FF42D
:1028E000E1709047A07AA0B90F2D05F10105EBD159
:1028F0000FE000BFFF2040B205B0F0BD636801A942
:1029000030201022A8476168226DA07214209047E1
:10291000A07A002818BF6FF0010040B205B0F0BDEA
:10292000F0B585B00C460546607D0021CDE9031168
:1029300002910191E0B1E1690138063111F8062CEC
:10294000032A19D0A0B111F8032C032A16D00128AC
:102950000ED00A78032A14D0022809D0CA78032A94
:102960000ED00438421C01F10C01E7D1F82010E030
:10297000F82040B205B0F0BD063902E0033900E0AE
:102980000331487801AE8F7831462246F6F7DCFBFA
:1029900010B140B205B0F0BD07F10A00C0B2315C21
:1029A00005F0010201F0FE011144315404B3A06CA2
:1029B000F0B1E56CE5B1206DD0B194F85700012875
:1029C0001AD100256368E76C05F130007119C0B2B7
:1029D0000122B8476168226DA0724FF4E170904700
:1029E000A07AA0B90F2D05F10105EBD10FE000BFD2
:1029F000FF2040B205B0F0BD636801A9302010226D
:102A0000A8476168226DA07214209047A07A002820
:102A100018BF6FF0010040B205B0F0BDF0B585B051
:102A20000C460546607D0021CDE90311029101911C
:102A3000E0B1E1690138063111F8062C192A19D0E4
:102A4000A0B111F8032C192A16D001280ED00A784B
:102A5000192A14D0022809D0CA78192A0ED00438AD
:102A6000421C01F10C01E7D1F82010E0F82040B23F
:102A700005B0F0BD063902E0033900E003314878C3
:102A800001AE8F7831462246F6F75EFB10B140B2B8
:102A900005B0F0BDF05D05F0010100F0FE00084456
:102AA000F0550CB3A06CF8B1E56CEDB1206DD8B168
:102AB00094F8570001281BD1002500BF6368E76C1C
:102AC00005F130007119C0B20122B8476168226D6A
:102AD000A0724FF4E1709047A07AA0B90F2D05F1D4
:102AE0000105EBD10FE000BFFF2040B205B0F0BD03
:102AF000636801A930201022A8476168226DA07286
:102B000014209047A07A002818BF6FF0010040B24F
:102B100005B0F0BDF0B585B00C460546607D0021DE
:102B2000CDE9031102910191E0B1E169013806316B
:102B300011F8062C082A19D0A0B111F8032C082A84
:102B400016D001280ED00A78082A14D0022809D0FD
:102B5000CA78082A0ED00438421C01F10C01E7D1D2
:102B6000F82010E0F82040B205B0F0BD063902E0D0
:102B7000033900E00331487801AE8F7831462246B0
:102B8000F6F7E2FA10B140B205B0F0BD781CC0B261
:102B9000315C05F0010201F0DF0141EA42113154DC
:102BA00004B3A06CF0B1E56CE5B1206DD0B194F840
:102BB000570001281AD100256368E76C05F1300041
:102BC0007119C0B20122B8476168226DA0724FF43A
:102BD000E1709047A07AA0B90F2D05F10105EBD166
:102BE0000FE000BFFF2040B205B0F0BD636801A94F
:102BF00030201022A8476168226DA07214209047EF
:102C0000A07A002818BF6FF0010040B205B0F0BDF7
:102C1000F0B585B00C460546607D0021CDE9031175
:102C200002910191E0B1E1690138063111F8062CF9
:102C3000072A19D0A0B111F8032C072A16D00128B1
:102C40000ED00A78072A14D0022809D0CA78072A99
:102C50000ED00438421C01F10C01E7D1F82010E03D
:102C6000F82040B205B0F0BD063902E0033900E0BB
:102C70000331487801AE8F7831462246F6F764FA80
:102C800010B140B205B0F0BD781CC0B2315C05F0A7
:102C9000010201F0EF0141EA0211315404B3A06CCA
:102CA000F0B1E56CE5B1206DD0B194F85700012882
:102CB0001AD100256368E76C05F130007119C0B2C4
:102CC0000122B8476168226DA0724FF4E17090470D
:102CD000A07AA0B90F2D05F10105EBD10FE000BFDF
:102CE000FF2040B205B0F0BD636801A9302010227A
:102CF000A8476168226DA07214209047A07A00282E
:102D000018BF6FF0010040B205B0F0BDF0B585B05E
:102D10000C460546607D0021CDE903110291019129
:102D2000E0B1E1690138063111F8062C062A19D004
:102D3000A0B111F8032C062A16D001280ED00A786B
:102D4000062A14D0022809D0CA78062A0ED00438E0
:102D5000421C01F10C01E7D1F82010E0F82040B24C
:102D600005B0F0BD063902E0033900E003314878D0
:102D700001AE8F7831462246F6F7E6F910B140B23F
:102D800005B0F0BD781CC0B2315C05F0010201F065
:102D9000F70141EAC201315404B3A06CF0B1E56C13
:102DA000E5B1206DD0B194F8570001281AD1002563
:102DB0006368E76C05F130007119C0B20122B847B1
:102DC0006168226DA0724FF4E1709047A07AA0B9BB
:102DD0000F2D05F10105EBD10FE000BFFF2040B240
:102DE00005B0F0BD636801A930201022A8476168D2
:102DF000226DA07214209047A07A002818BF6FF0AF
:102E0000010040B205B0F0BDF0B585B00C460546F6
:102E1000607D0021CDE9031102910191E0B1E169EA
:102E20000138063111F8062C0A2A19D0A0B111F880
:102E3000032C0A2A16D001280ED00A780A2A14D0A8
:102E4000022809D0CA780A2A0ED00438421C01F19F
:102E50000C01E7D1F82010E0F82040B205B0F0BD39
:102E6000063902E0033900E00331487801AE8F787B
:102E700031462246F6F768F910B140B205B0F0BD10
:102E8000F05D05F0010100F0FE000844F0550CB3C0
:102E9000A06CF8B1E56CEDB1206DD8B194F8570095
:102EA00001281BD1002500BF6368E76C05F13000E5
:102EB0007119C0B20122B8476168226DA0724FF447
:102EC000E1709047A07AA0B90F2D05F10105EBD173
:102ED0000FE000BFFF2040B205B0F0BD636801A95C
:102EE00030201022A8476168226DA07214209047FC
:102EF000A07A002818BF6FF0010040B205B0F0BD05
:102F0000F0B585B00C460546607D0021CDE9031182
:102F100002910191E0B1E1690138063111F8062C06
:102F20001B2A19D0A0B111F8032C1B2A16D0012896
:102F30000ED00A781B2A14D0022809D0CA781B2A7E
:102F40000ED00438421C01F10C01E7D1F82010E04A
:102F5000F82040B205B0F0BD063902E0033900E0C8
:102F60000331487801AE8F7831462246F6F7ECF807
:102F700010B140B205B0F0BDF05D05F0010100F008
:102F8000FB0040EA8100F05504B3A06CF0B1E56CA1
:102F9000E5B1206DD0B194F8570001281AD1002571
:102FA0006368E76C05F130007119C0B20122B847BF
:102FB0006168226DA0724FF4E1709047A07AA0B9C9
:102FC0000F2D05F10105EBD10FE000BFFF2040B24E
:102FD00005B0F0BD636801A930201022A8476168E0
:102FE000226DA07214209047A07A002818BF6FF0BD
:102FF000010040B205B0F0BDF0B585B00C46054605
:10300000607D0021CDE9031102910191E0B1E169F8
:103010000138063111F8062C0B2A19D0A0B111F88D
:10302000032C0B2A16D001280ED00A780B2A14D0B4
:10303000022809D0CA780B2A0ED00438421C01F1AC
:103040000C01E7D1F82010E0F82040B205B0F0BD47
:10305000063902E0033900E00331487801AE8F7889
:1030600031462246F6F770F810B140B205B0F0BD17
:10307000F05D05F0010100F0FE000844F0550CB3CE
:10308000A06CF8B1E56CEDB1206DD8B194F85700A3
:1030900001281BD1002500BF6368E76C05F13000F3
:1030A0007119C0B20122B8476168226DA0724FF455
:1030B000E1709047A07AA0B90F2D05F10105EBD181
:1030C0000FE000BFFF2040B205B0F0BD636801A96A
:1030D00030201022A8476168226DA072142090470A
:1030E000A07A002818BF6FF0010040B205B0F0BD13
:1030F000F0B585B00C460546607D0021CDE9031191
:1031000002910191E0B1E1690138063111F8062C14
:103110000D2A19D0A0B111F8032C0D2A16D00128C0
:103120000ED00A780D2A14D0022809D0CA780D2AA8
:103130000ED00438421C01F10C01E7D1F82010E058
:10314000F82040B205B0F0BD063902E0033900E0D6
:103150000331487801AE8F7831462246F5F7F4FF07
:1031600010B140B205B0F0BDF05D05F0010100F016
:10317000FE000844F0550CB3A06CF8B1E56CEDB15D
:10318000206DD8B194F8570001281BD1002500BF4D
:103190006368E76C05F130007119C0B20122B847CD
:1031A0006168226DA0724FF4E1709047A07AA0B9D7
:1031B0000F2D05F10105EBD10FE000BFFF2040B25C
:1031C00005B0F0BD636801A930201022A8476168EE
:1031D000226DA07214209047A07A002818BF6FF0CB
:1031E000010040B205B0F0BDF0B585B00C46054613
:1031F000607D0021CDE9031102910191E0B1E16907
:103200000138063111F8062C132A19D0A0B111F893
:10321000032C132A16D001280ED00A78132A14D0B2
:10322000022809D0CA78132A0ED00438421C01F1B2
:103230000C01E7D1F82010E0F82040B205B0F0BD55
:10324000063902E0033900E00331487801AE8F7897
:1032500031462246F5F778FF10B140B205B0F0BD17
:10326000F05D05F0010100F0DF0040EA4110F0558B
:1032700004B3A06CF0B1E56CE5B1206DD0B194F869
:10328000570001281AD100256368E76C05F130006A
:103290007119C0B20122B8476168226DA0724FF463
:1032A000E1709047A07AA0B90F2D05F10105EBD18F
:1032B0000FE000BFFF2040B205B0F0BD636801A978
:1032C00030201022A8476168226DA0721420904718
:1032D000A07A002818BF6FF0010040B205B0F0BD21
:1032E000F0B585B00C460546607D0021CDE903119F
:1032F00002910191E0B1E1690138063111F8062C23
:10330000162A19D0A0B111F8032C162A16D00128BC
:103310000ED00A78162A14D0022809D0CA78162AA4
:103320000ED00438421C01F10C01E7D1F82010E066
:10333000F82040B205B0F0BD063902E0033900E0E4
:103340000331487801AE8F7831462246F5F7FCFE0E
:1033500010B140B205B0F0BDF05D05F0010100F024
:10336000DF0040EA4110F05504B3A06CF0B1E56C09
:10337000E5B1206DD0B194F8570001281AD100258D
:103380006368E76C05F130007119C0B20122B847DB
:103390006168226DA0724FF4E1709047A07AA0B9E5
:1033A0000F2D05F10105EBD10FE000BFFF2040B26A
:1033B00005B0F0BD636801A930201022A8476168FC
:1033C000226DA07214209047A07A002818BF6FF0D9
:1033D000010040B205B0F0BDF0B585B00C46054621
:1033E000607D0021CDE9031102910191E0B1E16915
:1033F0000138063111F8062C142A19D0A0B111F8A1
:10340000032C142A16D001280ED00A78142A14D0BE
:10341000022809D0CA78142A0ED00438421C01F1BF
:103420000C01E7D1F82010E0F82040B205B0F0BD63
:10343000063902E0033900E00331487801AE8F78A5
:1034400031462246F5F780FE10B140B205B0F0BD1E
:10345000F05D05F0010100F0EF0040EA0110F055C9
:1034600004B3A06CF0B1E56CE5B1206DD0B194F877
:10347000570001281AD100256368E76C05F1300078
:103480007119C0B20122B8476168226DA0724FF471
:10349000E1709047A07AA0B90F2D05F10105EBD19D
:1034A0000FE000BFFF2040B205B0F0BD636801A986
:1034B00030201022A8476168226DA0721420904726
:1034C000A07A002818BF6FF0010040B205B0F0BD2F
:1034D000F0B585B00C460546607D0021CDE90311AD
:1034E00002910191E0B1E1690138063111F8062C31
:1034F000152A19D0A0B111F8032C152A16D00128CD
:103500000ED00A78152A14D0022809D0CA78152AB4
:103510000ED00438421C01F10C01E7D1F82010E074
:10352000F82040B205B0F0BD063902E0033900E0F2
:103530000331487801AE8F7831462246F5F704FE14
:1035400010B140B205B0F0BDF05D05F0010100F032
:10355000EF0040EA0110F05504B3A06CF0B1E56C47
:10356000E5B1206DD0B194F8570001281AD100259B
:103570006368E76C05F130007119C0B20122B847E9
:103580006168226DA0724FF4E1709047A07AA0B9F3
:103590000F2D05F10105EBD10FE000BFFF2040B278
:1035A00005B0F0BD636801A930201022A84761680A
:1035B000226DA07214209047A07A002818BF6FF0E7
:1035C000010040B205B0F0BD2DE9F04F81B02DED06
:1035D000028B88B040F21020C2F20000406840F236
:1035E0003052807840F20451012840F22400C2F2A7
:1035F0000002C2F20001C2F2000008D1406890F857
:103600002900042800F05C81052840F05F81022336
:10361000022081F82A30029082F82A3040F20830E5
:10362000C2F2000001684A7AC87907928A7B059243
:103630000191097C069103F0B9FA9FEDB30B53ECAD
:1036400010BB5A46049303F0D5F89FEDB10B5AEC2A
:10365000105B2A46534603F035FB9FEDAF0B56EC4B
:10366000107B3A46334603F02DFB9FEDAD0B58EC33
:10367000109B4A46434603F025FB02F0D5FF40F27B
:103680005044C2F2000408EE100A606020786178AD
:10369000A0700391009007982070059803F086FAB7
:1036A000049B5A4603F0A6F82A46534603F00AFB49
:1036B0003A46334603F006FB4A46434603F002FB14
:1036C00002F0B2FF0299DDF80CE0DDF818C0032922
:1036D000A06084F803E084F801C037D140F20456BA
:1036E000C2F200063168009D0968079FCB684A69ED
:1036F000D31A48BF5B42AF4240F23055C2F20005D8
:1037000008D04BF20107C0F20107BB423CBFA2F553
:1037100010424A61019A127A012A05D09FEDC88AA7
:10372000002262604A61CA60B1EE480AB16840F2A4
:103730002407BCEEC00AC2F2000781ED170A95F813
:103740002A1000EE100A032912D034E040F2045689
:1037500040F2240740F23055C2F20006C2F20007E0
:10376000C2F2000595F82A1000EE100A032922D1B2
:1037700028680068C26841698A1A48BF5242F44505
:1037800008D04BF20103C0F201039A423CBFA1F5FD
:10379000104141610199C97B012905D09FEDA80A1B
:1037A0000021A1604161C160B1EE401AA868BCEE81
:1037B000C11A80ED171A7868FA68018AF023A029E7
:1037C000D384138416D39FED9F1AB4EE418AF1EE91
:1037D00010FA05DC0022CCF21652B0EE418A62608B
:1037E000C32907D331689FED968A09680022626079
:1037F0004A61CA60C089A0280ED39FED921AB4EE28
:10380000410AF1EE10FA05DC0021CCF21651B0EEBF
:10381000410AA160C32805D2B5EE400AF1EE10FAC4
:1038200005DA06E02868002100684161C1600020D7
:10383000A060B5EE408AF1EE10FAA4BF00206060EF
:103840003046F3F705FE40F23055C2F20005284637
:10385000F3F7FEFD3046EEF703FB2846EEF700FBDC
:1038600096F82A00002818BF032809D1307D08B334
:1038700040F20450C2F20000EEF706FA35E000BF55
:10388000012827D1307D0028F2D1F8687968C08CF2
:10389000098A323888424FF00000C4BF4FF64450C6
:1038A000CFF6FF70708430460024F3F7BFFC7483BA
:1038B0001BE000BF3046F3F7CFFD0020708314E01B
:1038C000032381F82A300320A5E600BF91F82A00DF
:1038D0000290A3E6002430467484F3F7A7FC306816
:1038E0003483006834754461C46095F82A00002868
:1038F00018BF032818D1287D80B340F23050C2F29F
:103900000000EEF7C1F93AE000000000000024409A
:10391000000000000000C0BF0000000000004E409A
:10392000000000000000424001281DD1287D002831
:10393000E3D1F8687968008CC989323888424FF041
:103940000000C4BF4FF64450CFF6FF70688428468D
:103950000024F3F76BFC6C8311E000BF2846F3F7FB
:103960007BFD002068830AE0002428466C84F3F77E
:103970005DFC28682C8300682C754461C460B08BA2
:1039800040F21022C2F20002142804D31420B083A3
:10399000306800210181A88B142804D31420A88347
:1039A000286800210181022086F82A0085F82A0073
:1039B000506840F6DA0182783068C2F200010023D4
:1039C0004B72CB7402B391F822702A680381012FE5
:1039D00013811CBF0023038191F8271000230129C4
:1039E0001ABF00211181118900890022F2F744FBDE
:1039F000012086F8280085F8280008B0BDEC028B6D
:103A000001B0BDE8F08F00BF40680021807800223F
:103A1000002804BF002086F828002868002340689A
:103A20008078002804BF002085F82800002008B016
:103A3000BDEC028B01B0BDE8F04FF2F71DBB00BF3B
:103A400000000000000016C52DE9F04182B00028FA
:103A50006AD00546C1F343001C468DF806004809AC
:103A6000002B8DF807005FD0A06C00285CD0E76CBD
:103A7000002F59D0206D002856D094F857001646D4
:103A800001281BD16368E76C0DF106085B204146F5
:103A90000122B8476168226DA0724FF4E17090472F
:103AA000A07AB8B96368E76C08F101015C200122D3
:103AB000B847A0724FF4E17008E000BF63680DF1F1
:103AC00006015B200222B847A07214206168226DB3
:103AD0009047A07A20B1FE2040B202B0BDE8F0814C
:103AE000A06C08B3E76CFFB1206DE8B194F8570003
:103AF00001281FD15EB3C6F1000800276368E66C99
:103B000007F15E00E919C0B20122B0476168226D79
:103B1000A0724FF4E1709047A07AB0B908EB0701AA
:103B200001370131EAD110E0FF2040B202B0BDE818
:103B3000F08100BF63685E2029463246B84761685D
:103B4000226DA07214209047A07A0028C3D10020D3
:103B500040B202B0BDE8F081FBF75EBD2DE9F04157
:103B600042B340F28C05144680464F1EC2F2000557
:103B7000F1F7E8F928784000C0B2F1F75BF9F1F706
:103B80001FFA4046F1F756F9F1F71AFAF1F7DAF9A8
:103B9000287840000130C0B2F1F74CF9F1F710FA83
:103BA0000020F1F785F80646F1F7EAF9013C07F83D
:103BB000016FDDD10020BDE8F081000070B5144632
:103BC0000D460646F1F7BEF940F28C00C2F2000045
:103BD00000784000C0B2F1F72DF9F1F7F1F928B102
:103BE0000124F1F7CDF9204670BD00BF3046F1F752
:103BF00021F9F1F7E5F954B1013D00BF15F8010FC6
:103C0000013CF1F717F9F1F7DBF9002CF6D10024AC
:103C1000F1F7B6F9204670BDD0E9013201699A602A
:103C2000D1F804C082688445536008BF4A6000220E
:103C300002610868013808600868704745F69C43CF
:103C4000C2F20003036045F69C20C2F20000086047
:103C500080201060704700004FF0FF31024642F8AC
:103C6000081F00214260C0E9032201607047000084
:103C7000002101617047000010B5D1F800E01EF18D
:103C8000010213D000F1080462681368734511D86B
:103C900053681C68744511D85A68146874450FD865
:103CA00054682368A4467345EED90BE00269D2F844
:103CB00004C007E09446224604E000BF9C4601E0B1
:103CC00094461A46C1F804C0CCF808108A605160C6
:103CD000086101680131016010BD0000D0F800C02A
:103CE000436808619A684B608A609A68996051607D
:103CF0000CF1010101607047DFF80C00016841F42C
:103D0000700101607047000088ED00E04FF0500046
:103D100080F31188BFF36F8FBFF34F8F40F2E00045
:103D2000C2F2000001684A1C026009B1704700BF7E
:103D30004EF60450CEF200000068000608BF70473F
:103D40004FF0500080F31188BFF36F8FBFF34F8F98
:103D5000FEE7000040F2E000C2F20000016839B165
:103D60000139016018BF7047002080F31188704747
:103D70004FF0500080F31188BFF36F8FBFF34F8F68
:103D8000FEE7000070B5002808BF70BD40F2E815DE
:103D9000C2F200050446287854F8041C002818BF15
:103DA0004FF0004008420DD0A4F1080632689AB1E5
:103DB0004FF0500080F31188BFF36F8FBFF34F8F28
:103DC000FEE700BF4FF0500080F31188BFF36F8F04
:103DD000BFF34F8FFEE700BF21EA000044F8040C58
:103DE00000F00CF954F8041CA8680844A86005F118
:103DF000180000BF0368B3420AD21868B04225D247
:103E00000368B34204D218681A46B042F2D301E004
:103E1000024618465368D418B44202D119441646D3
:103E200051607318834206D16B68984203D0D0E981
:103E3000000319447160B242306018BF16606869AF
:103E400001306861BDE8704000F022BE1A46536838
:103E5000D418B442E5D1E1E74EF21000CEF20000F2
:103E600000210160816040F29001C2F20001096806
:103E700044F6D352C1F26202A1FB02124FF0FF31AD
:103E800001EB9211416007210160704770B5002875
:103E90003FD040F26C15C2F200050446A86948B153
:103EA0004FF0500080F31188BFF36F8FBFF34F8F37
:103EB000FEE700BFA8690130A8616E6A2868043077
:103EC000FFF7AAFE50B12868A419446013D3686BA9
:103ED00029680431FFF7D0FE16E000BF28680121F1
:103EE000C06A6A6801FA00F022EA00006860286887
:103EF000A4194460EBD2286B29680431FFF7BCFE9B
:103F0000286A844238BF2C6200F0C2FD002818BF26
:103F100070BD4EF60450CEF200004FF080510160AB
:103F2000BFF34F8FBFF36F8F70BD0000B0B588B087
:103F30000020CDE9050006A805A904AAFFF77EFE2A
:103F40000598C8B3069C002C40D05C21049A0791C8
:103F500007995C2944D107992063022084F859000D
:103F600007A80025CDE9005041F2A520C0F60100C8
:103F700020A100230294FDF7D9F92046FDF714F99A
:103F8000079940F26C10C2F20000C16189B14FF094
:103F9000500181F31188BFF36F8FBFF34F8F4FF044
:103FA000FF310162012141614562FBF733FB00F003
:103FB000BDFB08B0B0BD00BF4FF0500080F31188CA
:103FC000BFF36F8FBFF34F8FFEE700BF4FF050007E
:103FD00080F31188BFF36F8FBFF34F8FFEE700BFF1
:103FE0004FF0500080F31188BFF36F8FBFF34F8FF6
:103FF000FEE700BF49444C450000000040F26C1051
:10400000C2F20000816901318161704710B540F250
:104010006C14C2F20004A06910B10120A06210BDAE
:104020000020A062FBF74CFBE16B884204D92268B8
:10403000411A136D19441165E0636068B0FA80F0AD
:10404000C0B2C0F11F0041F2EC7100EB8000C2F27F
:10405000000151F820205AB101EB800151F8040F02
:1040600040680A1D904208600CD0C068206010BDF6
:104070004FF0500080F31188BFF36F8FBFF34F8F65
:10408000FEE700BF40680860C068206010BD000007
:10409000F0B581B040F63E30C2F20000407840F208
:1040A000240C40F2F0240828C2F2000CC2F20004F2
:1040B0003CD1DCF80410E26991F834500223452D1C
:1040C000537015D1DCF80C00B2EE0C1AD0F8630076
:1040D000D57D00EE100A0020B4EE410AF1EE10FA90
:1040E000A8BF012005F0FE052844D07591F8345092
:1040F000432D33D091F83450422D00F06D80582D6F
:104100000FD1DCF80C00B2EE0C1AD0F8630000EE10
:10411000100A0020B4EE410AF1EE10FAA8BF012007
:1041200020700D2B40F06B806BE000BFDCF80410BA
:1041300091F83450A5F14602142A33D80B23DFE856
:1041400002F00B2527292B2D2F31393B313D313101
:104150003F31413131444300162336E0DCF80C0096
:10416000B2EE0C1AD0F86300D57D00EE100AB4EE62
:10417000410AF1EE10FAB4BF05F0FD0045F002006F
:10418000D07591F83450422DB9D125E015231CE0AB
:1041900010231AE00E2318E00D2316E00C2314E080
:1041A000132312E0E2691023452D53703FF48AAFC8
:1041B0009EE700BF092308E0122306E00A2304E07B
:1041C000082302E00F2300E00723E269537091F80F
:1041D0003450422D7FF493AFDCF80C00B2EE0C1A91
:1041E000D0F8630000EE100AB4EE410AF1EE10FAC6
:1041F000B4BF0020012082F839000D2B01D00B2B19
:1042000004D1D07D60F07F0303E000BFD07D00F0DB
:104210007F0340F6DA00D375C2F20000C569D0F81A
:104220001600C2F80750C2F8030091F8230040F6C8
:104230002A3560F38203D37591F8290023F008032F
:104240000438B0FA80F0400943EAC00E82F817E063
:1042500091F83300C2F20005507391F82A004CF631
:10426000CD47907308882D887843C00CA2F80B5076
:1042700091F82C50D07391F82E00157491F82F50AE
:10428000907491F83000D57491F83150107540F267
:10429000B030C2F200005575056891F82B30687A8D
:1042A00093756B891076287BA2F81930B5F80D301C
:1042B000D076E87B93832B8A9077A87CA2F81F3076
:1042C000B5F8133082F82100687D5384EB8A82F8B8
:1042D0002400287EA2F82530B5F8193082F827008E
:1042E000E87E1385AB8B82F82A00A87F91F82D60B9
:1042F000A2F82B30B5F81F3082F82D0095F8210078
:10430000DCF80C505674D38582F83800287A00F017
:10431000F00030282FD191F8230000287CD0DCF861
:10432000040090F82300012825D1B5F87600E16952
:10433000A0F59670CA7DB0FA80F0400922F0100214
:1043400042EA0010C875B5F8782020F02000A2F5E8
:104350009672B2FA82F2520940EA4210C875B5F874
:104360007A2000F0BF00A2F59672B2FA82F25209EA
:1043700040EA8210C87594F83A0028B9A069002173
:10438000A0F80710C181417054F8400F45F64C2544
:1043900034F9041C34F9022CC2F2000591424FF0AA
:1043A0000002BCBF0122013124F8041C61682860AE
:1043B000A0686960E168A8602069E96061692861B6
:1043C000A0696961E169A861206AE961616A28629E
:1043D000A06A6962E16AA862206BE962616B286386
:1043E000A06B04F8062CC5E90D1028460321ECF754
:1043F00069FD28463C21ECF7EFFC41F26C30C2F23B
:10440000000029463C22F0F7E1FB20463C21ECF776
:10441000D8F801B0F0BD00BFB5F886002EF010014D
:10442000A0F59670B0FA80F0400941EA0010D0750E
:10443000B5F8881020F02000A1F59671B1FA81F14D
:10444000490940EA4110D075B5F88A1000F0BF0064
:10445000A1F59671B1FA81F1490940EA8110D07550
:10446000DCF8040090F8230001283FF45EAF82E7F7
:104470002DE9F04740F23800C2F2000090F83A000F
:1044800040F6004440F2240740F6DA0640F2644564
:1044900040F2D45A40F2083940F2B038C4F2020473
:1044A0000128C2F20007C2F20006C2F20005C2F201
:1044B000000AC2F20009C2F2000827D1B868807869
:1044C000012835D196F82200012831D196F827002D
:1044D00001282DD1A87A01282AD19AF8860001282E
:1044E00026D199F82200012822D198F8220001282B
:1044F0001ED1786890F82300012840F00F81ECF776
:104500002BFD0120BDE8F047FCF79CBA20461021A6
:104510000022EEF719FD204620210122EEF714FDBE
:10452000204608210022EEF70FFDC820FCF78AFA8A
:10453000204610210122EEF707FD2046202101220E
:10454000EEF702FD204608210122EEF7FDFCB868D7
:104550008078012811D0204610210022EEF7F4FCCB
:10456000204620210022EEF7EFFC20460821012200
:10457000EEF7EAFCC820FCF765FA2046102101227C
:10458000EEF7E2FC204620210122EEF7DDFC20467A
:1045900008210122EEF7D8FC96F82200012815D058
:1045A00096F82700012811D0204610210122EEF7AD
:1045B000CBFC204620210022EEF7C6FC2046082135
:1045C0000022EEF7C1FCC820FCF73CFA204610217F
:1045D0000122EEF7B9FC204620210122EEF7B4FCBF
:1045E000204608210122EEF7AFFCA87A012811D05D
:1045F000204610210122EEF7A7FC204620210122AF
:10460000EEF7A2FC204608210022EEF79DFCC82010
:10461000FCF718FA204610210122EEF795FC2046FF
:1046200020210122EEF790FC204608210122EEF71E
:104630008BFC9AF88600012811D020461021002218
:10464000EEF782FC204620210122EEF77DFC204679
:1046500008210122EEF778FCC820FCF7F3F9204688
:1046600010210122EEF770FC204620210122EEF7F6
:104670006BFC204608210122EEF766FC99F8220027
:10468000012811D0204610210122EEF75DFC2046C2
:1046900020210022EEF758FC204608210122EEF7E7
:1046A00053FCC820FCF7CEF9204610210122EEF77A
:1046B0004BFC204620210122EEF746FC2046082133
:1046C0000122EEF741FC98F82200012811D0204683
:1046D00010210022EEF738FC204620210022EEF7C0
:1046E00033FC204608210022EEF72EFCC820FCF700
:1046F000A9F9204610210122EEF726FC20462021B0
:104700000122EEF721FC204608210122EEF71CFCD5
:104710000120BDE8F047FCF795B900BFF2F730FD86
:104720000120BDE8F047FCF78DB90000B0B584B0BA
:104730004EF2004CCEF2000C4CF27021C4F20F117C
:10474000DCF800294B1C9A420AD14FF0500080F34C
:104750001188BFF36F8FBFF34F8F00BFFEE700BF1D
:10476000DCF800298A4209D14FF0500080F311880B
:10477000BFF36F8FBFF34F8FFEE700BF9CF80010B1
:104780000291FF218CF800109CF800108DF80710A2
:104790009DF8071001F0500240F20821C2F200011A
:1047A0000A7007224A609DF90720B2F1FF3F69DCD9
:1047B000032200BFD31C4B609DF8070040008DF81A
:1047C00007009DF90700B0F1FF3F23DC931C4B600D
:1047D0009DF8070040008DF807009DF90700B0F133
:1047E000FF3F17DC531C4B609DF8070040008DF81D
:1047F00007009DF90700B0F1FF3F0BDC4A609DF810
:104800000700043A40008DF807009DF907000028D2
:10481000D0D4131D032B35D14FF44070486002985B
:104820008CF80000DCF8200940F47000CCF8200976
:10483000DCF8200940F07040CCF82009FFF70CFBB1
:1048400040F2E004C2F2000400252560FFF754FAAC
:104850004EF63470CEF20000016841F04041016034
:10486000FCF7F2FDFFF7D2FB039520684FF05001F3
:1048700081F31188BFF36F8FBFF34F8F013011D0D9
:10488000FEE700BF4FF0500080F31188BFF36F8F39
:10489000BFF34F8FFEE700BF039830B9039820B9EC
:1048A000039810B903980028F6D0002004B0B0BDDA
:1048B0002DE9F04383B00746900098461546894697
:1048C000FCF7F6FDF8B106465C20FCF7F1FDB8B147
:1048D0000446DDE90A100022266384F85920CDE958
:1048E0000010384649462A4643460294FCF71EFD0E
:1048F0002046FCF759FC012003B0BDE8F08300BF5F
:104900003046FFF73FFA4FF0FF3003B0BDE8F083C9
:1049100070B586B00B9CCCB10C9E0EB35C25049593
:10492000049D5C2D26D1049DDDF828C0022586F863
:10493000595005AD3463CDE900C50296FCF7F6FC8D
:104940003046FCF731FC059806B070BD4FF05000C2
:1049500080F31188BFF36F8FBFF34F8FFEE700BF67
:104960004FF0500080F31188BFF36F8FBFF34F8F6C
:10497000FEE700BF4FF0500080F31188BFF36F8F48
:10498000BFF34F8FFEE700002DE9F04740F26C16B1
:10499000C2F20006B06928B1F06A0130F06200206E
:1049A000BDE8F087706A10F1010AC6F824A020D390
:1049B000306B006850B14FF0500080F31188BFF3A6
:1049C0006F8FBFF34F8F00BFFEE700BF306B716B7F
:1049D00031637063B06B0130B063306B006828B135
:1049E000306BC068C068406802E000BF4FF0FF3025
:1049F0003062306A41F2EC788245C2F2000801D29E
:104A0000002434E0306B0024006868B34FF00109E3
:104A100016E000BFF86A716809FA00F2114300EB72
:104A20008000716008EB80002946FFF757F9F86AAB
:104A30003168C96A326B8842106828BF4C4698B109
:104A4000306BC068C7683D4655F8040F82450DD3EA
:104A50002846FFF7E1F8B86A0028DBD007F1180014
:104A6000FFF7DAF8D6E700BF4FF0FF30306230686A
:104A7000C06A00EB800058F82000012888BF01249C
:104A8000B06A002818BF01242046BDE8F087000066
:104A90002DE9F04140F26C15C2F20005A86968B139
:104AA000FFF734F9A8690138A861A86980B100242A
:104AB000FFF750F92046BDE8F08100BF4FF05000ED
:104AC00080F31188BFF36F8FBFF34F8FFEE700BFF6
:104AD00028690028EBD0A86E78B341F2EC78012663
:104AE000C2F20008686FC76807F11800FFF794F872
:104AF0003C1D2046FFF790F8F86A696806FA00F254
:104B0000114300EB8000696008EB80002146FFF74D
:104B1000E5F8F86A2968C96A884228BFAE62A86EBB
:104B20000028DFD1286B006820B1286BC068C068FE
:104B3000406801E04FF0FF302862EC6A4CB101267A
:104B4000FFF722FF002818BFAE62013CF8D1002019
:104B5000E862A86A0028AAD04EF60450CEF20000FF
:104B60004FF080510160BFF34F8F0124BFF36F8F6F
:104B7000FFF7F0F82046BDE8F0815FEA400C08BF7F
:104B800091F0000F4FEA8C234FEAC12243EA5151C2
:104B90004FEA1C5018BF00F5F0404FEA300018BF34
:104BA00041F000415FEA6C5C00F02980BCF1FF3FFE
:104BB00008BF40F080407047130C06BF12044FF04E
:104BC000100C4FF0000C130E04BF12020CF1080C75
:104BD000130F04BF12010CF1040C930F04BF9200D9
:104BE0000CF1020CD30F04BF52000CF1010C114662
:104BF0004FF00002A0F11F00A0EB0C00704711F075
:104C0000004F08BF704731F000413FF4D5AF0B0CA7
:104C100006BF09044FF0100C4FF0000C0B0E04BF40
:104C200009020CF1080C0B0F04BF09010CF1040C74
:104C30008B0F04BF89000CF1020CCB0F04BF49009D
:104C40000CF1010CCCF1200322FA03F341EA030139
:104C500002FA0CF2A0EB0C0000F10100704700001A
:104C600023F07F4720F07F4C80EA030000F00040F3
:104C7000ACEB070303F57C5303F1FF032DE98049F7
:104C800009B44FEA144324EA03484FEA154B25EAD6
:104C90000B4E0FF2042606EB13273E7803FB066744
:104CA000C7F5000707FB06F64FEAD64606F10206EF
:104CB0004FEA543707FB066CCCF1005C4FEA1C4707
:104CC0002CEA074C0CFB06F507FB06F404EB154633
:104CD0004FEA961649085FEA320234BF00204FF0CF
:104CE00000404FEAD13706FB07FC4FEA1C4C0CFB97
:104CF0000BF7D21B03FB0CF761EB07010CFB0EF764
:104D0000B0EB074072EB17420CFB08F734BFA2EB85
:104D10000742B2EB074261EB17414FEA0C444FEAFE
:104D2000910706FB07FC4FEA1C4C0CFB0BF7B0EBA2
:104D3000C74072EB573203FB0CF734BFA2EBC742FC
:104D4000B2EBC74261EB57310CFB0EF7B0EBC7007B
:104D500072EB57720CFB08F734BFA2EBC702B2EB41
:104D6000C70261EB57714FEA816141EA92114FEA44
:104D7000826242EA90124FEA806004EBCC04039F07
:104D80004FEAD13706FB07FC4FEA1C4C0CFB0BF734
:104D9000D21B03FB0CF761EB07010CFB0EF7B0EB2A
:104DA000074072EB17420CFB08F734BFA2EB074237
:104DB000B2EB074261EB17414FEA8C5504EB9C24A0
:104DC0004FEA910706FB07FC4FEA1C4C0CFB0BF764
:104DD000B0EBC74072EB573203FB0CF734BFA2EBCA
:104DE000C742B2EBC74261EB57310CFB0EF7B0EB99
:104DF000C70072EB57720CFB08F734BFA2EBC70277
:104E0000B2EBC70261EB57714FEA816141EA92113F
:104E10004FEA826242EA90124FEA806015EB4C251D
:104E200044F100044FEAD13706FB07FC4FEA1C4C63
:104E30000CFB0BF7D21B03FB0CF761EB07010CFB20
:104E40000EF7B0EB074072EB17420CFB08F734BFCC
:104E5000A2EB0742B2EB074261EB17414FEA813107
:104E600041EA92414FEA823242EA90424FEA803070
:104E70004FEA0C7615EB1C1544F1000448EA034395
:104E80004EEA0B484FF0000EB2EB080C71EB030733
:104E900024BF624639464EEB0E0E4FF0000B001851
:104EA000524149414BEB0B0BB2EB080C71EB030782
:104EB0007BF1000B24BF624639464EEB0E0E4FF0DD
:104EC000000B0018524149414BEB0B0BB2EB080CA5
:104ED00071EB03077BF1000B24BF624639464EEBB2
:104EE0000E0E51EA020718BF46F0010616EB0E76C9
:104EF00055F1000254F1000103D5BDE88901BDE878
:104F00000088BDE88901BDE80048B619524141EB6F
:104F10000101A3F10103704780807F7E7D7C7B7A55
:104F20007978777676757473727171706F6E6E6D55
:104F30006C6C6B6A6A6968686766666564646363FB
:104F400062616160605F5F5E5E5D5D5C5C5B5B5A81
:104F50005A595958585757565655555554545353EE
:104F600052525251515050504F4F4F4E4E4D4D4D49
:104F70004C4C4C4B4B4B4A4A4A4949494848484794
:104F800047474746464645454544444444434343D2
:104F900043424242424141419C46002B30D477007B
:104FA0002BD04FEA37071CB503B44FF010004FF079
:104FB0001001BAF1000F06D0BCF1000FDCBF40F0C9
:104FC000080040F008014FF000000FBCBDE81040A1
:104FD0000BF1010BBBF1010F08BF5FEA170722BFFE
:104FE00012F1010211F101014FF0004143F1000300
:104FF00000F0004043EA00007047F9D35708D0E7BB
:1050000046EA06464FEA164613F1400F1FDD13F13C
:10501000200FDFBF16430A46002120335B42BED07B
:10502000C3F1200746EA06464FEA164602FA07F79A
:1050300046EA070622FA03F2C3F1200701FA07F74E
:1050400042EA070221FA03F14FF00003A7E746EA1C
:10505000020646EA06464FEA164646EA0106BCBF85
:1050600046EA0646360C4FF000034FF000024FF0C0
:10507000000194E72DE9804C70B49A46934691E87C
:10508000380007C831EA400C48BF34EA430C03D566
:10509000FFF7E6FDFFF780FFF0BCBDE8008C2DE9CF
:1050A000804C70B49A46934691E8380007C810F0D7
:1050B000804F08BF13F0804F03D100F005F8FFF7D1
:1050C0006BFFF0BCBDE8008C20F07F4723F07F4CE5
:1050D00080EA030000F0004007EB0C03A3F57C53CB
:1050E000A3F1FE0392F0000F00F0B38095F0000FE3
:1050F00000F077802DE901494FEA114021EA00488C
:105100004FEA144624EA064700FB06FC08FB06F6B5
:1051100007FB08F818EB06484CEB164C00FB07F7AA
:1051200018EB07484CEB17404FEA124B22EA0B4EA4
:105130004FEA154625EA06470BFB06FC0EFB06F672
:1051400007FB0EFE1EEB064E4CEB164C0BFB07F757
:105150001EEB074E4CEB174B18EB0B0840F1000011
:1051600018EB0E0B58EB000840F100008F1A4FF0BF
:1051700000014FF000063CBFC943661B14BFB5EBEE
:10518000040C00213CBFC943F61B4FEA174427EA31
:1051900004454FEA1C472CEA074C04FB076205FB59
:1051A00007F70CFB05F616EB074642EB174204FB2C
:1051B0000CFC16EB0C4642EB1C421BEB060658EBB4
:1051C000020241414EEA8E0E46EA9E0601D5BDE836
:1051D0000189B619524141EB0101A3F10103BDE878
:1051E00001894FEA144524EA05464FEA114721EAAE
:1051F000074C05FB07F406FB07F70CFB06F111EB68
:10520000074144EB174405FB0CFC11EB0C4144EB4C
:105210001C444FEA124722EA074C05FB07F206FB43
:1052200007F70CFB06F616EB074642EB174205FBA9
:105230000CFC16EB0C4642EB1C456A1854F10001BD
:1052400048BF7047B619524141EB0101A3F1010378
:10525000704795F0000F37D04FEA114221EA02461D
:105260004FEA144724EA074C02FB07F106FB07F755
:105270000CFB06F414EB074441EB174102FB0CFC5A
:1052800014EB0C4441EB1C414FEA154725EA074C4F
:1052900002FB07F506FB07F70CFB06F616EB0746C5
:1052A00045EB174502FB0CFC16EB0C4645EB1C428C
:1052B000121951F1000148BF7047B619524141EB34
:1052C0000101A3F1010370474FEA144524EA0546A2
:1052D0004FEA114721EA074C05FB07F106FB07F7E8
:1052E0000CFB06F212EB074241EB174105FB0CFCED
:1052F00012EB0C4251EB1C414FF0000648BF7047C7
:10530000921841EB0101A3F10103704703B4019826
:105310004100009850EAC12018BF04204A0D18BF70
:1053200040F0010040F2FF72B2EB515F08BF40F065
:105330000200012808BF052002B0704700000000ED
:1053400070B5C1482DED020B2DED0E8B82B0119D75
:1053500025F000449FEDBEDB9FEDBFEB84423EDBBA
:10536000A4F140511098A1F17F6108430FD0BC48CF
:10537000844202DC28D1109830B39DED100B02B0AE
:10538000BDEC0E8B02B0BDE8704001F0A5B89DEDFC
:10539000100B53EC1D2B51EC100B01F093FC9DED09
:1053A000100B41EC180B53EC1E2B51EC100B01F0C1
:1053B00089FC53EC182B01F069F941EC100B02B099
:1053C000BDEC0E8B02B070BD0120EBF729F902B0E5
:1053D000BDEC0E8B02B0BDE8704001F091B8A14861
:1053E0009FEDA18B844256DA9DED100BB4F1795FED
:1053F0000ADA51EC100BFFF789FF042808BF01F00F
:105400008FF89DED100BDAE753EC102B51EC100BDD
:1054100001F058FC41EC190B95480621B0EE490A01
:10542000F0EE690A784400F043FF53EC192B51EC7D
:10543000100B01F047FC41EC1A0B8E48B0EE490A04
:10544000F0EE690A0421784400F032FF53EC192B86
:1054500051EC100B01F036FC53EC182B01F016F94F
:1054600041EC100B51EC1A0B53EC102B01F0C2F96C
:10547000CDE900019DED000B53EC102B9DED100BC1
:1054800051EC100B01F01EFC9DED101B53EC112B89
:1054900001F0FCF8D2E09DED100B51EC100B01F087
:1054A0005EF853EC182B01F00BFD9FED730BCDE96B
:1054B000000153EC102B9DED000B51EC100B01F093
:1054C00001FC41EC190B6E480621B0EE490AF0EEE2
:1054D000690A784400F0ECFE53EC192B51EC100BE8
:1054E00001F0F0FB41EC1B0B6648B0EE490AF0EE10
:1054F000690A0421784400F0DBFE53EC192B51ECCF
:10550000100B01F0DFFB53EC182B01F0BFF841EC5E
:105510001C0B51EC190B01F02EF841EC180B5A48FA
:105520009FED5BABA04222DC53EC1C2B51EC1B0B20
:1055300001F060F9CDE900019DED000B51EC180B75
:1055400053EC102B01F0BEFB53EC182B01F09EF82E
:1055500053EC1A2B01F0B6FB53EC1D2B01F088FD28
:1055600053EC1E2B01F0ACFC41EC100B5FE08DED19
:10557000008B002000909DED000B51EC180B53ECBC
:10558000102B01F083F89DED000B41EC1E0B53EC4A
:10559000102B51EC100B01F095FB53EC192B01F083
:1055A0008FFC53EC1E2B01F025F941EC190B53EC49
:1055B0001C2B51EC1B0B01F01DF941EC1B0B53ECA8
:1055C0001A2B51EC190B01F07DFB53EC1D2B01F054
:1055D00077FC41EC190B53EC1A2B51EC180B01F032
:1055E00071FB53EC1B2B01F06DFB53EC192B01F0FD
:1055F0003FFD9DED000B41EC180B53EC1A2B51ECC9
:10560000100B01F05FFB9FED249B53EC192B01F075
:1056100057FC41EC100B51EC180B53EC102B01F024
:1056200027FD53EC192B01F04BFC41EC100B002D26
:105630003FF7C5AE51EC100B00F0EAFF41EC100B48
:10564000BDE60000000000000000F03F0000000088
:10565000075C143326A6913C182D4454FB21F93FD6
:105660000000F07F0000E03F000000000000F03F7D
:10567000881F0000961F0000000000000000E03FAF
:10568000DA1E0000E81E00003333EF3F0000000088
:105690000000000000000040182D4454FB21E93FA9
:1056A00070B59B482DED020B2DED068B079D25F067
:1056B0000044A04218DC9748844202DC0AD10698D4
:1056C00040B19DED060BBDEC068B02B0BDE870400D
:1056D00000F002BF002DCCBF9FED8F0B9FED900B14
:1056E000BDEC068B02B070BD8F48A04215DD8F481F
:1056F000A042D8BF4FF0FF3458DD9DED060B51ECB2
:10570000100BFFF703FE042808BF00F009FF9DED12
:10571000060BBDEC068B02B070BD9DED060B51EC87
:10572000100B00F01CFFCDE9060181489FED828B34
:10573000A0423CDD8248A0421FDD00249FED82ABE9
:105740009DED060B53EC1A2B51EC100B00F09EFF55
:105750009DED060B41EC190B53EC1A2B51EC100B81
:1057600001F0B0FA53EC182B01F082FC53EC192B2A
:1057700001F040F8CDE9060149E09DED060B01245A
:1057800053EC182B51EC100B00F080FF9DED060B35
:1057900041EC190B53EC182B51EC100B01F068FC89
:1057A00053EC192B01F026F8CDE906012FE06848EB
:1057B000A0421FDD02249FED689B9DED060B53EC7C
:1057C000192B51EC100B01F07DFA53EC182B00F063
:1057D0005DFF9DED060B41EC180B53EC192B51ECC2
:1057E000100B01F045FC53EC182B01F003F8CDE948
:1057F00006010CE09DED060B032453EC102B9FEDEE
:10580000580B51EC100B00F0F5FFCDE906019DEDB2
:10581000060B53EC102B51EC100B01F053FA41EC3A
:10582000180B53EC182B01F04DFA41EC190B4E48B4
:105830000621B0EE490AF0EE690A784400F038FD1E
:1058400053EC182B51EC100B01F03CFA41EC180B07
:105850004648B0EE490AF0EE690A0521784400F0A6
:1058600027FD53EC192B51EC100B01F02BFA41ECF6
:10587000100B51EC180B53EC102B002C0EDA00F02F
:1058800005FF9DED061B53EC112B01F01BFA9DED5E
:10589000061B53EC112B01F013FB35E000F0F6FE74
:1058A0009DED061B53EC112B01F00CFA41EC100B93
:1058B0002F48784400EBC40090ED001B51EC100B16
:1058C00053EC112B01F0D4FB9DED061B53EC112B77
:1058D00001F0CEFB41EC100B2648784400EBC400ED
:1058E00090ED001B51EC100B53EC112B01F0E8FA7A
:1058F00041EC100B002DA2BFBDEC068B02B070BDB9
:1059000051EC100B00F084FE41EC100B01E700009D
:10591000000010440000F07F182D4454FB21F93F93
:10592000182D4454FB21F9BF0000DC3F0000203E4D
:105930000000F33F00000000000000000000F03F06
:105940000000E63F000000000000000000000040F2
:105950000080034000000000000000000000F83F4D
:10596000000000000000F0BF2A1C0000E01B000047
:105970006A1B0000221B000070B56F4E2DED040B5A
:105980002DED048B82B0DDF824C0DDE907235C42F5
:105990002CF000411C4341EAD474069D22F00040E3
:1059A000B44205D86C422C4340EAD474B4420BD9BB
:1059B0009DED081B9DED060B02B0BDEC048B04B001
:1059C000BDE8704000F092BDACF14054A4F17F649A
:1059D0001C430BD0022404EAAC7444EAD27405439D
:1059E0009FED578B9FED582B07D015E09DED060BD3
:1059F00051EC100B00F0ABFD42E0002C11BF012C6C
:105A00009DED060B02B0BDEC048B04BF04B070BD6D
:105A1000022C38D0032C3BD00B439FED4D1B9FED48
:105A20004E0B0AD0B14218D1B04209D121F08041C9
:105A300020F08040099107900FE0002A15DA10E06D
:105A4000474B7B44002C08BF93ED000B0DD0012C7D
:105A500010D0022C17D0032C1AD0B0421DD1002A2E
:105A600003DAB0EE410AF0EE610A02B0BDEC048B3D
:105A700004B070BD93ED000B51EC100B00F0C8FDAD
:105A800041EC100BF1E7B0EE480AF0EE680AECE7E3
:105A9000B0EE420AF0EE620AE7E7401A00159FED09
:105AA000329B3C28C8BF8DED000B17DCBCF1000F0A
:105AB000BCBF10F13C0F8DED009B0FDB9DED080B83
:105AC00053EC102B9DED060B51EC100B00F092FEE9
:105AD00000F045FD00F03BFDCDE90001B4B1012C23
:105AE00010D0022C9FED220B53EC102B9DED000BE0
:105AF00051EC100B19D001F0BBFA53EC182B01F04C
:105B0000B7FABDE7019880F0004001909DED000BD1
:105B100053EC192B51EC100B00F0C6FF04BF022010
:105B2000EAF77EFD9DED000B9FE701F0A1FA53EC33
:105B3000182B01F0C5F9A3E70000F07F000000007A
:105B4000182D4454FB210940182D4454FB2109C051
:105B5000182D4454FB21F9BF182D4454FB21F93F63
:105B6000821A000000000000000000000000000099
:105B7000075C143326A6A13C10B52F499FED2C1BC2
:105B80002DED020B84B0059820F000408842D8BF6C
:105B90009DED040B2DDD2949884209D1049840B9B7
:105BA0004FF00100EAF73CFD00F0AAFC06B010BD82
:105BB00005DB9DED040B00F08FFC06B010BD6846C0
:105BC0009DED040B00F0A0F810F0030004BF9DED64
:105BD000021B9DED000B0CD001280ED09DED021B89
:105BE0009DED000B022817D0012000F0DDFB06B070
:105BF00010BD00F0A5FA06B010BD9DED021B9DED95
:105C0000000B012000F0D0FB51EC100B00F000FD68
:105C100006B041EC100B10BD00F092FA51EC100BE5
:105C200000F0F6FC06B041EC100B10BD00000000C7
:105C30000000000000000000FB21E93F0000F07FB1
:105C400010B52F499FED2C1B2DED020B84B005984C
:105C500020F000408842DCBF00209DED040B32DDC7
:105C60002849884209D1049840B94FF00100EAF769
:105C7000D7FC00F045FC06B010BD05DB9DED040B24
:105C800000F02AFC06B010BD68469DED040B00F044
:105C90003BF810F0030011D0012818D09DED021B35
:105CA0009DED000B02281AD000F04AFA51EC100BBF
:105CB00000F0AEFC06B041EC100B10BD9DED021BD8
:105CC0009DED000B012000F06FFB06B010BD9DEDB7
:105CD000021B9DED000B00F033FA06B010BD012051
:105CE00000F062FB51EC100B00F092FC06B041ECAE
:105CF000100B10BD000000000000000000000000BC
:105D0000FB21E93F0000F07F2DE9F14F04462DED26
:105D1000020B2DED088B8AB09FEDE70B80ED020B97
:105D2000139EE74826F0004585420ADC9DED120BE4
:105D3000002084ED000B0AB0BDEC088B03B0BDE879
:105D4000F08FE0489FEDE0AB9FEDE1BBA84247DD5F
:105D5000E14F9FEDE39B9FEDE48B9DED120B53EC28
:105D60001A2B51EC100B002E1CDD01F081F941ECD7
:105D7000100BBD4208D053EC1B2B51EC100B01F063
:105D800077F9C4E900010BE053EC192B51EC100B2F
:105D900001F06EF953EC182B01F06AF9C4E9000127
:105DA0000120C8E700F072FC41EC100BBD4208D0A6
:105DB00053EC1B2B51EC100B00F068FCC4E9000104
:105DC0000BE053EC192B51EC100B00F05FFC53EC83
:105DD000182B00F05BFCC4E900014FF0FF30AAE78C
:105DE000C348A84279DB9DED120B51EC100B00F07B
:105DF000B6FB41EC180B9FEDC00B53EC102B00F0E1
:105E000061FF9FEDBF1B53EC112B00F03FFC00F036
:105E100087FE074600F0B3FE41EC190B53EC1A2B3A
:105E200000F050FF53EC182B01F04AF841EC180B2E
:105E300053EC1B2B51EC190B00F044FFDFF8C8A208
:105E400041EC100B4FEA15580125FA4453EC102B86
:105E500051EC180B01F00CF9032DC4E900013DD001
:105E6000C1F30A5005EB4511A8EB0000113981423E
:105E700034DA0AEB051BB0EE48AA9BED000BF0EEFE
:105E800068AA53EC102B51EC190B00F01BFF41ECEE
:105E90001B0B51EC1A0B53EC1B2B01F0E9F841ECF6
:105EA000180B51EC1A0B53EC182B01F0E1F853ECE2
:105EB0001B2B01F0DDF89BED020B41EC1A0B53ECB0
:105EC000102B51EC190B00F0FDFE53EC1A2B01F0D6
:105ED000CFF841EC100B6D1CB8E70EE0002EA8BF08
:105EE0003846BFF628AF94ED000B51EC100B00F0D4
:105EF0008FFBC4E9000178421DE7C6F3130040F4AC
:105F0000801EC6F30A50A0F2F530471100F01F05BD
:105F1000C5F12000DDF848B00890002006900790F9
:105F20000520EC467949002D07EB0002794408BFB3
:105F300051F8221009D051F8223001EB8201AB4018
:105F40004A68089922FA01F11943A1FB0E26A1FB28
:105F50000B131A449A4234BF0123002303EB0608B3
:105F60000CEB8003D3E901A60E448E4234BF01211D
:105F7000002192448A4411B1924502D903E092452E
:105F800001D2012100E00021C3E901A641444CF8FF
:105F90002010011EA0F10100C4DC029800F10050A5
:105FA000850F0298DDE903678000DDF8148000F0BA
:105FB000E6FD41EC1A0B304600F0F8FD9FED541B56
:105FC00053EC112B00F07EFE41EC1B0B384600F029
:105FD000EDFD9FED511B53EC112B00F073FE41ECD6
:105FE000180B404600F0E2FD9FED4D1B53EC112BCA
:105FF00000F068FE41EC190B51EC180B53EC192B17
:1060000000F044FB53EC1B2B00F040FB53EC1A2B2D
:1060100000F03CFBCDE90801002008909DED080B45
:1060200053EC1A2B51EC100B01F022F853EC1B2B04
:1060300001F01EF853EC182B01F01AF853EC192B51
:1060400000F03EFF9FED381B53EC112B00F03AFEA1
:106050009FED370B41EC180B53EC102B9DED080B0B
:1060600051EC100B00F02EFE53EC182B00F00EFB41
:106070009FED310B41EC180B53EC102B9DED080BF1
:1060800051EC100B00F01EFE53EC182B00F0FEFA42
:1060900041EC100B139810F0004F06D06D4251ECFC
:1060A000100B00F0B5FA41EC100B284684ED000B04
:1060B00041E60000000000000000000000000000B9
:1060C000FB21E93F7CD9024000004054FB21F93F0D
:1060D0003163621A61B4D03DFB21F93F000000003A
:1060E0000000601A61B4D03D7370032E8A19A33B7F
:1060F000FB2139410000000083C8C96D305FE43FD7
:10610000000000000000E03F82160000D0150000F3
:10611000000000000000103E000000000000103CE5
:10612000000000000000103A182D4454FB21F93DF6
:106130003326A611460B113C00000054FB21F93D0B
:1061400010B52DED040B2DED088B82B0B0EE419A09
:10615000F0EE619A0B9820F000449FED4BABB4F148
:10616000795F11DA9DED0A0B51EC100B00F0D8FCB1
:10617000002801BFB0EE4A0AF0EE6A0A02B0BDEC98
:10618000088B04BF04B010BD9DED0A0B53EC102B1F
:1061900051EC100B00F096FD41EC180B3C48062129
:1061A000B0EE480AF0EE680A784400F081F853EC4B
:1061B000182B51EC100B00F085FD9DED0A0B41EC06
:1061C0001B0B53EC192B51EC100B00F07BFD41EC39
:1061D000190B53EC1B2B51EC180B00F073FD53EC17
:1061E000192B00F045FF9FED2C0B41EC190B53ECE4
:1061F000102B51EC180B00F065FD41EC100B2848FA
:10620000844210DA53EC192B51EC100B00F030FFE4
:1062100053EC1A2B00F054FE41EC100B02B0BDEC15
:10622000088B04B010BD1F48A042BCBF9FED1E1BD1
:106230008DED001B06DBA4F50010019000200090FE
:106240009DED001B51EC100B53EC112B00F010FFD7
:106250009DED000B41EC180B53EC102B51EC1A0B7D
:1062600000F006FF41EC1A0B53EC192B51EC180B04
:1062700000F0FEFE53EC1A2B00F022FE41EC100B56
:10628000CCE7000000000000000000000000F03F2C
:10629000EC12000000000000000000000000E03FE1
:1062A0003333D33F0000E93F000000000000D23F3D
:1062B00070B504462DED028B4D1E00EBC500B0EE0F
:1062C000408AF0EE608A90ED000B35F0060017D0A2
:1062D00053EC182B51EC100B00F0F4FC41EC100BBC
:1062E0006D1E04EBC50090ED001B51EC100B53EC40
:1062F000112B00F0CBF941EC100B35F00600E7D183
:10630000022D36D0042D1CD0062D1CBFBDEC028BF7
:1063100070BD53EC182B51EC100B00F0D3FC94ED36
:106320000A1B53EC112B00F0B1F953EC182B00F0C1
:10633000C9FC94ED081B53EC112B00F0A7F941ECBC
:10634000100B53EC182B51EC100B00F0BBFC94ED30
:10635000061B53EC112B00F099F953EC182B00F0AD
:10636000B1FC94ED040B53EC102B00F08FF941ECD1
:10637000100B53EC182B51EC100B00F0A3FC94ED18
:10638000021B53EC112B00F081F953EC182B00F099
:1063900099FC94ED001B53EC112B00F077F9BDEC48
:1063A000028B41EC100B70BD31B504462DED040B92
:1063B0002DED0A8BB0EE41BAF0EE61BA0B989DED6F
:1063C0000A0B20F00040B0F1795F0DDA51EC100BB0
:1063D000FEF79CFF042808BF00F0A2F89DED0A0B11
:1063E000BDEC0A8B05B030BD53EC102B51EC100BFB
:1063F00000F068FC41EC180B9DED0A0B53EC182BD8
:1064000051EC100B00F05EFC41EC190B2C48B0EE87
:10641000480AF0EE680A05217844FFF749FF9FED2E
:106420002ACBB0EE40AAF0EE60AA9CB353EC1C2B32
:1064300051EC190B00F046FC41EC1C0B53EC1A2BF1
:1064400051EC190B00F03EFC9FED210B41EC190BB8
:1064500053EC102B51EC1B0B00F034FC53EC192BBC
:1064600000F006FE53EC182B00F02CFC53EC1B2B19
:1064700000F0FEFD53EC1C2B00F0FAFD9DED0A1B15
:1064800053EC112B00F01CFDBDEC0A8B05B041EC68
:10649000100B30BDFFE753EC1A2B51EC180B00F03A
:1064A00011FC53EC1C2B00F0F1F853EC192B00F00D
:1064B00009FC9DED0A1B53EC112B00F0E7F8E3E714
:1064C0008411000000000000495555555555C5BFC1
:1064D000000000000000E03F10B553EC102B51EC21
:1064E000100B00F0D3F841EC100B10BD10B553ECBD
:1064F000112B51EC100B00F0C9F841EC100B10BD42
:106500009FED050B10B553EC102B51EC100B00F068
:1065100071F941EC100B10BD0000000000000000FC
:106520009FED050B10B553EC102B51EC100B00F048
:10653000C9FB41EC100B10BD000000000000001072
:1065400030380A2801D2012070470020704710B56A
:1065500041EC100BFFF7A4F851EC100B10BD82B00A
:10656000CDE9000121F0004001909DED000B02B04B
:1065700051EC100B704700B52DED048B83B041EC4E
:10658000190B00F0A9FC41EC180B18EE100A18EEDC
:10659000901A8DED008B002818BF0120084320F0D1
:1065A0000040C0F17F6000F1E040C00F14D019EE50
:1065B000101A19EE900A8DED009B002918BF0121D9
:1065C000084320F00040C0F17F6000F1E040C00FC0
:1065D00004BF0120EAF724F851EC180B03B0BDEC1E
:1065E000048B00BD10B500290AD00878002807D018
:1065F00005487844EAF7ACFB002801D0002010BD24
:106600000248784410BD0000DA3C0000D23C000093
:1066100081F00041704780F00040704721F0004158
:10662000704720F00040704721F0004201F0004325
:10663000A2F16052B2F5801F28BFD2F17F6C0BD956
:106640005FEA001C43EAC20242EB507018BF704779
:1066500028BF20F001007047B2F5801FBCBF18466C
:1066600070474FEA410C1CF5001F02D2084600F0AB
:1066700095BE70B500F0D0FB00000089FFF7F6BFB3
:106680004FF00040A0F580007047000010B591EA7F
:10669000030F48BF83F0004300F1F284841A71EBCA
:1066A000030C05D2121943EB0C03001B61EB0C0128
:1066B0004FEA1154A4EB135CDFF81CE11EEA430F10
:1066C00018BF9EEA445F00F0748021EA045123EA77
:1066D0000E0343F48013DCF1200E32D322FA0CFEB9
:1066E00010EB0E0023FA0CFE41EB0E01CCF1200E54
:1066F00003FA0EFE10EB0E00CCF1200E51F100015A
:10670000B1F5801F32D201EB045112FA0EF2BDE84E
:10671000104058BF7047401C38BF5FEA420218BFA4
:106720007047002814BF20F0010041F100014FEA3A
:10673000410313F5001F38BF7047A1F1C04100F0BD
:10674000B9BB012A43EB0302ACF1200CDCF11F0EB4
:1067500032BF4FF0000E23FA0CF310EB030041EBB5
:106760000451B4EB115FD0D0A1EB045101F58011BD
:10677000490801EB04515FEA30000ED350F10000EC
:1067800038BF12FA0EFE08D1BDE81040C9E7401C20
:1067900038BF5FEA4202CAD1C3E7BDE810404FEA02
:1067A000410313F5001F38BF7047A1F1C04100F04D
:1067B00081BB9EEA445F08D011EA5E0FBDE810403D
:1067C00004BF01F0004100207047BDE8104070B5E3
:1067D00000F022FB64FBBE3E0000E0FF491058BF02
:1067E000C1F140415B1058BFC3F140438B42EFF30E
:1067F000008070472DE9C04130B4DFF8A4C23CEA04
:10680000111418BF3CEA131400F0ED801CEA1114B7
:1068100081EA030544EAD57418BF1CEA131500F099
:10682000C880A4EB050404F17F7404F500344FF034
:10683000004545EAC12145EAC32341EA505143EAF4
:1068400052534FEAC0204FEAC222994208BF9042F9
:1068500000F09D804FEA13650FF24416765D4FEA13
:10686000134506FB05F7C7F1807706FB07F74FEAEC
:10687000D737A7FB03687642A7FB06CEC8F580385A
:1068800038BFA8F1010807FB08E6A6FB028C4FF011
:10689000000EE6FB03CEDCF1000CCEF1004E38BF5B
:1068A000AEF1010EA6FB0C584FF00007E6FB0E8779
:1068B000A1FB08C6A0FB07CE16EB0E064FF00005A5
:1068C00045F10005E1FB076515F1E04E7EBFA4F53B
:1068D00080345FEA46066D4116F1800745F10005F8
:1068E0004FEA172747EA05674FEA15254FEA06667C
:1068F000A6F1DE46B6F1805F20D9384605EBC471BB
:1069000024F0010C01EB0C11BCF1FE6F02D8F0BCBD
:10691000BDE8008124425CBF01F5801E9EEAC47F71
:1069200002D4F0BCBDE80081244200F13980A1F11D
:10693000C041F0BCBDE8004100F0BCBA4FEAD02035
:1069400040EA41504FEAD1214FEAD22242EA435273
:106950004FEAD323A7FB028607FB036605FB02660B
:106960001EEA0E0F58BFA6EB0056B6EB00564FEAD4
:10697000520E4EEAC37E18EB0E0E56EB530EBCD5EC
:1069800018EB02085E417F1C55F10005B5E74FF496
:1069900080154FF000074FF000064FF00008ACE7FD
:1069A00001F1C04101F000414FF00000F0BCBDE832
:1069B00000810CEA131511EA0C1F00D00CE013EA59
:1069C0000C1F00F026804FF0000081EA030101F067
:1069D0000041F0BCBDE80081F0BCBDE8004181EAA7
:1069E000030100F067BAF0BCBDE8004170B500F0EB
:1069F00013FA00BF097EFC3E00F007B84FF000001C
:106A000081EA030101F00041704781EA030100F0CF
:106A100051BAF0BCBDE8004122494FF00000704778
:106A2000FFFDFBF9F7F5F4F2F0EEEDEBE9E8E6E453
:106A3000E3E1E0DEDDDBDAD8D7D5D4D3D1D0CFCDDA
:106A4000CCCBCAC8C7C6C5C4C2C1C0BFBEBDBCBB13
:106A5000BAB9B8B7B6B5B4B3B2B1B0AFAEADACAB0E
:106A6000AAA9A8A8A7A6A5A4A3A3A2A1A09F9F9EE8
:106A70009D9C9C9B9A99999897979695959493939A
:106A8000929191908F8F8E8E8D8C8C8B8B8A898931
:106A900088888787868585848483838282818180B4
:106AA0000000FF070000F87F51EA030C17D41CF523
:106AB000801F58BFBCF5801F00F10680994218BFA7
:106AC000704708BF9042704707D711F5801F58BF25
:106AD00013F5801F19D499427047894270471CF5FD
:106AE000801F08D5BCF5801FF7D58B4218BF7047B3
:106AF00008BF824270474FF4001C1CEB410F38BFA7
:106B00001CEB430F01D28B42704770B500F084F943
:106B1000922449004FF000514FF08053FFF75EBEC2
:106B20004FEA41034FEA5353A3F58063D3F11E03A9
:106B3000C8BFD3F1210C0CDD4FF0004242EAC12264
:106B400042EA505232FA03FC8CEAE17CACEBE17091
:106B50007047102BC4BF0020704703F5787CBCF150
:106B6000FF3F04D06FF0004282EA2100704770B509
:106B700000F052F94992248000207047F2E710F0AB
:106B8000004248BF4042B0FA80F310FA03F10AD045
:106B9000C3F11D0303F5806302EB03524FEA41503A
:106BA00002EBD12170474FF000007047B0FA80F33C
:106BB00010FA03F10AD0C3F11D0303F580634FEA15
:106BC00003524FEA415002EBD12170474FF00000D1
:106BD0007047000051EA030C17D41CF5801F58BF02
:106BE000BCF5801F00F10680994218BF704708BFAE
:106BF0009042704707D711F5801F58BF13F5801FCB
:106C000019D499427047894270471CF5801F08D5F6
:106C1000BCF5801FF7D58B4218BF704708BF824272
:106C200070474FF4001C1CEB410F38BF1CEB430FA7
:106C300001D28B42704770B500F0EEF89224490003
:106C40004FF080514FF00053FFF7C8BD51EA030CDD
:106C500017D41CF5801F58BFBCF5801F00F10680BB
:106C6000994218BF704708BF9042704707D711F587
:106C7000801F58BF13F5801F19D49942704789426D
:106C800070471CF5801F08D5BCF5801FF7D58B42D7
:106C900018BF704708BF824270474FF4001C1CEBBE
:106CA000410F38BF1CEB430F01D28B42704770B5C8
:106CB00000F0B2F8922449004FF000514FF0805399
:106CC000FFF78CBD70B5DFF848C11CEA111E1EBF6E
:106CD0001CEA13159EEA0C0F95EA0C0F00F06F806A
:106CE00081EA03044EEAD47EAE4421EA4C1123EA41
:106CF0004C1341F4801143F48013AEF17F7EA1FB6D
:106D0000024CA0FB0365361955EB0C05A1FB034CA7
:106D10004CF10003A0FB021C16EB0C06654153F17D
:106D20000003094218BF46F0010613F4007F0BD19F
:106D30004FEA03314FEA053041EA155140EA165057
:106D400034036FF003020AE04FEAC3214FEAC52083
:106D500041EA555140EA5650F4026FF0020202EB4C
:106D60002E4201EB025585EACE710AD05FEA440C4F
:106D700018BF24F0004450F1000041F1000120EA66
:106D8000D47040F2FE7C624500D270BDA84214BFB0
:106D90004FF080444FF04044002E08BF0024BEF165
:106DA000806FA8BFA1F1C041BDE8704080F2828031
:106DB00001F1C04101F000414FF0000070470CEAC2
:106DC00013159EEA0C0F18BF95EA0C0F06D081EA46
:106DD000030E4FF000000EF0004170BD00F01CF8F3
:106DE0008900013E00F007B800F009B84FEA430CF3
:106DF0005FEA5C5C08D081EA030100F05BB84FEA0F
:106E0000410C5FEA5C5CF6D102494FF0000070472C
:106E10000000FF070000F87F0EF1020E2EF0030EB7
:106E20005EF8046B364205D4012A43EB030515F5E1
:106E3000001F12D8012841EB010C1CF5001F0CD8D3
:106E40000ED14FEAD17C0CEB4C0C0CF1020C15F579
:106E5000001F08BF4CEBD37C04E04FF0080C01E0AE
:106E60004FEAD37C0CEB4C0526FA05F606F0070634
:106E7000B6F1040C06D20EEB860CBDE870404CF067
:106E8000010C6047DFE80CF0090B02024FF00041F3
:106E9000A1F500214FF0000070BD194610460128F1
:106EA00051EB010418BFD4F5001484BF002001F099
:106EB000004170BD0808A0F500114FEA310170478C
:106EC00010B591EA030F81F000413FF5E7AB83F085
:106ED000004300F0D5B800002DE9F04101F5801C19
:106EE000BCF5001FC0F2A9804FEA115C21EA0C51E9
:106EF00041F480110CF1FD0C5FEA5C0C0CF5C07CD8
:106F000001D340004941890241EA905187022EA4F1
:106F10008E0EA45D0A0C04FB04F602FB06F6C6F115
:106F20004046A4FB0662F60D46EA422606FB06F43E
:106F3000A4FB01235242C3F1404338BF5B1EA6FBB2
:106F400002420024E6FB0324D20B42EA4446A6FB9D
:106F50000623A1FB02E2A3FB07E4E3FB61426442D8
:106F6000C2F1404E38BFAEF1010EA6FB04234FF034
:106F70000002E6FB0E32A2FB03463400E2FB626431
:106F8000A1FB06E6A4FB07E8E4FB61687642C8F1D2
:106F9000405838BFA8F10108A2FB06E4A3FB08E5AE
:106FA000E2FB6854A1FB05E6A7FB04E8E1FB64866D
:106FB00018F1200556F10006A80940EA8660B109DB
:106FC000A8F11B0808F03F08B8F10A0F1CD901EB23
:106FD0000C51BDE8F08100BFFCF5EEE8E2DDD8D34E
:106FE000CFCBC7C3C0BDB9B6B4B1AEACA9A7A5A33A
:106FF000A19F9D9B9A9896959392908F8D8C8B894B
:107000008887868584838281A0FB006800FB01F26B
:1070100008EB4208B8EB872807D5341858EB010471
:10702000D5D5401C51F10001D1E7341A78EB0104A9
:10703000CDD4401E71F10001C9E75FEA4C0C5FEA54
:107040009C5C0DD105D301F000414FF00000BDE87C
:10705000F081BDE8F04170B5FFF7DEFE6DDBFFBEED
:10706000BDE8F04101494FF0000070470000F87F93
:1070700010B591EA030F48BF83F000433FF50EAB14
:10708000841A71EB030C07D28CF0004C121943EBFD
:107090000C03001B61EB0C014FEA1154A4EB135CD1
:1070A000DFF8A4E11EEA430F18BF9EEA445F00F038
:1070B000B48021EA045123EA6E035242C3EB6E030B
:1070C00038BF5B1EDCF1200E25D322FA0CFE10EB3C
:1070D0000E0043FA0CFE41EB0E01CCF1200E03FA38
:1070E0000EFE10EB0E00CCF1200E51F1000129D460
:1070F00001EB045112FA0EF2BDE8104058BF704780
:10710000401C1CBFB2F1004F704700280CBF491C47
:1071100020F00100704712EB020E43EB030218BF90
:107120004FF0010E4EEA4202ACF1200CDCF11E0ED3
:1071300056D943FA0CFE10EB0E00CCF11E0E51F1A5
:10714000FF31D5D50EF1010E12FA0EFE404141EB92
:10715000010101EB445C5FEA5C5C10D901EB045176
:1071600010EBDE7038BFBEF1004FBDE8104018BF15
:10717000704700280CBF491C20F00100704734D232
:107180004FEAD42C24F4006411F500111BD0B1FA9D
:1071900081F20B3AA41AA41ED2F12003914030FAD6
:1071A00003F31943904001EBCC7101EB0451002C27
:1071B000BDE81040A8BF704701F1C04101F0004197
:1071C0004FF000007047B0FA80F310FA03F102D1DB
:1071D000BDE810407047E41A173C4805C90AE2E7C9
:1071E00001EB0451BDE81040704749104FEA3000F0
:1071F00001EB0451BDE8104002E04FF00001704780
:107200004A0008BF0042F8D0B2F5001F28BF7047FF
:1072100001F000414FF0000070479EEA445F07D044
:1072200011EA5E0FBDE8104004BF00210020704746
:10723000BDE8104070B5FFF7EFFD00BF40DFF63E40
:10724000104683F0004170470000E0FF43004FEA22
:10725000D30C4FEA3C0C43401FBF40070CF1605178
:1072600013F0FE4F70471CF0006F03D10CF000418B
:10727000002070470CF0004343EA507040EACC0015
:1072800010B500F038F800BF000000924FEA00018E
:10729000FFF710BE4FF00041A1F500214FF00000B4
:1072A000704710B5FFF700FC0CBF0120002010BD97
:1072B00010B5FFF7F9FB14BF0120002010BD10B579
:1072C000FFF788FC8CBF0120002010BD10B5FFF730
:1072D00081FC2CBF0120002010BD10B5FFF7B6FCCB
:1072E00094BF0120002010BD10B5FFF7AFFC34BFE4
:1072F0000120002010BD0EF1020E2EF0030E5EF8EC
:10730000044B244204D44FEA4102B2F17F4F11D81A
:107310004FEA4003B3F17F4F0CD80ED14FEAD07C37
:107320000CEB4C0C0CF1020CB2F17F4F08BF4CEB94
:10733000D17C04E04FF0080C01E04FEAD17C0CEB6B
:107340004C0324FA03F404F00704B4F1040C06D24D
:107350000EEB840CBDE810404CF0010C6047DFE8F8
:107360000CF0070802024FF00040A0F5800010BDAD
:107370000846420018BFD2F1807288BF00F000407A
:1073800010BDF1EE100A4FF6FF71C0F2C03120EAD5
:10739000010040F04070E1EE100A7047FF2141EA21
:1073A000D050C0057047E9F719BA0000000000008E
:1073B000555555555555C53F7D6FEB0312D6D4BF76
:1073C0005544880E55C1C93F3B8F68B52882A4BF7C
:1073D00088B20175E0EF493F09F7FD0DE13D023F3D
:1073E0004B2D8A1C273A03C0C88A599CE52A0040C5
:1073F00059018D1B6C06E6BF82922EB1C5B8B33F12
:107400004FBB610567ACDD3F182D4454FB21E93FBC
:107410009BF681D20B73EF3F182D4454FB21F93FAB
:10742000E2652F227F2B7A3C075C143326A6813C31
:10743000BDCBF07A8807703C075C143326A6913CDC
:10744000C4EB98999999C9BF711623FEC671BCBF48
:107450006D9A74AFF2B0B3BF9AFDDE522DDEADBFB0
:107460002F6C6A2C44B4A2BF0D5555555555D53FC8
:10747000FF8300922449C23F6E204CC5CD45B73FE3
:10748000513DD0A0660DB13FEB0D76244B7BA93F5B
:1074900011DA22E33AAD903F4C5555555555A53F6D
:1074A0007751C1166CC156BF9015CB19A001FA3E99
:1074B000AD529C804F7E92BEC4B1B4BD9EEE213EC3
:1074C000D43888BEE9FAA8BD000000000000000022
:1074D00000004054FB21F93F3163621A61B4D03D92
:1074E0000000601A61B4D03D7370032E8A19A33B6B
:1074F0000000002E8A19A33BC14920259A837B39BD
:1075000000000000000000006E83F9A22915444E1F
:10751000D15727FCC0DD34F5999562DB4190433C9F
:10752000AB6351FE61C5BBDE3A6E24B7E0D24D427B
:10753000EA2E49061C92D1091CEB1DFE3EA729B17B
:10754000F53582E88444BB2E26709CE9417E5FB409
:1075500039D69139F43953838B5F849C3B28F9BD2C
:10756000FF97F81F0F9805DE8B112FEF1F6D0A5A3A
:10757000CF7E366DB709CB27663F464F2DEA5F9E1B
:10758000C7BA27757BF1E5EBF739073DEA92528AD6
:10759000B15FFB6B085D8D1F463003560000000095
:1075A000A6F810111111813FD561C119A0012ABFA0
:1075B0007DFEB157E31DC73EEB9C2B8AE6E55ABE24
:1075C0007CD5CF5A3AD9E53D02400000000000A02A
:1075D0000000000005400000000000C8000000009E
:1075E0000C4000000000409C00000000194000001A
:1075F0000020BCBE0000000034400000BFC91B8E4C
:1076000000000004B5400000504BCFD06607E2CF29
:10761000010000006C4100003E8251AADFEEA73459
:1076200001000000D9420000DCB5A0E23A301F970B
:10763000FFFFFFFFB4450000FD25A0C8E9A3C14F2F
:10764000FFFFFFFFFF3F0000000000800000000080
:10765000FF3F0000000000800000000052A0010871
:107660001D120008FDFF0000000000008000000067
:10767000000000000000000065A001088D1B00084C
:10768000FDFF00000000000080000000000000007E
:107690000000000049A0010861500008FDFF000043
:1076A00000000000000200000000000000000000D8
:1076B000A0A00108FD740008FDFF0000000000000C
:1076C00000020000000000000000000000000000B8
:1076D0000000000001020304060708090000000082
:1076E00001020304005EBCE2613FDD83C29C7E2098
:1076F000A3FD1F419DC3217FFCA2401E5F01E3BD8E
:107700003E6082DC237D9FC1421CFEA0E1BF5D0381
:1077100080DE3C62BEE0025CDF81633D7C22C09E75
:107720001D43A1FF4618FAA427799BC584DA386661
:10773000E5BB5907DB856739BAE406581947A5FB4D
:107740007826C49A653BD987045AB8E6A7F91B4541
:10775000C6987A24F8A6441A99C7257B3A6486D835
:107760005B05E7B98CD2306EEDB3510F4E10F2AC21
:107770002F7193CD114FADF3702ECC92D38D6F310D
:10778000B2EC0E50AFF1134DCE90722C6D33D18F01
:107790000C52B0EE326C8ED0530DEFB1F0AE4C12F5
:1077A00091CF2D73CA947628ABF517490856B4EAE1
:1077B0006937D58B5709EBB536688AD495CB2977CD
:1077C000F4AA4816E9B7550B88D6346A2B7597C9C1
:1077D0004A14F6A8742AC896154BA9F7B6E80A54B5
:1077E000D7896B350000000000000000002F00006A
:1077F00000000700070000147F147F1400242A7F74
:107800002A120062640813230036495522500000F2
:107810000503000000001C224100000041221C0062
:107820000014083E08140008083E0808000000A0E4
:1078300060000008080808080000606000000020E0
:1078400010080402003E5149453E0000427F4000BE
:10785000004261514946002141454B310018141244
:107860007F10002745454539003C4A494930000111
:107870007109050300364949493600064949291E60
:1078800000003636000000005636000000081422C2
:1078900041000014141414140000412214080002C2
:1078A0000151090600324959513E007C1211127CE7
:1078B000007F49494936003E41414122007F414114
:1078C000221C007F49494941007F09090901003E06
:1078D0004149497A007F0808087F0000417F410044
:1078E000002040413F01007F08142241007F4040BA
:1078F0004040007F020C027F007F0408107F003EA2
:107900004141413E007F09090906003E4151215E87
:10791000007F091929460046494949310001017F84
:107920000101003F4040403F001F2040201F003F1A
:107930004038403F006314081463000708700807CC
:1079400000615149454300007F41410000552A55DF
:107950002A55000041417F0000040201020400405A
:10796000404040400000010204000020545454787C
:10797000007F48444438003844444420003844449C
:10798000487F00385454541800087E09010200183A
:10799000A4A4A47C007F080404780000447D400077
:1079A000004080847D00007F102844000000417F5B
:1079B0004000007C04180478007C08040478003837
:1079C0004444443800FC242424180018242418FCBF
:1079D000007C0804040800485454542000043F4428
:1079E0004020003C4040207C001C2040201C003CEB
:1079F0004030403C004428102844001CA0A0A07C3B
:107A0000004464544C441414141414140000000072
:107A1000000000000000000000000000000000F86E
:107A200000000000000000333000000000100C06D1
:107A3000100C0600000000000000000040C078406C
:107A4000C0784000043F04043F040400007088FC38
:107A500008300000001820FF211E0000F008F00090
:107A6000E018000000211C031E211E0000F0088801
:107A7000700000001E2123241927211010160E006B
:107A8000000000000000000000000000000000E016
:107A9000180402000000000718204000000204182B
:107AA000E00000000040201807000000404080F087
:107AB000804040000202010F01020200000000F0BD
:107AC000000000000101011F010101000000000091
:107AD0000000000080B07000000000000000000006
:107AE000000000000001010101010101000000008F
:107AF0000000000000303000000000000000000026
:107B000080601804006018060100000000E0100802
:107B10000810E000000F102020100F00001010F8D7
:107B2000000000000020203F202000000070080816
:107B30000888700000302824222130000030088896
:107B4000884830000018202020110E000000C020BE
:107B500010F8000000070424243F240000F80888DF
:107B6000880808000019212020110E0000E010886C
:107B700088180000000F112020110E00003808089E
:107B8000C83808000000003F0000000000708808AE
:107B900008887000001C222121221C0000E010082F
:107BA0000810E0000000312222110F00000000C088
:107BB000C000000000000030300000000000008025
:107BC0000000000000008060000000000000804015
:107BD000201008000001020408102000404040402E
:107BE0004040400004040404040404000008102081
:107BF00040800000002010080402010000704808C6
:107C00000808F0000000003036010000C030C8282D
:107C1000E810E0000718272423140B000000C038E8
:107C2000E0000000203C23020227382008F8888862
:107C300088700000203F202020110E00C03008086E
:107C400008083800071820202010080008F8080845
:107C50000810E000203F202020100F0008F888883E
:107C6000E8081000203F20202320180008F888880A
:107C7000E8081000203F200003000000C030080882
:107C80000838000007182020221E020008F808000B
:107C90000008F808203F210101213F20000808F8D2
:107CA000080800000020203F2020000000000808F5
:107CB000F8080800C08080807F00000008F888C0B5
:107CC00028180800203F20012638200008F8080066
:107CD00000000000203F20202020300008F8F8009D
:107CE000F8F80800203F003F003F200008F830C0AF
:107CF0000008F808203F200007183F00E01008089F
:107D00000810E0000F10202020100F0008F80808CD
:107D10000808F000203F210101010000E0100808E0
:107D20000810E0000F18242438504F0008F8888805
:107D300088887000203F2000030C302000708808E5
:107D4000080838000038202121221C00180808F8F3
:107D5000080818000000203F2000000008F8080074
:107D60000008F808001F202020201F000878880045
:107D700000C83808000007380E010000F80800F8B5
:107D80000008F800033C0700073C0300081868805F
:107D90008068180820302C03032C30200838C800D5
:107DA000C83808000000203F200000001008080824
:107DB000C83808002038262120201800000000FEC6
:107DC000020202000000007F40404000000C30C072
:107DD00000000000000000010638C000000202029E
:107DE000FE000000004040407F0000000000040250
:107DF000020204000000000000000000000000007B
:107E0000000000008080808080808080000202046A
:107E10000000000000000000000000000000808062
:107E2000808000000019242222223F2008F80080D0
:107E300080000000003F112020110E000000008093
:107E400080800000000E1120202011000000008022
:107E50008088F800000E112020103F200000808054
:107E600080800000001F222222221300008080F068
:107E7000888888180020203F202000000000808093
:107E800080808000006B94949493600008F80080D8
:107E900080800000203F210000203F200080989833
:107EA000000000000020203F202000000000008093
:107EB0009898000000C08080807F000008F80000D3
:107EC00080808000203F24022D302000000808F828
:107ED000000000000020203F2020000080808080E3
:107EE00080808000203F20003F20003F8080008075
:107EF00080800000203F210000203F200000808083
:107F000080800000001F202020201F008080008033
:107F10008000000080FFA12020110E0000000080E2
:107F200080808000000E112020A0FF8080808000D3
:107F30008080800020203F21200001000000808000
:107F4000808080000033242424241900008080E0F5
:107F5000808000000000001F2020000080800000C2
:107F600000808000001F202020103F2080808000A3
:107F70000080808000010E300806010080800080B3
:107F8000008080800F300C030C300F0000808000D8
:107F9000808080000020312E0E3120008080800003
:107FA0000080808080818E701806010000808080B3
:107FB000808080000021302C222130000000000051
:107FC000807C020200000000003F404000000000F2
:107FD000FF00000000000000FF0000000002027C23
:107FE000800000000040403F00000000000601014A
:107FF000020204040000000000000000C82E002E51
:10800000802E3DB1C82E002E802E9103802EBCB054
:10801000802EA303C82E002E802E00B05030212EBB
:1080200059F51030212E6AF5802E3B030000000028
:10803000081901002200750000100010D100B343A0
:10804000802E00C1802E00C1802E00C1802E00C174
:10805000802E00C1802E00C1802E00C1802E00C164
:10806000802E00C1802E00C1802E00C1802E00C154
:10807000802E00C1802E00C1802E00C1802E00C144
:10808000802E00C1802E00C1802E00C1802E00C134
:10809000802E00C1802E00C1802E00C1802E00C124
:1080A000802E00C1802E00C1802E00C1802E00C114
:1080B000802E00C1802E00C1802E00C1802E00C104
:1080C000802E00C1802E00C1802E00C1802E00C1F4
:1080D000802E00C1802E00C1802E00C1802E00C1E4
:1080E000802E00C1802E00C1E05F00000000010072
:1080F00000000000000000000000920000000000EE
:10810000000000000000000000000000081900004E
:10811000880000000000000005E0AA3805E090306B
:10812000FA0096004B091100110002002D01D47BCA
:108130003B01DB7A04003F7BCD6CC3048509C3049B
:10814000ECE60C460100270019009600A000010093
:108150000C00F03C00010100030001000E000000D3
:1081600032000500EE060400C80000000400A80567
:10817000EE060004BC02B30085070000000000000A
:108180000000000000000000000000000000B4003B
:108190000100B9000100980000000000000000008C
:1081A000010080000400000000000000000000004A
:1081B00000000000000000000000000000000000BF
:1081C00000000000000000000000000000000000AF
:1081D000000000000000000000000000000000009F
:1081E000000000000000000000000000000000008F
:1081F000000000000000802E00C1FD2DDE00EB001D
:10820000DA00000CFF0F0004C0005BF5C9011EF28C
:1082100080003FFF19F458F566F564F5C0F1F000F1
:10822000E000CD01D301DB01FF7FFF01E40074F723
:10823000F300FA00FF3FCA036C3856FE44FDBC024F
:10824000F90600FC1202AE0158FA9AFD7705BB024E
:10825000960195017F0182018901870188018A01C8
:108260008C018F018D0192019101DD009F017E0142
:10827000DB00B601706926D39C071F059D0000082E
:10828000BC0537FAA201AA01A101A801A001A80515
:10829000B401B401CE00D000FC00C501FFFBB10069
:1082A00000380030FDF5FCF5CD01A0005FFF004077
:1082B000FF0000806D0FEB007FFFC2F568F7B3F1A0
:1082C000670F5B0F610F800F58F75BF7830F860016
:1082D000720F850FC6F17F0F6CF700E000FFD1F53C
:1082E000870F8A0FFF03F03F8B008E009000B900CC
:1082F0002DF5CAF5CB0120F20000000000000000BF
:10830000000000000000000000000000000000006D
:10831000000000000000000000000000000000005D
:10832000000000000000000000000000000000004D
:10833000000000000000000000000000000000003D
:10834000000000000000000000000000000000002D
:10835000000000000000000000000000000000001D
:10836000000000000000000000000000000000000D
:1083700000000000000000000000000000000000FD
:1083800000000000000000000000000000000000ED
:1083900000000000000000000000000000000000DD
:1083A00000000000000000000000000000000000CD
:1083B00000000000000000000000000000000000BD
:1083C00000000000000000000000000000000000AD
:1083D000000000003050982ED70E5032982EFA032D
:1083E0000030F07F002E002ED02E002E018008A23B
:1083F000FB2F982EBA03212E1900012EEE0000B299
:10840000072F012E190000B2032F01500352982E9E
:1084100007CC012EDD0000B2272F052E8A00055261
:10842000982EC7C1032EE90040B2F07F082F012E1D
:10843000190000B2042F0030212EE900982EB4B1AB
:10844000012E180000B2102F0550982E4DC3055074
:10845000982E5AC7982EF9B4982E54B2982E67B613
:10846000982E17B21030212E7700012EEF0000B2A7
:10847000042F982E7AB70030212EEF00012ED40061
:1084800004AE0B2F012EDD0000B2072F0552982EEF
:108490008E0E00B2022F1030212E7D00012E7D00A5
:1084A0000090902EF102012ED70000B2042F982EDA
:1084B0002F0E0030212E7B00012E7B0000B2122FE8
:1084C000012ED4000090022F982E1F0E092D982EF9
:1084D000810D012ED4000490022F5032982EFA0301
:1084E0000030212E7B00012E7C0000B2902E09036B
:1084F000012E7C000131010800B2042F982E47CBD9
:108500001030212E77008130012E7C00010800B24E
:10851000612F032E8900012ED40098BC98B805B2B3
:108520000F58232F079009540030372F154104416D
:10853000DCBE44BEDCBA2C0161000F564A0F0C2F82
:10854000D14294B8C1421130052E6AF72CBD2FB923
:1085500080B20822982EC3B7212D6130232ED4007B
:10856000982EC3B70030212E5AF5182DE17F5030D8
:10857000982EFA030F520750504270300D54424269
:108580007E82E26F80B24242052F212ED40010304D
:10859000982EC3B7032D6030212ED400012ED400B5
:1085A0000690182F012E76000B540752E07F982E6C
:1085B0007AC1E16F081A4030082F212ED4002030F4
:1085C000982EAFB75032982EFA03052D982E380EFC
:1085D0000030212ED4000030212E7C00182D012ED9
:1085E000D40003AA012F982E450E012ED4003F80FF
:1085F00003A2012F002E022D982E5B0E3030982EF4
:10860000CEB70030212E7D005032982EFA03012E75
:10861000770000B2242F982EF5CB032ED5001154ED
:10862000010ABC848386212EC901E0401352C44054
:108630008240A8B9524243BE5342040A5042E17FED
:10864000F0314140F26F25BD0808020AD07F982E14
:10865000A8CF06BCD16FE26F080A8042982E58B7A7
:108660000030212EEE00212E7700212EDD00802EFD
:10867000F4011A242200802EEC011050FB7F982E6A
:10868000F3035750FB6F013071541142420EFC2F1F
:10869000C02E0142F05F802E00C1FD2D01000000C0
:1086A00000000000000000009A01340300000000F8
:1086B00000000000000000000000000000000000BA
:1086C00000000000000000000000000000000000AA
:1086D000000000000000000000000000000000009A
:1086E000000000000000000000000000000000008A
:1086F000000000000000000000000000000000007A
:108700000000000000000000000000000000000069
:1087100000000000000000000000000000002050E9
:10872000E77FF67F06320F2E61F5FE09C0B3042FF6
:1087300017302F2EEF002D2E61F5F66FE76FE05FFB
:10874000C82E2050E77FF67F46300F2EA4F1BE09D9
:1087500080B3062F0D2ED40084AF022F16302D2E9D
:108760007B0086302D2E60F5F66FE76FE05FC82E38
:10877000012E77F709BC0FB800B21050FB7F103004
:108780000B2F032E8A0096BC9FB840B2052F032EF4
:1087900068F79EBC9FB840B2072F032E7E00419021
:1087A000012F982EDC03032C0030212E7E00FB6F5E
:1087B000F05FB82E2050E07FFB7F002E2750982ED0
:1087C0003BC82950982EA7C80150982E55CCE16F70
:1087D0002B50982EE0C9FB6F0030E05F212E7E0009
:1087E000B82E7350013057541142420EFC2FB82E50
:1087F000212E59F51030C02E212E4AF19050F77FCE
:10880000E67FD57FC47FB37FA17F907F827F7B7F10
:10881000982E35B700B2902E97B0032E8F00072EFA
:108820009100052EB1003FBA9FB8012EB100A3BD43
:108830004C0A052EB10004BEBFB9CB0A4FBA22BD07
:10884000012EB300DC0A2FB9032EB8000ABE9A0A23
:10885000CFB99BBC012E97009FB8930A0FBC910A19
:108860000FB8900A252E1800052EC1F52EBD2EB981
:10887000012E190031308A040090072F012ED400F8
:1088800004A2032F012E180000B20C2F195005521C
:10889000982E4DB7052E780080901030012F212E94
:1088A0007800252EDD00982E3EB700B20230013050
:1088B000042F012E190000B2002F2130012EEA00F2
:1088C000081A0E2F232EEA0033301B500B090140EB
:1088D000175646BE4B084C0A01420A801552014207
:1088E000002E012E180000B21F2F032EC0F5F0300D
:1088F000480847AA7430072E7A0061224B1A052FC8
:10890000072E66F5BFBDBFB9C0900B2F1D562B308B
:10891000D242DB420104C24204BDFE808184232E88
:108920007A0002420232252E62F5052ED60081849D
:10893000252ED6000231252E60F5052E8A000B501B
:10894000900880B20B2F052ECAF5F03E9008252E18
:10895000CAF5052E59F5E03F9008252E59F5906F80
:10896000A16FB36FC46FD56FE66FF76F7B6F826FC8
:10897000705FC82EC050907FE57FD47FC37FB17FEA
:10898000A27F877FF67F7B7F002E012E60F5607FC0
:10899000982E35B70230636F1552507F627F5A2C84
:1089A00002321A0900B3142F00B2032F092E180047
:1089B00000910C2F437F982E97B71F50028A0232E6
:1089C0000430252E64F51552506F436F4443252E15
:1089D00060F5D908C0B2362F982E3EB700B2062FE8
:1089E000012E190000B2022F506F00900A2F012EA5
:1089F00079000090192F1030212E79000030982E28
:108A0000DC03132D012EC3F50CBC0FB8123010047B
:108A100003B0262521500352982E4DB71030212E39
:108A2000EE000230607F252E7900606F0090052FE8
:108A30000030212EEA001550212E64F51552232E08
:108A400060F50232506F0090022F0330272E78001D
:108A5000072E60F51A090091A32F19090091A02F84
:108A6000906FA26FB16FC36FD46FE56F7B6FF66FBE
:108A7000876F405FC82EC050E77FF67F26300F2EED
:108A800061F52F2E7C000F2E7C00BE09A27F807F17
:108A900080B3D57FC47FB37F917F7B7F0B2F235023
:108AA0001A251240427F74821240527F002E0040ED
:108AB000607F982E6AD68130012E7C00010800B2BA
:108AC000422F032E8900012E890097BC06BC9FB857
:108AD0000FB80090232ED800103001302A2F032E1B
:108AE000D40044B2052F47B200302D2F212E7C0038
:108AF0002B2D032EFDF59EBC9FB84090142F032E06
:108B0000FCF599BC9FB840900E2F032E49F12554D7
:108B10004A084090082F982E35B700B21030032F26
:108B20005030212ED400102D982EAFB70030212EBA
:108B30007C000A2D052E69F72DBD2FB980B2012FBB
:108B4000212E7D00232E7C00E031212E61F5F66F71
:108B5000E76F806FA26FB36FC46FD56F7B6F916F3C
:108B6000405FC82E60510A253688F47FEB7F0032C3
:108B7000315232301330982E15CB0A253384D27FF0
:108B8000433005502D52982E95C1D26F2752982E02
:108B9000D7C72A25B086C07FD37FAF842950F16F15
:108BA000982E4DC82A25AE8AAA88F26E2B50C16F26
:108BB000D36FF47F982EB6C8E06E00B2322F3354D4
:108BC0008386F16FC37F04303030F47FD07FB27F73
:108BD000E330C56F56404541280803140EB408BC65
:108BE0008240100A2F542605917F4428A37F982E97
:108BF000D9C008B933305309C16FD36FF46F8317ED
:108C000047406C15B26FBE09750B90424542510E3C
:108C100032BC0289A16F7E86F47FD07FB27F0430A0
:108C2000916FD62FEB6FA05EB82E032E97001BBC62
:108C300060509FBC0CB8F07F40B2EB7F2B2F032E0F
:108C40007F004140012EC800011A112F3758232EF2
:108C5000C8001041A07F38810141D07FB17F982E9C
:108C600064CFD06F0780A16F1142002EB16F014217
:108C70001130012EFC0000A80330CB224A25012E22
:108C80007F003C8935520554982EC4CEC16FF06FD9
:108C9000982E95CF042D0130F06F982E95CFEB6F65
:108CA000A05FB82E032EB3000232F03003313050F3
:108CB0008A080808CB08E07F80B2F37FDB7F252F8E
:108CC000032ECA004190042F0130232ECA00982E93
:108CD0003F03C0B2052F032EDA0000304104232EDB
:108CE000DA00982E92B21025F06F00B2052F012EF7
:108CF000DA0002301004212EDA0040B2012F232EB8
:108D0000C801DB6FE06FD05F802E95CF0130E06F40
:108D1000982E95CF1130232ECA00DB6FD05FB82E6E
:108D2000D0500A2533845550D27FE27F038CC07F18
:108D3000BB7F0030055A39545141A57F967F807F13
:108D4000982ED9C00530F57F2025916F3B583D5CAA
:108D50003B56982E67CCC16FD56F52405043C17FB0
:108D6000D57F1025982EFEC91025982E74C0866FC9
:108D70003028926F828CA56F6F52690E3954DB2FA9
:108D800019A01530032F0030212E81010A2D012E4C
:108D9000810105284236212E8101020E012F982ED5
:108DA000F303575012300140982EFEC9516F0B5CEF
:108DB0008E0E3B6F57580230212E9501456F2A8D3C
:108DC000D27FCB7F132F02303F50D27FA80E0E2FC1
:108DD000C06F535402005154420E103059520230A9
:108DE000012F002E032D504242421230D27F80B21A
:108DF000032F0030212E8001122D012EC900028088
:108E0000052E8001113091280040252E8001100E82
:108E1000052F012E7F010190012F982EF303002EC4
:108E2000A0410190A67F902EE3B4012E950100A8E9
:108E3000902EE3B45B549580824080B202402D8C2A
:108E40003F52967F902EC2B3290E762F012EC90075
:108E5000004081284552B330982E0FCA5D54807F60
:108E6000002EA140727F82808240607F982EFEC9D2
:108E70001025982E74C0626F05308740C091043071
:108E8000052F052E830180B21430002F0430052EEB
:108E9000C900736F8140E2406904110FE140163050
:108EA000FE29CB40022F836F830F222F4756130FCB
:108EB0001230772F4954420E1230732F00910A2F2F
:108EC000012E8B0119A802306C2F6350002E17421F
:108ED0000542682C12300B25080F5030022F212E2E
:108EE0008301032D4030212E83012B2E85015A2C26
:108EF000123000912B25042F635002301742172C9B
:108F00000242982EFEC91025982E74C0052EC90065
:108F100081845B308240372E8301020E072F5F521F
:108F2000403062404140910E012F212E83010530D7
:108F30002B2E85011230362C16301525817F982E68
:108F4000FEC91025982E74C019A21630152F052EB3
:108F50009701806F820E052F012E86010628212E93
:108F600086010B2D032E87015F544E289142002E5F
:108F70008240900E012F212E88010230132C0530E3
:108F8000C06F081CA80F163005305B50092F0280F7
:108F90002D2E820105420580002E02423E80002EC9
:108FA00006420230906F3E88014004414C28014245
:108FB000078010252440004000A8F52223294442C0
:108FC0007A827E884340044100ABF523DF28434288
:108FD000D9A0142F0090022FD26F81B2052F6354B5
:108FE000062890428542092C02305B500380292ECE
:108FF0007E012B2E8201054212302B2E83014582E9
:10900000002E40407A8202A0082F63503B30154268
:1090100005423780372E7E0105421230012EC900ED
:10902000028C404084417A8C040F032F012E8B0167
:1090300019A4042F2B2E8201982EF3031230819055
:109040006152082F65426542438039848288054217
:10905000454285420543002E80410090902EE1B4A8
:109060006554C16F804000B243586950442F555C2D
:10907000B7878C0F0D2E9601C440362F41568B0EAC
:109080002A2F0B52A10E0A2F052E8F011425982E80
:10909000FEC94B54020F695005306554152F032E3D
:1090A0008E014D5C8E0F3A2F052E8F01982EFEC932
:1090B0004F54820F053069506554302F6D52153072
:1090C000428C454204302B2C84436B52428C002E40
:1090D00085431530242C45428E0F202F0D2E8E01F6
:1090E000B10E1C2F232E8E011A2D0E0E172FA10F3D
:1090F000152F232E8D01132D982E74C04354C20EAC
:109100000A2F655004800B3006820B427980414063
:109110001230252E8C01014205306950655484823D
:109120004384BE8C8440864126299442BE8ED57FDE
:1091300019A143400B2E8C018440C7415D2927298A
:1091400045428442C27F012FC0B31D2F052E9401DA
:1091500099A0012F80B3132F80B3182FC0B3162FFF
:1091600012400140927F982E74C0926F100F2030F1
:10917000032F1030212E7E010A2D212E7E01072D76
:109180002030212E7E01032D1030212E7E01C26F52
:10919000012EC900BC84028082400040900ED56F31
:1091A000022F1530982EF30341910530072F675099
:1091B0003D802B2E8F0105420480002E0542022C9B
:1091C00000300030A26F988A864080A7052F982E25
:1091D000F303C030212E950106251A25E26F768211
:1091E00096405643510EFB2FBB6F305FB82E012EB9
:1091F000B8000131410840B22050F2300208FB7F34
:109200000130102F052ECC008190E07F032F232EFC
:10921000CC00982E55B6982E1DB51025FB6FE06F2B
:10922000E05F802E95CF982E95CF1030212ECC0068
:10923000FB6FE05FB82E00510558EB7F2A2589525D
:109240006F5A895013410640B3011642CB160640AF
:10925000F3021342650EF52F054014302C29044209
:1092600008A10030902E52B6B388B08AB684A47F8D
:10927000C47FB57FD57F927F733004305540424024
:109280008A17F3086B01900253B84B82ADBE717F11
:10929000450A0954847F982ED9C0A36F7B54D042CD
:1092A000A37FF27F607F2025716F755A7758795CB4
:1092B0007556982E67CCB16F626F5042B17FB33054
:1092C0001025982E0FCA846F2029716F926FA56F99
:1092D00076826A0E73300030D02FD26FD17FB47F88
:1092E000982E2BB715BD0BB8020AC26FC07F982EFF
:1092F0002BB715BD0BB8420AC06F08174118891665
:10930000E118D018A17F27251625982E79C08B54F7
:10931000907FB330824080900D2F7D52926F982EB7
:109320000FCAB26F900E062F8B501430426F516FE0
:10933000144212420142002E316F982E74C0416FC8
:10934000807F982E74C0826F10044352010F052E47
:10935000CB0000300430212F516F43588C0E043065
:109360001C2F8588416F04418C0F0430162F848890
:10937000002E044104058C0E04300F2F8288316FBB
:10938000044104058C0E0430082F8388002E04410C
:109390008C0F0430022F212EAD0114300091142FB8
:1093A000032EA10141900E2F032EAD0114304C2845
:1093B000232EAD0146A0062F81848D524882824023
:1093C000212EA10142425C2C0230052EAA0180B25E
:1093D0000230552F032EA901926FB330982E0FCA79
:1093E000B26F900F003002304A2FA26F8752910067
:1093F0008552510E022F002E432C0230C26F7F5235
:10940000910E02303C2F516F8154982EFEC91025C9
:10941000B3302125982E0FCA326FC07FB33012258A
:10942000982E0FCA426FB07FB3301225982E0FCA04
:10943000B26F90288352982EFEC9C26F900F0030F1
:1094400002301D2F052EA10180B212300F2F426F66
:10945000032EAB01910E0230122F526F032EAC017E
:10946000910F02300C2F212EAA010A2C1230032E4C
:10947000CB008D580889414011430043252EA1019E
:10948000D46F8F5200433A89002E10431043610E6F
:10949000FB2F032EA001111A022F0225212EA0015D
:1094A000EB6F005FB82E9152103002309556524249
:1094B0004B0EFC2F8D54888293568042534240427B
:1094C00042868354C02EC242002EA3520051524005
:1094D00047401A25012E97008FBE7286FB7F0B3006
:1094E0007CBFA5501008DFBA7088F8BFCB42D37F8D
:1094F0006CBBFCBBC50A907F1B7F0B43C0B2E57FF2
:10950000B77FA67FC47F902E1CB7072ED200C0B2B3
:109510000B2F9752012ECD00827F982EBBCC0B30A3
:10952000372ED200826F906F1A2500B28B7F142FD6
:10953000A6BD25BDB6B92FB980B2D4B00C2F9954B1
:109540009B560B300B2EB100A1589B42DB426C099D
:109550002B2EB1008B42CB42867F7384A756C30863
:1095600039520550727F637F982EC2C0E16F626FDF
:10957000D10A012ECD00D56FC46F726F97529D5CDA
:10958000982E06CD236F906F9952C0B204BD5440FF
:10959000AFB94540E17F0230062FC0B20230032F41
:1095A0009B5C12309443854303BF6FBB80B3202F75
:1095B000066F2601166F6E034542C090292ECE001D
:1095C0009B52142F9B5C002E93418641E304AE070F
:1095D00080AB042F80910A2F866F730F072F836F44
:1095E000C0B2042F544245421230042C1130022CD8
:1095F0001130113002BC0FB8D27F00B20A2F012EF9
:10960000FC00052EC701101A022F212EC701032DC1
:10961000022C01300130B06F982E95CFD16FA06F22
:10962000982E95CFE26F9F52012ECE00824050427D
:109630000C2C42421130232ED2000130B06F982EF4
:1096400095CFA06F0130982E95CF002EFB6F005F55
:10965000B82E838601300030944024180600530E43
:109660004F02F92FB82EA952002E604041400DBC88
:1096700098BCC02E010A0FB8AB52533C5240404038
:109680004B00821626B901B84140100897B801086E
:10969000C02E11300108438625400440D8BE2C0B53
:1096A0002211544203804B0EF62FB82E9F501050BB
:1096B000AD52052ED300FB7F002E13409342410E86
:1096C000FB2F982EA5B7982E87CF012ED90000B278
:1096D000FB6F0B2F012E69F7B13F01080130F05FDE
:1096E000232ED900212E69F7802E7AB7F05FB82E8D
:1096F000012EC0F8032EFCF51554AF5682080B2E30
:1097000069F7CB0AB1588090DDBE4C085FB9592289
:109710008090072F0334C308F23A0A080235C0903C
:109720004A0A4822C02E232EFCF51050FB7F982EAB
:1097300056C7982E49C31030FB6FF05F212ECC0026
:10974000212ECA00B82E032ED30016B802344A0CBC
:10975000212E2DF5C02E232ED30003BC212ED500A3
:10976000032ED50040B21030212E77000130052F96
:10977000052ED8008090012F232E6FF5C02E212EAC
:10978000D90011308108012E6AF7713F23BD01080D
:10979000020AC02E212E6AF730250030212E5AF5FC
:1097A0001050212E7B00212E7C00FB7F982EC3B70A
:1097B0004030212ED400FB6FF05F0325802EAFB721
:1097C000802E00C1802E00C1802E00C1802E00C1DD
:1097D000802E00C1802E00C1802E00C1802E00C1CD
:1097E000802E00C1802E00C1802E00C1802E00C1BD
:1097F000802E00C1802E00C1802E00C1012E5DF799
:1098000008BC80AC0EBB022F003041048206C0A40D
:109810000030112F40A9032F40910D2F00A70B2FCF
:1098200080B3B358022F90A12613202380901030CC
:10983000012FCC0E002F0030B82EB550180808BCF0
:1098400088B60D17C6BD56BCB758DABA04011D0A52
:109850001050053032254503FB7FF6302125982E28
:1098600037CA16B59ABC06B880A8410A0E2F809058
:10987000022F2D50480F092FBFA0042FBF90062F95
:10988000B754CA0F032F002E022CB7522D52F233B9
:10989000982ED9C0FB6FF137C02E0108F05FBF567C
:1098A000B954D040C4400B2EFDF3BF5290429442B5
:1098B00095420530C1500F88064004419642C5428A
:1098C00048BE73300D2ED8004FBA8442034281B394
:1098D000022F2B2E6FF5062D052E77F7BD56930818
:1098E000252E77F7BB54252EC2F5072EFDF3423007
:1098F000B433DA0A4C00272EFDF34340D43FDC0892
:109900004342002E002E43402430DC0A43420480B0
:10991000032EFDF34A0A232EFDF36134C02E0142CB
:10992000002E60501A257A86E07FF37F0325C3520C
:109930004184DB7F3330982E16C21A257D82F06F6A
:10994000E26F322516409440260185408E17C442AE
:109950006E039542410EF42FDB6FA05FB82EB0511D
:10996000FB7F982EE80D5A25982E0F0ECB58328784
:10997000C47F65896B8DC55A657FE17F837FA67F34
:10998000747FD07FB67F947F1730C752C954517F00
:10999000002E856F427F002E514145814241134088
:1099A0003B8A00404B04D006C0AC857F022F0230BA
:1099B0005104D306418405305D02C916DF08D30087
:1099C0008D02AFBCB1B9590A656F1143A1B45241C0
:1099D00053410143347F657F2631E56FD46F982E64
:1099E00037CA326F756F83404241237F127FF63052
:1099F00040255125982E37CA146F2005706F256FAA
:109A00006907A26F316F0B3004429B428B42554273
:109A1000327F40A9C36F717F0230D040C37F032FD4
:109A20004091152F00A7132F00A4112F84BD982E4D
:109A300079CA556FB75454418200F33F4541CB0278
:109A4000F630982E37CA356FA46F4143032C00437C
:109A5000A46F356F1730426F516F934042820041BF
:109A6000C3000343517F002E944041414C02C46F18
:109A7000D156630E746F5143A57F8A2F092ED800EB
:109A800001B3212FCB58906F1341B66FE47F002EA6
:109A90009141144092411540172E6FF5B67FD07F4B
:109AA000CB7F982E000C0715C26F140B292E6FF573
:109AB000C3A3C18FE46FD06FE62F1430052E6FF56E
:109AC000140B292E6FF5182DCD560432B56F1C01DD
:109AD00051415241C340B57FE47F982E1F0CE46F83
:109AE000218700430432CF545A0EEF2F1554092E0C
:109AF00077F7220B292E77F7FB6F505EB82E1050A8
:109B0000012ED40000B2FB7F512F01B2482F02B2C8
:109B1000422F0390562FD7527980424081840040D3
:109B20004242982E930CD954D750A14098BD824000
:109B30003E82DA0A44408B16E3005342002E434033
:109B40009A025242002E414015544A0E3A2F3A8250
:109B500000304140212E850F40B20A2F982EB10CC3
:109B6000982E450E982E5B0EFB6FF05F0030802E16
:109B7000CEB7DD52D35442424F847330DB5283421E
:109B80001B306B422330272ED700372ED400212ED6
:109B9000D6007A84172C42423030212ED400122D68
:109BA00021300030232ED400212E7BF70B2D1730CF
:109BB000982E510CD5500C8272302F2ED400252EA9
:109BC0007BF74042002EFB6FF05FB82E70500A25E5
:109BD0003986FB7FE1326230982EC2C4B556A56F3C
:109BE000AB08916F4B08DF56C46F23094DBA93BC85
:109BF0008C0BD16F0B09CB52E15E5642AF094DBAC7
:109C000023BD940AE56F68BBEB08BDB963BEFB6F6B
:109C10005242E30AC02E4342905FD150032E25F3F7
:109C2000134000409BBC9BB408BDB8B998BCDA0A8D
:109C300008B68916C02E190062021050FB7F982EBC
:109C4000810D012ED40031300804FB6F0130F05F2C
:109C5000232ED600212ED700B82E012ED700032E9A
:109C6000D600480E012F802E1F0EB82EE35021344F
:109C700001428230C132252E62F5010022300140BE
:109C80004A0A0142B82EE354F03B8340D808E5521B
:109C90008342003083305042C432272E64F5940052
:109CA00050424042D33F84407D82E3084042834299
:109CB000B82EDD52003040427C86B952092E700F1A
:109CC000BF54C442D3865440554094428542212E0D
:109CD000D7004240252EFDF3C0427E82052E7D0036
:109CE00080B2142F052E890027BD2FB98090022F36
:109CF000212E6FF50C2D072E710F14301C09052E27
:109D000077F7BD5647BE9308940A252E77F7E75498
:109D100050424A0EFC2FB82E505002304386E55078
:109D2000FB7FE37FD27FC07FB17F002E41400040A8
:109D30004804982E74C01EAAD36F1430B16FE3226A
:109D4000C06F5240E46F4C0E1242D37FEB2F032EB4
:109D5000860F40901130032F232E860F022C0030E7
:109D6000D06FFB6FB05FB82E4050F17F0A253C8664
:109D7000EB7F41332230982EC2C4D36FF430DC091C
:109D80004758C26F9409EB586ABBDC08B4B9B1BD3F
:109D9000E95A950821BDF6BF770B51BEF16FEB6F05
:109DA00052425442C02E4342C05F5050F5503130B1
:109DB0001142FB7F7B300B42113002802333014282
:109DC0000300072E8003052ED3002352E27FD37FAA
:109DD000C07F982EB60ED16F080A1A257B86D07FD9
:109DE00001331230982EC2C4D16F080A00B20D2F71
:109DF000E36F012E80035130C786232E21F208BC69
:109E0000C042982EA5B7002E002ED02EB06F0BB8F2
:109E1000032E1B00081AB07F7030042F212E21F270
:109E2000002E002ED02E982E6DC0982E5DC0ED50C5
:109E3000982E44CBEF50982E46C3F150982E53C71E
:109E40003550982E64CF1030982EDC032026C06F3A
:109E500002311242AB330B42378001300142F337FB
:109E6000F752FB504440A20A42428B31092E5EF762
:109E7000F954E30883421B4223334B00BC840B405C
:109E8000333083420B42E07FD17F982E58B7D16F99
:109E9000803040420330E06FF3540430002E002E37
:109EA0000189620EFA2F43421130FB6FC02E01422E
:109EB000B05FC14A00006D570000778E0000E0FFE0
:109EC000FFFFD3FFFFFFE5FFFFFFEEE1FFFF7C1386
:109ED000000046E6FFFF0000000000000000000058
:109EE0000000000000000000000000000000000072
:109EF0000000000000000000000000000000000062
:109F00000000000000000000000000000000000051
:109F1000802E00C1802E00C1802E00C1802E00C185
:109F2000802E00C1802E00C1802E00C1802E00C175
:109F3000802E00C1802E00C1802E00C1802E00C165
:109F4000802E00C1802E00C1802E00C1802E00C155
:109F5000802E00C1802E00C1802E00C1802E00C145
:109F6000802E00C1802E00C1802E00C1802E00C135
:109F7000802E00C1802E00C1802E00C1802E00C125
:109F8000802E00C1802E00C1802E00C1802E00C115
:109F9000802E00C1802E00C1802E00C1802E00C105
:109FA000802E00C1802E00C1802E00C1802E00C1F5
:109FB000802E00C1802E00C1802E00C1802E00C1E5
:109FC000802E00C1802E00C1802E00C1802E00C1D5
:109FD000802E00C1802E00C1802E00C1802E00C1C5
:109FE000802E00C1802E00C1802E00C1802E00C1B5
:109FF000802E00C1802E00C1802E00C123010229C5
:10A0000001032A01032501042101052B0105090192
:10A010000604010C0502000302041C0300060602EC
:10A0200007060208060213060614070007000008C8
:10A03000000413000609000828000C26000E270063
:10A040000E00061016000610164D32485F5461735C
:10A050006B00424D495F5461736B004F6C65645FE8
:10A060005461736B00436865636B5F5461736B008D
:10A0700047696D62616C5F5461736B005669736907
:10A080006F6E5F5461736B00436861737369735FD4
:10A090005461736B0053686F6F745F5461736B002E
:10A0A0004D6F6E69746F725461736B00000089119B
:10A0B00012239B322446AD573665BF74488CC19D30
:10A0C0005AAFD3BE6CCAE5DB7EE9F7F88110080110
:10A0D00093331A22A5562C47B7753E64C99C408D10
:10A0E000DBBF52AEEDDA64CBFFF976E802218B30AC
:10A0F000100299132667AF763444BD554AADC3BCF0
:10A10000588ED19F6EEBE7FA7CC8F5D983310A20CF
:10A1100091121803A7772E66B5543C45CBBD42ACCF
:10A12000D99E508FEFFB66EAFDD874C904428D5367
:10A1300016619F702004A9153227BB364CCEC5DFAF
:10A140005EEDD7FC6888E1997AABF3BA85520C438F
:10A1500097711E60A1142805B3373A26CDDE44CF8F
:10A16000DFFD56ECE9986089FBBB72AA06638F722B
:10A1700014409D512225AB343006B9174EEFC7FE6F
:10A180005CCCD5DD6AA9E3B8788AF19B87730E624F
:10A1900095501C41A3352A24B1163807CFFF46EE4F
:10A1A000DDDC54CDEBB962A8F99A708B08848195F7
:10A1B0001AA793B62CC2A5D33EE1B7F04008C9193F
:10A1C000522BDB3A644EED5F766DFF7C89940085FF
:10A1D0009BB712A6ADD224C3BFF136E0C11848091F
:10A1E000D33B5A2AE55E6C4FF77D7E6C0AA583B49B
:10A1F000188691972EE3A7F23CC0B5D14229CB38FF
:10A20000500AD91B666FEF7E744CFD5D8BB502A4BE
:10A2100099961087AFF326E2BDD034C1C3394A28DE
:10A22000D11A580BE77F6E6EF55C7C4D0CC685D756
:10A230001EE597F42880A1913AA3B3B2444ACD5BBE
:10A240005669DF78600CE91D722FFB3E8DD604C77E
:10A250009FF516E4A9902081BBB332A2C55A4C4B9E
:10A26000D7795E68E11C680DF33F7A2E0EE787F61A
:10A270001CC495D52AA1A3B03882B193466BCF7A7E
:10A280005448DD59622DEB3C700EF91F8FF706E63E
:10A290009DD414C5ABB122A0B9923083C77B4E6A5E
:10A2A000D5585C49E33D6A2CF11E780FE8A20108FD
:10A2B00000000020E8000000C4010008D0A301084D
:10A2C000E800002010620000E00100081C0000000F
:10A2D00043000000F8FFFFFF0C0000000E0000002C
:10A2E0000F0000002E000000010000001000000020
:10A2F00001010000000020416F12833A0000803FFE
:10A30000010100006969017D8C000000D800002077
:10A31000A0000020DA00002088140020FFFF0000C9
:10A32000000000000000000000000000000000002D
:10A33000000000000000000000000000000000001D
:10A34000000000000000000000000000000000000D
:10A3500000000000000000000000000000000000FD
:10A360007D150008351A00086D15000859150008FC
:10A37000791B0008680000000024F40001000500BB
:10A380007C1400200000000000000000000000001D
:10A3900000000000000000000000000000000000BD
:10A3A00000000000000000000000000000000000AD
:10A3B0000000000000000000000000960000000007
:10A3C000C800E80300000000AAAAAAAA0000000032
:040000050800018965
:00000001FF
