Timestamp;matlab_p;matlab_x;matlab_y;matlab_z
14;7.396000E+000;-6.294400E+004;1.024000E+003;3.779136E+006
42;6.901897E+000;1.674750E+005;6.350400E+004;3.818116E+006
70;7.057663E+000;4.302720E+005;4.665600E+004;3.802500E+006
97;7.139596E+000;4.199040E+005;4.665600E+004;3.759721E+006
125;7.220892E+000;7.470090E+005;1.062760E+005;3.892729E+006
152;7.179163E+000;1.451250E+005;5.625000E+003;3.825936E+006
180;7.232856E+000;5.135200E+005;6.864400E+004;3.900625E+006
207;7.292348E+000;3.746130E+005;1.095610E+005;3.849444E+006
233;7.224059E+000;7.288420E+005;1.391290E+005;3.779136E+006
260;7.202120E+000;5.434440E+005;7.617600E+004;3.892729E+006
288;7.098611E+000;6.262460E+005;1.062760E+005;3.736489E+006
316;7.266484E+000;4.912770E+005;6.200100E+004;3.744225E+006
343;7.246477E+000;5.389580E+005;7.507600E+004;3.818116E+006
370;7.152049E+000;3.757650E+005;8.820900E+004;3.794704E+006
398;7.244893E+000;2.920400E+005;4.536900E+004;3.818116E+006
425;7.057953E+000;7.499140E+005;1.466890E+005;3.736489E+006
452;6.955220E+000;8.006280E+005;9.610000E+002;3.892729E+006
479;7.264361E+000;4.975390E+005;6.708100E+004;3.713329E+006
506;7.161032E+000;3.835650E+005;3.802500E+004;3.869089E+006
532;7.127640E+000;5.061960E+005;1.398760E+005;3.794704E+006
560;7.175180E+000;5.229360E+005;3.385600E+004;3.736489E+006
587;7.004604E+000;7.387200E+004;1.444000E+003;3.794704E+006
615;7.192721E+000;7.406980E+005;1.062760E+005;3.786916E+006
643;7.244979E+000;5.104890E+005;6.708100E+004;3.786916E+006
670;7.065092E+000;1.190720E+005;3.721000E+003;3.690241E+006
697;7.433006E+000;2.469600E+005;1.587600E+004;3.940225E+006
725;7.124102E+000;3.888000E+005;4.000000E+004;3.794704E+006
752;7.153200E+000;6.167700E+005;2.044900E+004;3.767481E+006
780;7.110415E+000;3.459750E+005;7.617600E+004;3.767481E+006
807;7.121838E+000;4.866890E+005;5.428900E+004;3.786916E+006
834;7.193717E+000;5.515830E+005;7.784100E+004;3.833764E+006
861;7.088931E+000;3.900000E+005;4.000000E+004;3.849444E+006
888;7.063892E+000;5.902440E+005;9.180900E+004;3.794704E+006
915;7.518712E+000;1.272700E+005;4.225000E+003;3.948169E+006
944;6.834051E+000;4.562250E+005;5.616900E+004;3.818116E+006
971;7.047884E+000;6.926500E+005;3.481000E+003;3.849444E+006
998;7.128779E+000;6.084000E+005;9.734400E+004;3.759721E+006
1026;7.144856E+000;8.665710E+005;1.909690E+005;3.786916E+006
1054;7.303926E+000;2.922000E+004;2.250000E+002;3.705625E+006
1082;7.244070E+000;8.425560E+005;1.840410E+005;3.884841E+006
1109;7.074804E+000;8.766000E+004;1.346890E+005;3.759721E+006
1136;7.374458E+000;2.325260E+005;1.416100E+004;3.751969E+006
1163;7.315650E+000;4.595920E+005;9.548100E+004;3.736489E+006
1190;7.139458E+000;3.625930E+005;7.507600E+004;3.786916E+006
1217;7.294266E+000;5.439960E+005;1.612900E+004;3.900625E+006
1245;7.229009E+000;7.914520E+005;3.348900E+004;3.841600E+006
1272;7.249541E+000;2.671650E+005;6.241000E+003;3.857296E+006
1299;7.129241E+000;4.822500E+005;2.131600E+004;3.767481E+006
1326;7.072124E+000;6.317640E+005;8.236900E+004;3.825936E+006
1353;7.058029E+000;5.414750E+005;4.579600E+004;3.892729E+006
1381;7.010074E+000;4.610310E+005;5.712100E+004;3.759721E+006
1408;7.255899E+000;5.276920E+005;7.182400E+004;3.940225E+006
1436;7.172814E+000;6.839000E+005;1.225000E+005;3.705625E+006
1463;7.044551E+000;5.991840E+005;9.241600E+004;3.857296E+006
1490;7.132291E+000;4.831440E+005;3.348900E+004;3.884841E+006
1518;7.218666E+000;4.316480E+005;5.017600E+004;3.849444E+006
1545;7.171506E+000;1.777500E+005;9.302500E+004;3.849444E+006
1572;7.216938E+000;8.212880E+005;1.797760E+005;3.818116E+006
1600;7.055675E+000;5.154800E+005;6.916900E+004;3.810304E+006
1626;7.226227E+000;5.886000E+005;9.000000E+004;3.767481E+006
1654;7.130010E+000;8.135400E+005;1.764000E+005;3.825936E+006
1681;7.230150E+000;3.708210E+005;3.496900E+004;3.779136E+006
1708;7.066500E+000;8.377740E+005;6.150400E+004;3.818116E+006
1736;7.086882E+000;7.254000E+005;1.383840E+005;3.802500E+006
1762;7.186361E+000;5.339880E+005;7.452900E+004;3.786916E+006
1789;7.161173E+000;4.850880E+005;6.150400E+004;3.779136E+006
1816;7.018926E+000;1.023615E+006;1.697440E+005;3.960100E+006
1843;7.158242E+000;4.815800E+005;5.776000E+003;3.841600E+006
1870;7.007411E+000;4.528450E+005;5.522500E+004;3.713329E+006
1896;6.999473E+000;4.092390E+005;4.284900E+004;3.908529E+006
1922;7.213444E+000;-2.552910E+005;1.664100E+004;3.779136E+006
1948;7.068061E+000;6.598350E+005;1.162810E+005;3.759721E+006
1975;7.129827E+000;6.228360E+005;9.985600E+004;3.876961E+006
2003;7.248717E+000;3.923990E+005;4.120900E+004;3.802500E+006
2030;7.150743E+000;5.990200E+005;1.210000E+004;3.825936E+006
2058;7.360445E+000;3.504820E+005;3.204100E+004;3.833764E+006
2084;7.281353E+000;5.979240E+005;1.030410E+005;3.779136E+006
2111;7.218961E+000;6.624800E+005;3.600000E+003;3.841600E+006
2138;7.155356E+000;7.611650E+005;3.364000E+003;3.728761E+006
2165;7.099262E+000;2.180040E+005;1.049760E+005;3.908529E+006
2193;7.114398E+000;5.701780E+005;8.584900E+004;3.818116E+006
2220;7.276026E+000;1.366400E+005;4.900000E+003;3.916441E+006
2248;7.183914E+000;3.976470E+005;1.436410E+005;3.810304E+006
2276;7.341047E+000;7.511040E+005;1.474560E+005;3.825936E+006
2303;7.079104E+000;5.604480E+005;1.874890E+005;3.767481E+006
2331;7.265731E+000;2.364530E+005;1.416100E+004;3.794704E+006
2358;7.214805E+000;2.604960E+005;1.795600E+004;3.825936E+006
2385;7.155806E+000;5.015520E+005;6.656400E+004;3.876961E+006
2413;7.219665E+000;6.304760E+005;1.036840E+005;3.900625E+006
2439;7.092357E+000;1.702800E+005;1.797760E+005;3.802500E+006
2466;7.209780E+000;5.836480E+005;1.260250E+005;3.940225E+006
2494;7.146379E+000;5.619210E+005;8.468100E+004;3.841600E+006
2521;7.276917E+000;5.501980E+005;3.648100E+004;3.721041E+006
2549;7.162180E+000;1.205970E+005;3.721000E+003;3.818116E+006
2575;7.185689E+000;4.016480E+005;4.326400E+004;3.810304E+006
2603;7.086329E+000;4.789330E+005;6.100900E+004;3.948169E+006
2631;7.237150E+000;2.268630E+005;1.368900E+004;3.786916E+006
2658;7.083398E+000;2.671500E+005;4.622500E+004;3.857296E+006
2686;7.191450E+000;3.962560E+005;1.368900E+004;3.841600E+006
2714;7.082911E+000;5.332040E+005;7.507600E+004;3.728761E+006
2740;7.115806E+000;5.554440E+005;7.728400E+004;3.849444E+006
2768;7.180730E+000;1.355900E+004;8.294400E+004;3.786916E+006
2795;6.930317E+000;6.781130E+005;6.864400E+004;3.841600E+006
2822;7.128566E+000;4.517200E+005;6.561000E+003;3.833764E+006
2849;7.144039E+000;5.122450E+005;3.132900E+004;3.810304E+006
2877;7.090065E+000;7.277610E+005;1.346890E+005;3.786916E+006
2905;7.092263E+000;6.641250E+005;7.182400E+004;3.721041E+006
2932;7.353605E+000;2.812810E+005;6.300100E+004;3.876961E+006
2959;7.084171E+000;3.630280E+005;5.017600E+004;3.736489E+006
2987;7.227643E+000;3.810240E+005;1.488400E+004;3.900625E+006
3014;7.176813E+000;6.501600E+005;1.081600E+004;3.632836E+006
3041;7.337530E+000;7.318260E+005;7.784100E+004;3.810304E+006
3069;7.221575E+000;4.958800E+005;9.302500E+004;3.663396E+006
3097;7.409914E+000;6.346170E+005;8.100000E+001;3.802500E+006
3124;7.382550E+000;3.471000E+005;3.168400E+004;3.833764E+006
3151;7.238029E+000;7.070050E+005;1.332250E+005;3.892729E+006
3178;7.118803E+000;3.234000E+005;2.722500E+004;3.713329E+006
3206;7.337886E+000;3.328200E+005;4.040100E+004;3.825936E+006
3233;7.086479E+000;6.049620E+005;9.363600E+004;3.857296E+006
3261;7.095833E+000;5.083790E+005;1.664100E+004;3.728761E+006
3287;7.223876E+000;6.787120E+005;1.183360E+005;3.744225E+006
3314;6.901561E+000;1.581600E+004;3.763600E+004;3.810304E+006
3341;7.210772E+000;6.330800E+005;1.043290E+005;3.759721E+006
3369;7.055654E+000;4.116320E+005;4.326400E+004;3.825936E+006
3396;7.107063E+000;6.084000E+005;3.027600E+004;3.767481E+006
3423;7.233655E+000;5.051550E+005;8.294400E+004;3.767481E+006
3451;7.088087E+000;4.903920E+005;6.400900E+004;3.833764E+006
3478;7.181786E+000;5.083790E+005;6.916900E+004;3.841600E+006
3506;7.160170E+000;9.291900E+004;7.784100E+004;3.876961E+006
3533;7.148190E+000;5.381910E+005;7.784100E+004;3.728761E+006
3560;7.288095E+000;2.957920E+005;1.049760E+005;3.940225E+006
3587;7.220776E+000;3.912740E+005;4.080400E+004;3.786916E+006
3615;7.076101E+000;7.050760E+005;1.690000E+004;3.810304E+006
3642;7.325011E+000;5.696190E+005;1.444000E+003;3.857296E+006
3669;7.178345E+000;3.246480E+005;2.788900E+004;3.779136E+006
3696;7.239512E+000;5.927220E+005;1.960000E+002;3.932289E+006
3724;7.198988E+000;2.579500E+005;1.795600E+004;3.728761E+006
3751;7.210536E+000;-7.671300E+004;1.521000E+003;3.869089E+006
3777;7.225701E+000;6.256510E+005;1.043290E+005;3.779136E+006
3805;7.140440E+000;9.501100E+005;1.239040E+005;3.818116E+006
3832;7.134976E+000;7.063340E+005;1.281640E+005;3.794704E+006
3859;7.190687E+000;5.263540E+005;7.507600E+004;3.794704E+006
3886;7.086687E+000;-8.793000E+004;2.025000E+003;3.857296E+006
3914;7.086687E+000;9.720000E+003;2.500000E+001;3.751969E+006
3941;7.154990E+000;4.977000E+005;6.350400E+004;3.849444E+006
3969;7.279257E+000;3.615840E+005;3.459600E+004;3.779136E+006
3996;6.989641E+000;2.866500E+005;1.225000E+005;3.892729E+006
4023;7.227296E+000;2.786040E+005;1.188100E+004;3.744225E+006
4051;7.135336E+000;3.402000E+005;3.062500E+004;3.869089E+006
4079;7.187000E+000;6.694240E+005;1.416100E+004;3.833764E+006
4106;7.054089E+000;9.028700E+004;2.209000E+003;3.825936E+006
4133;7.137528E+000;3.990240E+005;3.496900E+004;3.924361E+006
4161;7.182961E+000;-5.423600E+004;1.069290E+005;3.833764E+006
4188;7.208441E+000;4.910730E+005;6.400900E+004;3.924361E+006
4215;6.991189E+000;1.455580E+005;5.476000E+003;3.876961E+006
4243;6.977089E+000;6.391610E+005;1.095610E+005;3.857296E+006
4271;7.120941E+000;-1.187060E+005;3.721000E+003;3.786916E+006
4299;7.072147E+000;5.304750E+005;7.562500E+004;3.736489E+006
4326;7.183699E+000;9.437220E+005;2.313610E+005;3.884841E+006
4354;7.130627E+000;3.618450E+005;3.496900E+004;3.779136E+006
4380;7.150580E+000;5.512320E+005;1.254400E+004;3.802500E+006
4407;7.172610E+000;7.087960E+005;1.310440E+005;3.876961E+006
4434;7.267971E+000;5.940160E+005;1.638400E+004;3.705625E+006
4461;7.364764E+000;6.474360E+005;7.022500E+004;3.884841E+006
4489;7.262700E+000;7.686360E+005;1.568160E+005;3.857296E+006
4516;7.142837E+000;2.388000E+004;1.440000E+002;3.818116E+006
4543;7.082914E+000;1.278420E+005;7.562500E+004;3.786916E+006
4570;7.284485E+000;3.806400E+005;3.802500E+004;3.884841E+006
4598;7.194272E+000;3.806400E+005;3.802500E+004;3.759721E+006
4625;7.329277E+000;7.639920E+005;1.822500E+004;3.728761E+006
4653;7.194681E+000;7.237200E+004;1.069290E+005;3.833764E+006
4681;7.295890E+000;8.776460E+005;2.034010E+005;3.932289E+006
4709;7.218346E+000;5.174500E+005;4.000000E+000;3.794704E+006
4737;7.079009E+000;6.035600E+005;1.095610E+005;3.810304E+006
4763;7.250645E+000;5.798470E+005;8.584900E+004;3.916441E+006
4790;7.234906E+000;6.116720E+005;7.398400E+004;3.713329E+006
4817;7.332371E+000;5.925240E+005;9.120400E+004;3.736489E+006
4844;7.338776E+000;5.515920E+005;7.952400E+004;3.884841E+006
4872;7.080497E+000;6.545280E+005;1.128960E+005;3.818116E+006
4899;7.163408E+000;-2.469600E+005;7.952400E+004;3.779136E+006
4927;7.169158E+000;4.865190E+005;6.400900E+004;3.833764E+006
4954;6.889687E+000;6.471100E+005;1.062760E+005;3.794704E+006
4982;7.279115E+000;7.947840E+005;1.664640E+005;3.810304E+006
5008;7.086203E+000;-1.245440E+005;4.096000E+003;3.892729E+006
5036;7.189850E+000;5.042340E+005;6.604900E+004;3.759721E+006
5063;7.087407E+000;4.213940E+005;7.452900E+004;3.869089E+006
5090;7.053146E+000;4.784390E+005;6.100900E+004;3.892729E+006
5117;7.117909E+000;4.733520E+005;5.856400E+004;3.736489E+006
5145;7.284892E+000;3.472480E+005;5.856400E+004;3.908529E+006
5172;7.021020E+000;-2.344800E+004;1.440000E+002;3.721041E+006
5199;7.077646E+000;3.384480E+005;6.300100E+004;3.833764E+006
5226;7.100322E+000;3.160000E+005;2.560000E+004;3.849444E+006
5253;7.150111E+000;3.222060E+005;1.095610E+005;3.849444E+006
5280;7.261006E+000;4.100580E+005;2.992900E+004;3.802500E+006
5307;7.084251E+000;6.056400E+005;4.161600E+004;3.810304E+006
5334;7.299053E+000;5.865150E+005;9.302500E+004;3.884841E+006
5362;7.179014E+000;3.607500E+005;3.422500E+004;3.857296E+006
5389;7.130008E+000;2.905500E+004;6.400900E+004;3.713329E+006
5415;7.215891E+000;1.856500E+005;8.836000E+003;3.841600E+006
5443;7.171445E+000;6.337440E+005;1.062760E+005;3.697929E+006
5470;7.163227E+000;5.660800E+005;1.332250E+005;3.940225E+006
5498;7.197974E+000;1.947330E+005;9.801000E+003;3.786916E+006
5526;7.135248E+000;5.074860E+005;8.584900E+004;3.841600E+006
5554;7.132318E+000;5.026920E+005;6.604900E+004;3.833764E+006
5581;7.132318E+000;3.377340E+005;1.339560E+005;3.892729E+006
5609;7.132318E+000;4.552820E+005;5.428900E+004;3.818116E+006
5636;7.132318E+000;4.471200E+005;6.812100E+004;3.825936E+006
5663;7.068040E+000;5.651030E+005;8.236900E+004;3.876961E+006
5691;7.068040E+000;5.084280E+005;6.812100E+004;3.833764E+006
5719;7.246293E+000;-1.025550E+005;4.972900E+004;3.869089E+006
5746;7.111276E+000;4.778960E+005;7.075600E+004;3.786916E+006
5773;7.169004E+000;6.611940E+005;1.135690E+005;3.976036E+006
5800;7.045620E+000;4.583110E+005;9.000000E+002;3.697929E+006
5827;7.214925E+000;3.815980E+005;3.763600E+004;3.744225E+006
5855;7.299397E+000;3.390120E+005;7.562500E+004;3.849444E+006
5883;7.032292E+000;5.448800E+005;1.225000E+005;3.713329E+006
5910;7.297101E+000;4.087070E+005;4.452100E+004;3.892729E+006
5937;7.145091E+000;4.801680E+005;6.100900E+004;3.779136E+006
5965;7.163416E+000;5.183730E+005;7.022500E+004;3.916441E+006
5993;7.351421E+000;4.672990E+005;5.808100E+004;3.794704E+006
6020;7.015149E+000;8.959680E+005;2.106810E+005;3.721041E+006
6048;7.004683E+000;4.231380E+005;1.210000E+004;3.818116E+006
6075;6.973200E+000;6.779500E+005;6.502500E+004;3.884841E+006
6103;7.291152E+000;5.668250E+005;8.236900E+004;3.744225E+006
6130;7.190940E+000;3.936170E+005;4.040100E+004;3.833764E+006
6158;7.054086E+000;2.116800E+005;9.672100E+004;3.908529E+006
6185;7.109397E+000;1.682160E+005;9.120400E+004;3.818116E+006
6211;7.212762E+000;1.716000E+005;7.744000E+003;3.802500E+006
6238;7.194158E+000;5.331200E+005;7.398400E+004;3.857296E+006
6265;7.362983E+000;1.371010E+005;8.526400E+004;3.721041E+006
6293;7.190561E+000;2.899540E+005;2.220100E+004;3.849444E+006
6320;7.265491E+000;1.652400E+005;7.225000E+003;3.648100E+006
6348;7.265491E+000;3.252120E+005;2.689600E+004;3.869089E+006
6375;7.141210E+000;5.467000E+005;9.859600E+004;3.818116E+006
6402;7.122153E+000;4.222220E+005;1.632160E+005;3.810304E+006
6428;7.152215E+000;3.693060E+005;3.572100E+004;3.802500E+006
6455;7.350364E+000;-2.319600E+004;8.410000E+004;3.767481E+006
6483;7.259424E+000;5.984250E+005;4.622500E+004;3.948169E+006
6511;7.017204E+000;8.998460E+005;1.600000E+003;3.744225E+006
6539;7.000772E+000;1.143180E+005;3.364000E+003;3.794704E+006
6566;7.290581E+000;6.447880E+005;7.569000E+003;3.759721E+006
6594;6.993918E+000;7.211040E+005;4.000000E+002;3.825936E+006
6621;7.200798E+000;4.787280E+005;4.000000E+002;3.767481E+006
6648;7.073373E+000;3.442170E+005;1.190250E+005;3.849444E+006
6676;7.013558E+000;5.656320E+005;2.250000E+004;3.841600E+006
6704;7.208441E+000;1.483520E+005;5.776000E+003;3.767481E+006
6731;7.027083E+000;6.573600E+005;1.089000E+005;3.810304E+006
6759;7.124860E+000;5.700660E+005;2.310400E+004;3.794704E+006
6786;7.247019E+000;4.064320E+005;1.246090E+005;3.908529E+006
6813;6.905842E+000;5.919000E+005;8.008900E+004;3.841600E+006
6841;7.217168E+000;2.989140E+005;2.371600E+004;3.779136E+006
6868;6.905826E+000;2.258600E+005;1.322500E+004;3.924361E+006
6895;7.041519E+000;1.895380E+005;9.409000E+003;3.841600E+006
6923;7.032499E+000;6.805500E+005;1.218010E+005;3.802500E+006
6950;7.006160E+000;5.555040E+005;4.840000E+002;3.767481E+006
6977;7.181845E+000;5.274080E+005;6.051600E+004;3.857296E+006
7004;7.064045E+000;6.422080E+005;1.082410E+005;3.869089E+006
7032;7.300637E+000;7.925300E+004;1.681000E+003;3.721041E+006
7059;7.341471E+000;4.516680E+005;5.198400E+004;3.833764E+006
7087;7.026825E+000;6.279120E+005;7.507600E+004;3.802500E+006
7114;7.199175E+000;5.050500E+005;6.708100E+004;3.794704E+006
7142;7.058901E+000;6.747660E+005;1.169640E+005;3.736489E+006
7169;7.081457E+000;6.559760E+005;1.440000E+002;3.728761E+006
7198;7.145325E+000;4.140290E+005;5.336100E+004;3.825936E+006
7225;7.097053E+000;3.361750E+005;3.534400E+004;3.825936E+006
7252;7.240140E+000;1.765800E+005;1.303210E+005;3.833764E+006
7279;7.293187E+000;5.507180E+005;8.008900E+004;3.751969E+006
7306;7.079673E+000;7.129900E+005;9.796900E+004;3.940225E+006
7333;7.345016E+000;6.622560E+005;7.507600E+004;3.744225E+006
7360;7.274899E+000;8.307000E+005;1.936000E+003;3.810304E+006
7388;7.181643E+000;2.510300E+005;1.690000E+004;3.779136E+006
7416;7.279772E+000;1.657500E+005;1.376410E+005;3.833764E+006
7442;7.290907E+000;2.256300E+005;1.322500E+004;3.960100E+006
7469;7.258843E+000;1.319230E+005;4.489000E+003;3.697929E+006
7495;7.135522E+000;1.376690E+005;5.041000E+003;3.916441E+006
7523;7.207141E+000;7.167160E+005;1.324960E+005;3.857296E+006
7550;7.184390E+000;5.940340E+005;3.969000E+003;3.759721E+006
7577;7.115136E+000;3.982080E+005;3.724900E+004;3.892729E+006
7605;6.902076E+000;5.006340E+005;6.451600E+004;3.884841E+006
7633;7.041752E+000;3.067780E+005;2.464900E+004;3.833764E+006
7661;7.004439E+000;5.304000E+005;4.900000E+001;3.833764E+006
7688;6.992311E+000;5.610240E+005;1.528810E+005;3.779136E+006
7716;6.992031E+000;5.353960E+005;7.507600E+004;3.869089E+006
7744;7.198560E+000;2.101680E+005;1.183360E+005;3.751969E+006
7771;7.207592E+000;1.994750E+005;1.020100E+004;3.767481E+006
7799;7.175211E+000;1.185840E+005;3.721000E+003;3.663396E+006
7827;7.175211E+000;5.755320E+005;6.604900E+004;3.841600E+006
7854;7.409985E+000;6.004920E+005;9.302500E+004;3.713329E+006
7881;7.271729E+000;1.401120E+005;4.284900E+004;3.857296E+006
7909;7.363335E+000;3.681720E+005;3.572100E+004;3.802500E+006
7936;7.121988E+000;8.418760E+005;1.831840E+005;3.869089E+006
7964;7.200659E+000;3.684390E+005;3.648100E+004;3.767481E+006
8045;7.107162E+000;6.886620E+005;1.232010E+005;3.849444E+006
8074;7.139644E+000;5.744760E+005;8.643600E+004;3.655744E+006
8101;7.058153E+000;7.811480E+005;1.608010E+005;3.924361E+006
8128;7.291104E+000;6.213200E+005;1.004890E+005;3.841600E+006
8157;7.187351E+000;7.206980E+005;1.464100E+004;3.900625E+006
8185;7.109184E+000;3.672680E+005;3.496900E+004;3.736489E+006
8212;7.070571E+000;5.920670E+005;5.776000E+003;3.810304E+006
8239;7.075649E+000;5.267910E+005;2.220100E+004;3.857296E+006
8267;7.127264E+000;5.263200E+005;7.398400E+004;3.779136E+006
8294;7.017325E+000;5.842460E+005;6.200100E+004;3.876961E+006
8322;7.058959E+000;5.105160E+005;6.812100E+004;3.810304E+006
8349;7.256184E+000;5.992300E+005;9.610000E+004;3.802500E+006
8377;7.079725E+000;-1.762200E+004;8.940100E+004;3.786916E+006
8404;7.136649E+000;5.748660E+005;8.584900E+004;3.759721E+006
8432;7.150561E+000;1.416240E+005;5.428900E+004;3.869089E+006
8459;7.090411E+000;6.623330E+005;1.122250E+005;3.721041E+006
8486;7.193231E+000;1.815160E+005;4.752400E+004;3.841600E+006
8514;7.143596E+000;6.097700E+005;2.116000E+003;3.759721E+006
8541;7.054772E+000;5.252320E+005;1.210000E+002;3.751969E+006
8569;7.064018E+000;2.310750E+005;9.610000E+004;3.744225E+006
8596;7.008586E+000;3.629700E+005;3.422500E+004;3.751969E+006
8623;7.363301E+000;4.281200E+005;1.936000E+003;3.841600E+006
8650;7.119977E+000;4.537920E+005;1.416100E+004;3.833764E+006
8677;7.165129E+000;5.119480E+005;5.382400E+004;3.721041E+006
8704;7.238128E+000;7.366750E+005;1.391290E+005;3.849444E+006
8732;7.097860E+000;4.653660E+005;2.777290E+005;3.744225E+006
8759;7.164490E+000;6.147320E+005;9.796900E+004;3.818116E+006
8786;7.128391E+000;6.820800E+005;4.900000E+001;3.849444E+006
8813;7.128391E+000;5.038260E+005;3.721000E+003;3.744225E+006
8840;7.247591E+000;3.426500E+005;3.062500E+004;3.884841E+006
8868;7.186594E+000;3.692030E+005;3.648100E+004;3.736489E+006
8895;7.105936E+000;5.727500E+005;3.724900E+004;3.892729E+006
8922;7.146074E+000;4.294400E+005;4.840000E+004;3.678724E+006
8948;7.135595E+000;7.337880E+005;9.801000E+003;3.818116E+006
8977;7.338916E+000;6.830550E+005;1.246090E+005;3.841600E+006
9005;7.106390E+000;2.947280E+005;2.190240E+005;3.960100E+006
9032;7.137871E+000;9.499200E+004;9.120400E+004;3.779136E+006
9060;7.209364E+000;6.975780E+005;2.809000E+003;3.802500E+006
9086;7.079217E+000;3.666060E+005;3.459600E+004;3.810304E+006
9112;6.983898E+000;4.013730E+005;4.284900E+004;3.759721E+006
9139;7.205032E+000;1.480480E+005;5.776000E+003;3.818116E+006
9165;7.015307E+000;4.494200E+004;5.290000E+002;3.892729E+006
9193;7.128012E+000;4.190270E+005;2.592100E+004;3.841600E+006
9221;7.182668E+000;2.753800E+005;2.560000E+004;3.833764E+006
9248;7.029523E+000;6.432090E+005;1.069290E+005;3.825936E+006
9275;7.080209E+000;7.263750E+005;1.406250E+005;3.759721E+006
9302;7.227566E+000;5.577760E+005;1.592010E+005;3.876961E+006
9330;7.227566E+000;4.706450E+005;3.168400E+004;3.721041E+006
9357;7.174556E+000;3.529740E+005;3.168400E+004;3.802500E+006
9385;7.081983E+000;-2.335200E+004;1.440000E+002;3.655744E+006
9411;7.253429E+000;1.387340E+005;4.243600E+004;3.908529E+006
9438;7.093376E+000;-1.563200E+004;7.452900E+004;3.736489E+006
9465;7.162530E+000;5.617300E+004;1.122250E+005;3.759721E+006
9492;7.199914E+000;6.710040E+005;1.169640E+005;3.916441E+006
9520;7.126914E+000;3.052080E+005;9.734400E+004;3.736489E+006
9547;7.179886E+000;6.187840E+005;1.354240E+005;3.876961E+006
9574;7.156788E+000;3.114180E+005;9.000000E+004;3.825936E+006
9602;7.387197E+000;3.102470E+005;9.302500E+004;3.779136E+006
9630;7.093542E+000;-1.592000E+004;6.400000E+001;3.833764E+006
9657;7.092328E+000;6.155100E+005;9.610000E+004;3.671056E+006
9685;7.222856E+000;7.892340E+005;1.089000E+003;3.857296E+006
9713;7.165457E+000;2.214800E+005;6.708100E+004;3.697929E+006
9740;7.216991E+000;6.867130E+005;1.204090E+005;3.916441E+006
9767;7.069869E+000;-7.102800E+004;7.398400E+004;3.849444E+006
9794;7.035143E+000;8.421600E+005;1.936000E+005;3.849444E+006
9821;6.966175E+000;5.016500E+005;5.664400E+004;3.794704E+006
9849;6.906462E+000;8.475300E+005;1.918440E+005;3.713329E+006
9876;7.170053E+000;5.605950E+005;1.416100E+004;3.794704E+006
9904;7.202965E+000;4.827500E+005;5.062500E+004;3.697929E+006
9931;7.285619E+000;1.294800E+005;1.960000E+004;3.849444E+006
9958;7.120790E+000;5.121910E+006;1.626509E+007;1.188100E+006
9985;7.121903E+000;4.950276E+006;2.558336E+007;7.569000E+005
10013;2.321806E+001;3.695312E+006;5.669161E+006;2.377764E+006
10040;1.952726E+001;1.474155E+006;6.384010E+005;3.396649E+006
10069;1.342667E+001;7.958510E+005;1.664100E+004;3.640464E+006
10096;7.499734E+000;2.795980E+005;2.016400E+004;3.908529E+006
10123;7.402146E+000;4.729776E+006;1.381609E+007;1.517824E+006
10151;1.537465E+001;5.185746E+006;2.272429E+007;1.151329E+006
10178;1.928599E+001;4.844708E+006;1.940402E+007;1.155625E+006
10204;2.062309E+001;4.081520E+006;6.801664E+006;2.356225E+006
10231;1.629479E+001;5.155920E+006;3.307400E+007;6.625960E+005
10259;2.239205E+001;5.200720E+006;2.382416E+007;9.860490E+005
10286;2.158747E+001;4.926608E+006;3.728324E+007;6.691240E+005
10313;2.214413E+001;5.115310E+006;1.675265E+007;1.343281E+006
10341;2.019457E+001;4.755510E+006;1.531940E+007;1.493284E+006
10368;1.960996E+001;4.623339E+006;4.313929E+006;2.566404E+006
10394;1.704169E+001;5.035548E+006;3.585614E+007;7.396000E+005
10421;2.222068E+001;4.917320E+006;2.894440E+007;7.903210E+005
10448;2.222068E+001;5.077086E+006;2.208060E+007;1.050625E+006
10475;2.137422E+001;5.249916E+006;2.778344E+007;1.016064E+006
10502;2.197590E+001;4.887398E+006;2.150177E+007;1.110916E+006
10530;2.126473E+001;4.985760E+006;2.127977E+007;1.034289E+006
10557;2.088762E+001;4.902750E+006;1.899216E+007;1.229881E+006
10584;2.062835E+001;4.880458E+006;1.950106E+007;1.147041E+006
10612;2.050154E+001;5.211822E+006;1.994516E+007;1.366561E+006
10640;2.071571E+001;4.660940E+006;1.726402E+007;1.371241E+006
10667;1.964829E+001;4.911174E+006;1.818170E+007;1.397124E+006
10694;2.019243E+001;5.088980E+006;1.667906E+007;1.411344E+006
10722;1.969959E+001;4.682095E+006;1.524903E+007;1.397124E+006
10748;2.014798E+001;4.489177E+006;1.479172E+007;1.442401E+006
10775;1.963241E+001;4.936120E+006;1.613629E+007;1.437601E+006
10802;2.020592E+001;4.636236E+006;1.407000E+007;1.565001E+006
10830;1.940417E+001;4.494805E+006;1.478403E+007;1.466521E+006
10857;1.995597E+001;4.919280E+006;1.813056E+007;1.471369E+006
10884;1.991512E+001;4.921560E+006;1.883560E+007;1.270129E+006
10912;2.080400E+001;4.950891E+006;1.780840E+007;1.343281E+006
10940;2.022949E+001;5.175072E+006;3.089136E+007;7.242010E+005
10967;2.249935E+001;4.223735E+006;5.049524E+007;4.070440E+005
10994;2.272660E+001;3.384761E+006;6.049728E+007;1.831840E+005
11021;2.321799E+001;2.401642E+006;7.463232E+007;7.728400E+004
11049;2.296776E+001;2.461602E+006;7.281209E+007;9.424900E+004
11075;2.302610E+001;2.672278E+006;6.910597E+007;1.102240E+005
11103;2.296238E+001;2.804886E+006;6.750266E+007;1.115560E+005
11129;2.306506E+001;3.779970E+006;5.679130E+007;2.313610E+005
11157;2.346085E+001;3.758028E+006;5.304209E+007;2.662560E+005
11183;2.333898E+001;4.407750E+006;4.264090E+007;4.173160E+005
11210;2.350119E+001;4.415096E+006;4.088324E+007;4.914010E+005
11236;2.328461E+001;4.987875E+006;3.451562E+007;6.448090E+005
11264;2.306645E+001;4.898737E+006;3.139361E+007;8.244640E+005
11291;2.261440E+001;4.786345E+006;2.968070E+007;7.673760E+005
11318;2.221161E+001;5.029440E+006;2.594884E+007;9.139360E+005
11346;2.237830E+001;4.979232E+006;2.941978E+007;8.817210E+005
11372;2.194569E+001;4.783801E+006;3.279853E+007;7.534240E+005
11399;2.198764E+001;4.830893E+006;2.993184E+007;7.867690E+005
11426;2.235076E+001;5.098730E+006;3.498722E+007;7.673760E+005
11453;2.211133E+001;4.835667E+006;3.256985E+007;8.082010E+005
11481;2.262717E+001;5.008659E+006;3.090248E+007;7.242010E+005
11508;2.205337E+001;5.014042E+006;3.260410E+007;6.625960E+005
11535;2.256185E+001;4.790760E+006;3.353568E+007;6.256810E+005
11562;2.273198E+001;4.954295E+006;3.448038E+007;6.577210E+005
11589;2.251281E+001;4.891635E+006;3.585614E+007;5.670090E+005
11616;2.279079E+001;4.926150E+006;3.738100E+007;5.959840E+005
11643;2.288502E+001;4.934046E+006;3.699072E+007;5.446440E+005
11671;2.305048E+001;4.605384E+006;4.403650E+007;5.026810E+005
11698;2.292106E+001;4.363100E+006;4.590062E+007;3.906250E+005
11726;2.318325E+001;4.186161E+006;4.907002E+007;3.672360E+005
11753;2.328590E+001;4.221875E+006;4.563002E+007;4.044960E+005
11779;2.312846E+001;4.904130E+006;3.592804E+007;5.700250E+005
11806;2.351516E+001;3.442699E+006;4.558225E+006;2.430481E+006
11834;2.345555E+001;1.266970E+006;4.489000E+005;3.591025E+006
11862;1.227862E+001;4.307730E+005;2.856100E+004;3.876961E+006
11889;8.159884E+000;1.216440E+005;8.122500E+004;3.721041E+006
11916;7.196803E+000;4.111800E+005;6.864400E+004;3.932289E+006
11943;7.012918E+000;2.363140E+005;1.095610E+005;3.916441E+006
11969;6.978311E+000;-5.733300E+004;1.149210E+005;3.786916E+006
11997;6.928256E+000;5.625620E+005;2.890000E+002;3.940225E+006
12025;6.943725E+000;4.615730E+005;1.075840E+005;3.869089E+006
12053;6.994234E+000;2.490880E+005;1.638400E+004;3.810304E+006
12080;7.051650E+000;7.900000E+003;1.600000E+001;3.984016E+006
12108;7.017382E+000;6.903000E+005;1.253160E+005;3.671056E+006
12135;7.030048E+000;5.364920E+005;2.402500E+004;3.892729E+006
12162;6.912908E+000;3.413880E+005;1.075840E+005;3.876961E+006
12190;7.015245E+000;5.189010E+005;7.236100E+004;3.849444E+006
12217;7.037569E+000;2.696880E+005;5.290000E+004;3.900625E+006
12244;6.989769E+000;1.498420E+005;1.459240E+005;3.940225E+006
12271;7.068193E+000;3.476000E+005;3.097600E+004;3.900625E+006
12297;6.945299E+000;2.193330E+005;1.108890E+005;3.794704E+006
12324;7.075516E+000;3.986160E+005;4.161600E+004;3.916441E+006
12351;7.159178E+000;2.833860E+005;2.401000E+003;3.833764E+006
12379;6.968844E+000;1.834880E+005;8.836000E+003;3.948169E+006
12406;7.121099E+000;3.542410E+005;2.433600E+004;3.802500E+006
12433;6.975158E+000;7.163840E+005;1.346890E+005;3.678724E+006
12461;7.037247E+000;3.684660E+005;1.108890E+005;3.849444E+006
12488;7.205749E+000;3.658620E+005;2.528100E+004;3.825936E+006
12516;7.021990E+000;4.309020E+005;4.928400E+004;3.721041E+006
12544;6.947048E+000;5.804330E+005;8.584900E+004;3.779136E+006
12572;7.138207E+000;2.035950E+005;1.102500E+004;3.736489E+006
12600;7.171609E+000;7.690880E+005;1.552360E+005;3.767481E+006
12626;7.284377E+000;7.944640E+005;1.260250E+005;3.810304E+006
12653;7.043522E+000;7.410240E+005;5.184000E+003;3.818116E+006
12681;7.095092E+000;2.989140E+005;8.065600E+004;3.751969E+006
12709;7.201902E+000;7.285300E+004;1.369000E+003;3.876961E+006
12736;7.206517E+000;7.969500E+005;1.713960E+005;3.818116E+006
12764;7.257807E+000;4.512120E+005;9.363600E+004;3.869089E+006
12792;7.421546E+000;4.331600E+005;4.884100E+004;3.751969E+006
12819;7.136743E+000;3.474560E+005;4.796100E+004;3.916441E+006
12846;7.081891E+000;3.106860E+005;1.638400E+004;3.892729E+006
12874;7.044307E+000;5.114240E+005;6.864400E+004;3.841600E+006
12901;7.150983E+000;1.206520E+005;3.844000E+003;3.786916E+006
12928;7.114787E+000;-4.890000E+004;6.250000E+002;3.736489E+006
12955;6.959175E+000;6.357000E+005;1.056250E+005;3.825936E+006
12982;7.077805E+000;2.563230E+005;5.760000E+002;3.948169E+006
13010;6.600523E+000;2.113922E+006;7.093008E+007;7.128900E+004
13038;1.363150E+001;3.130737E+006;6.411205E+007;1.528810E+005
13065;2.353667E+001;4.105518E+006;4.452893E+007;4.147360E+005
13092;2.283745E+001;4.740340E+006;1.380123E+007;1.602756E+006
13119;2.077992E+001;5.174841E+006;2.748905E+007;8.082010E+005
13146;2.096715E+001;4.419320E+006;4.395690E+007;4.942090E+005
13174;2.323773E+001;4.655210E+006;4.066613E+007;5.169610E+005
13201;2.297137E+001;4.973136E+006;3.085802E+007;7.242010E+005
13228;2.247624E+001;5.029200E+006;3.085802E+007;7.867690E+005
13255;2.227444E+001;4.681231E+006;2.539152E+007;8.537760E+005
13283;2.206097E+001;4.839476E+006;2.633742E+007;9.545290E+005
13311;2.219380E+001;4.906760E+006;2.590810E+007;9.741690E+005
13338;2.202368E+001;4.756764E+006;1.630544E+007;1.406596E+006
13365;2.166573E+001;5.125895E+006;1.538993E+007;1.447209E+006
13393;2.035635E+001;3.986054E+006;7.392961E+006;2.022084E+006
13420;1.884084E+001;5.042520E+006;3.004136E+007;9.025000E+005
13448;1.793607E+001;4.783368E+006;2.688422E+007;9.702250E+005
13475;2.161048E+001;4.726800E+006;2.190240E+007;9.820810E+005
13502;2.140202E+001;5.236296E+006;2.666690E+007;1.004004E+006
13529;2.166412E+001;5.070640E+006;2.323240E+007;1.129969E+006
13556;2.141915E+001;4.825331E+006;2.380464E+007;9.662890E+005
13584;2.158451E+001;5.038950E+006;2.002562E+007;1.192464E+006
13612;2.099754E+001;5.084652E+006;2.192112E+007;1.151329E+006
13640;2.100601E+001;4.886791E+006;2.103140E+007;1.223236E+006
13668;2.078235E+001;4.804613E+006;1.641060E+007;1.382976E+006
13695;2.026740E+001;5.201450E+006;2.045753E+007;1.338649E+006
13722;1.990872E+001;4.768303E+006;1.545276E+007;1.456849E+006
13748;1.973318E+001;4.554000E+006;1.827562E+007;1.308736E+006
13775;2.016691E+001;5.124676E+006;1.588820E+007;1.466521E+006
13801;1.979322E+001;5.022486E+006;1.948340E+007;1.338649E+006
13828;2.038614E+001;4.459392E+006;1.437926E+007;1.382976E+006
13854;1.981640E+001;4.715872E+006;1.717274E+007;1.252161E+006
13882;1.996032E+001;5.060880E+006;1.814760E+007;1.430416E+006
13909;2.079605E+001;5.083260E+006;1.910564E+007;1.234321E+006
13936;2.026367E+001;5.007670E+006;1.922822E+007;1.313316E+006
13963;2.080117E+001;4.899000E+006;2.323240E+007;1.151329E+006
13991;2.033110E+001;4.945194E+006;2.139988E+007;1.168561E+006
14017;2.130476E+001;3.462932E+006;6.890625E+006;2.232036E+006
14043;1.951392E+001;3.361138E+006;5.285401E+006;2.377764E+006
14070;1.741030E+001;2.061920E+006;1.254400E+006;3.426201E+006
14097;1.152017E+001;1.040376E+006;1.296000E+005;3.625216E+006
14124;8.988679E+000;9.785930E+005;2.470090E+005;3.736489E+006
14151;7.300927E+000;6.445170E+005;1.102240E+005;3.751969E+006
14178;7.286461E+000;3.869080E+005;3.880900E+004;3.721041E+006
14205;7.244877E+000;7.068380E+005;1.303210E+005;3.924361E+006
14232;7.055745E+000;8.777880E+005;1.020100E+004;3.767481E+006
14259;7.217929E+000;8.473430E+005;1.040400E+004;3.802500E+006
14287;7.243641E+000;3.068520E+005;5.428900E+004;3.759721E+006
14314;7.137261E+000;6.350480E+005;1.062760E+005;3.818116E+006
14342;7.112748E+000;1.969000E+003;1.000000E+000;3.869089E+006
14369;7.113680E+000;4.582500E+005;1.444000E+003;3.869089E+006
14396;7.029045E+000;2.880080E+005;1.339560E+005;3.857296E+006
14423;7.164109E+000;6.773440E+005;1.204090E+005;3.825936E+006
14451;7.235633E+000;4.248720E+005;5.329000E+003;3.825936E+006
14478;7.176948E+000;3.382750E+005;8.940100E+004;3.849444E+006
14505;7.173047E+000;3.681500E+005;1.036840E+005;3.841600E+006
14532;7.132803E+000;4.319510E+005;4.972900E+004;3.721041E+006
14560;7.275470E+000;4.580730E+005;9.000000E+002;3.948169E+006
14587;6.923296E+000;5.409600E+005;7.617600E+004;3.833764E+006
14615;7.108858E+000;3.849380E+005;3.880900E+004;3.833764E+006
14642;7.087745E+000;5.183730E+005;1.040400E+004;3.948169E+006
14669;7.014561E+000;5.586370E+005;8.352100E+004;3.767481E+006
14697;7.202517E+000;5.110380E+005;4.972900E+004;3.825936E+006
14725;7.179984E+000;2.925000E+005;2.250000E+004;3.705625E+006
14751;7.145001E+000;6.128700E+005;9.610000E+004;3.833764E+006
14779;7.152256E+000;4.340440E+005;3.600000E+003;3.908529E+006
14806;7.096780E+000;6.444120E+005;5.625000E+003;3.744225E+006
14834;7.026517E+000;1.186200E+005;8.820900E+004;3.932289E+006
14861;7.086304E+000;7.581600E+005;1.521000E+005;3.794704E+006
14888;6.981038E+000;4.557160E+005;5.569600E+004;3.779136E+006
14915;6.992005E+000;1.293500E+005;4.225000E+003;4.024036E+006
14942;6.958977E+000;5.774160E+005;8.065600E+004;3.932289E+006
14969;6.958977E+000;4.626240E+005;5.616900E+004;3.818116E+006
14997;7.071921E+000;4.091290E+005;1.075840E+005;3.892729E+006
15024;7.029941E+000;5.723200E+005;5.760000E+004;3.751969E+006
15051;7.330782E+000;7.213860E+005;1.339560E+005;3.841600E+006
15079;7.330782E+000;4.717616E+006;4.701845E+007;2.714410E+005
15106;1.603087E+001;5.493600E+004;8.383234E+007;2.560000E+002
15133;2.125506E+001;3.673857E+006;5.504156E+007;2.391210E+005
15161;2.380743E+001;4.555326E+006;1.521780E+007;1.493284E+006
15188;2.094801E+001;2.903567E+006;2.277081E+006;2.842596E+006
15216;1.481156E+001;3.782296E+006;5.707802E+007;2.391210E+005
15243;2.378763E+001;4.354983E+006;4.466249E+007;5.055210E+005
15270;2.309220E+001;4.949120E+006;3.405890E+007;6.115240E+005
15297;2.292139E+001;4.798737E+006;3.745440E+007;6.384010E+005
15325;2.264686E+001;5.164100E+006;2.969160E+007;7.673760E+005
15352;2.238313E+001;4.939536E+006;2.625538E+007;8.817210E+005
15380;2.212321E+001;5.173459E+006;2.639904E+007;8.854810E+005
15407;2.208015E+001;4.941304E+006;2.231618E+007;1.115136E+006
15435;2.167775E+001;5.071040E+006;2.324204E+007;1.172889E+006
15462;2.121247E+001;5.005075E+006;2.155745E+007;1.038361E+006
15488;2.138395E+001;4.139847E+006;1.390544E+007;1.602756E+006
15514;1.979008E+001;4.976016E+006;1.198544E+007;1.787569E+006
15541;1.873748E+001;2.425560E+006;2.187441E+006;2.765569E+006
15569;1.438942E+001;2.520921E+006;2.082249E+006;2.772225E+006
15597;1.058718E+001;5.122570E+006;2.859041E+007;9.960040E+005
15624;1.773574E+001;5.015054E+006;2.166902E+007;1.192464E+006
15652;2.102409E+001;5.170924E+006;2.357102E+007;1.134225E+006
15679;2.037505E+001;4.420185E+006;1.464593E+007;1.361889E+006
15706;2.113246E+001;5.086464E+006;1.780840E+007;1.285956E+006
15734;1.996358E+001;4.769152E+006;1.514766E+007;1.537600E+006
15761;2.027287E+001;4.704320E+006;1.524122E+007;1.338649E+006
15789;1.907474E+001;4.423783E+006;1.334441E+007;1.512900E+006
15816;2.017073E+001;4.504920E+006;1.319869E+007;1.612900E+006
15843;1.925019E+001;4.707504E+006;1.479172E+007;1.595169E+006
15869;1.942726E+001;5.092064E+006;1.244678E+007;1.871424E+006
15896;1.735253E+001;4.811366E+006;1.349093E+007;1.628176E+006
15923;1.917682E+001;4.778904E+006;1.411505E+007;1.623076E+006
15951;1.896200E+001;4.784090E+006;1.441721E+007;1.580049E+006
15978;1.845489E+001;4.749810E+006;1.372703E+007;1.590121E+006
16006;1.817848E+001;4.550475E+006;1.335903E+007;1.493284E+006
16033;2.033633E+001;4.558454E+006;1.412256E+007;1.456849E+006
16061;1.950474E+001;4.893805E+006;1.324960E+007;1.677025E+006
16089;1.934305E+001;5.043018E+006;2.047562E+007;1.276900E+006
16115;1.755552E+001;3.201200E+006;4.494400E+006;2.274064E+006
16142;1.475324E+001;4.260880E+006;9.815689E+006;1.825201E+006
16169;1.605877E+001;2.475150E+006;2.102500E+006;2.913849E+006
16196;1.509399E+001;9.376210E+005;2.490010E+005;3.437316E+006
16223;8.802604E+000;6.256510E+005;1.513210E+005;3.663396E+006
16250;7.840002E+000;5.031000E+005;9.922500E+004;3.884841E+006
16278;7.166143E+000;5.613880E+005;9.363600E+004;3.690241E+006
16305;7.214510E+000;7.592940E+005;1.497690E+005;3.869089E+006
16332;7.150000E+000;6.376560E+005;1.081600E+004;3.818116E+006
16360;7.032829E+000;1.805130E+005;6.300100E+004;3.786916E+006
16387;7.109841E+000;6.527200E+005;1.075840E+005;3.810304E+006
16414;7.043382E+000;5.217180E+005;2.250000E+002;3.810304E+006
16442;6.978439E+000;7.824000E+004;2.402500E+004;3.924361E+006
16470;7.094406E+000;6.474600E+005;1.089000E+005;3.900625E+006
16497;6.983778E+000;6.330960E+005;1.960000E+004;3.721041E+006
16525;7.005111E+000;-5.931000E+004;9.000000E+002;3.857296E+006
16551;7.049500E+000;3.819830E+005;1.474560E+005;3.869089E+006
16604;7.074289E+000;5.600570E+005;8.008900E+004;3.940225E+006
16632;7.148153E+000;1.219050E+005;3.969000E+003;3.779136E+006
16661;7.052114E+000;6.215720E+005;9.985600E+004;3.794704E+006
16688;6.985521E+000;7.605000E+004;1.521000E+003;3.794704E+006
16716;7.211320E+000;6.359920E+005;1.075840E+005;3.759721E+006
16744;7.118414E+000;5.481830E+005;3.721000E+003;3.849444E+006
16772;6.886889E+000;3.103120E+005;2.496400E+004;3.744225E+006
16799;6.943967E+000;4.666530E+005;5.616900E+004;3.794704E+006
16826;6.800557E+000;5.666600E+005;6.561000E+003;3.892729E+006
16853;7.007936E+000;3.657500E+005;3.610000E+004;3.705625E+006
16880;7.114440E+000;7.448560E+005;7.075600E+004;3.916441E+006
16907;6.819005E+000;6.267780E+005;1.011240E+005;3.841600E+006
16934;7.024009E+000;6.166270E+005;1.017610E+005;3.728761E+006
16961;6.995286E+000;2.270880E+005;5.244100E+004;3.818116E+006
16988;7.074249E+000;5.300760E+005;7.344100E+004;3.751969E+006
17016;7.236352E+000;5.139090E+005;6.812100E+004;3.849444E+006
17043;6.964584E+000;7.388070E+005;1.466890E+005;3.610000E+006
17070;7.587070E+000;1.663375E+006;9.034502E+007;1.322500E+004
17097;2.128977E+001;2.241549E+006;7.067765E+007;9.060100E+004
17123;1.884153E+001;3.700872E+006;5.391965E+007;2.560360E+005
17151;2.361023E+001;4.898540E+006;2.016908E+007;1.151329E+006
17178;2.316021E+001;2.749864E+006;4.186116E+006;2.515396E+006
17205;1.828628E+001;3.744857E+006;5.817113E+007;2.352250E+005
17233;2.305877E+001;4.752580E+006;3.570062E+007;6.256810E+005
17260;2.325777E+001;4.273504E+006;1.035552E+007;1.768900E+006
17287;2.231645E+001;4.608196E+006;4.240614E+007;5.241760E+005
17315;2.232750E+001;4.511588E+006;1.774937E+007;1.304164E+006
17342;2.226718E+001;5.131008E+006;2.224066E+007;1.151329E+006
17370;1.944586E+001;5.109728E+006;2.023200E+007;1.304164E+006
17398;2.145054E+001;5.133973E+006;2.499000E+007;1.089936E+006
17424;2.106873E+001;4.248895E+006;1.058852E+007;1.747684E+006
17452;1.903890E+001;4.282180E+006;7.193124E+006;2.030625E+006
17480;1.598727E+001;3.348450E+006;5.377761E+006;2.595321E+006
17507;1.413458E+001;5.091866E+006;2.801585E+007;9.623610E+005
17589;2.027009E+001;4.865343E+006;1.608812E+007;1.493284E+006
17617;2.018112E+001;5.079144E+006;1.865376E+007;1.371241E+006
17644;1.991550E+001;4.261725E+006;1.421290E+007;1.575025E+006
17671;1.993220E+001;5.113206E+006;1.802002E+007;1.343281E+006
17697;1.928006E+001;4.683690E+006;1.415264E+007;1.430416E+006
17725;1.942809E+001;4.940936E+006;1.735556E+007;1.243225E+006
17751;1.952769E+001;4.925882E+006;1.624896E+007;1.570009E+006
17778;2.004030E+001;5.048720E+006;1.989160E+007;1.270129E+006
17805;1.952081E+001;4.810932E+006;1.835266E+007;1.276900E+006
17833;2.060425E+001;5.042326E+006;1.854164E+007;1.276900E+006
17859;2.061230E+001;5.054244E+006;2.257200E+007;1.196836E+006
17886;2.085112E+001;4.876200E+006;1.962490E+007;1.397124E+006
17913;2.036723E+001;5.185440E+006;2.486020E+007;1.071225E+006
17939;2.107055E+001;4.989348E+006;2.141838E+007;1.243225E+006
17967;2.132056E+001;5.095972E+006;2.920322E+007;9.331560E+005
17994;2.140710E+001;4.880876E+006;2.139062E+007;1.024144E+006
18021;2.146373E+001;5.120315E+006;2.515022E+007;1.004004E+006
18048;2.122003E+001;4.771572E+006;3.332753E+007;7.638760E+005
18075;2.254621E+001;4.294200E+006;1.184048E+007;1.648656E+006
18101;1.832128E+001;5.152644E+006;3.872573E+007;6.855840E+005
18128;2.171632E+001;4.967910E+006;1.808801E+007;1.392400E+006
18155;2.235135E+001;3.679940E+006;5.593225E+006;2.250000E+006
18181;1.610860E+001;3.667950E+006;5.112121E+006;2.211169E+006
18208;1.653769E+001;1.407900E+006;5.184000E+005;3.193369E+006
18235;9.032403E+000;4.019400E+005;4.410000E+004;3.721041E+006
18261;7.818564E+000;5.575140E+005;6.350400E+004;3.857296E+006
18288;7.169554E+000;4.672990E+005;5.808100E+004;3.857296E+006
18316;7.177417E+000;3.126400E+005;2.560000E+004;3.884841E+006
18343;7.061148E+000;4.177250E+005;4.708900E+004;3.736489E+006
18371;7.133384E+000;9.016000E+004;2.116000E+003;3.794704E+006
18399;7.152496E+000;4.504430E+005;6.760000E+004;3.759721E+006
18425;7.192173E+000;5.667720E+005;8.526400E+004;3.802500E+006
18452;6.970102E+000;3.429540E+005;3.027600E+004;3.948169E+006
18480;7.068605E+000;6.448400E+005;1.638400E+004;3.825936E+006
18508;6.900074E+000;-7.360600E+004;1.017610E+005;3.849444E+006
18534;6.885259E+000;8.081280E+005;6.150400E+004;3.818116E+006
18562;7.207402E+000;4.103840E+005;4.326400E+004;3.818116E+006
18590;7.052702E+000;2.699280E+005;1.904400E+004;3.786916E+006
18618;7.183746E+000;4.927760E+005;1.960000E+004;3.810304E+006
18645;7.020020E+000;5.705680E+005;4.579600E+004;3.892729E+006
18673;7.117585E+000;3.827340E+005;2.152960E+005;3.841600E+006
18700;7.055026E+000;6.265600E+005;1.024000E+005;3.833764E+006
18726;6.975109E+000;9.329500E+004;2.209000E+003;3.779136E+006
18754;7.022521E+000;5.697780E+005;9.922500E+004;3.825936E+006
18780;7.052261E+000;2.087640E+005;1.166400E+004;3.786916E+006
18808;7.024263E+000;5.451660E+005;7.784100E+004;3.736489E+006
18835;7.188601E+000;1.028544E+006;2.787840E+005;3.892729E+006
18862;7.192547E+000;5.611800E+005;8.179600E+004;3.810304E+006
18889;7.053725E+000;2.442210E+005;1.612900E+004;3.697929E+006
18917;7.078698E+000;9.075800E+004;9.241600E+004;3.794704E+006
18945;7.175053E+000;3.022500E+005;2.402500E+004;3.713329E+006
18972;7.190667E+000;3.649320E+005;2.822400E+004;3.841600E+006
19000;7.170841E+000;4.553010E+005;6.760000E+004;3.736489E+006
19028;7.165603E+000;3.900000E+005;6.760000E+002;3.916441E+006
19055;6.785656E+000;9.810000E+003;2.500000E+001;3.932289E+006
19082;9.771509E+000;3.172965E+006;6.854184E+007;1.713960E+005
19108;2.251027E+001;2.373000E+006;7.126736E+007;9.922500E+004
19135;2.072782E+001;4.342468E+006;2.998658E+007;6.480250E+005
19163;2.150239E+001;2.628270E+006;3.308761E+006;2.595321E+006
19190;1.523206E+001;4.910550E+006;1.187492E+007;1.838736E+006
19217;2.157272E+001;4.297344E+006;4.915412E+007;3.600000E+005
19245;2.328716E+001;5.006880E+006;2.079360E+007;1.285956E+006
19272;2.157348E+001;5.037413E+006;3.241025E+007;7.569000E+005
19300;2.273197E+001;4.972000E+006;2.368769E+007;9.860490E+005
19326;2.192533E+001;4.934267E+006;1.909690E+007;1.155625E+006
19352;2.032462E+001;4.725776E+006;2.473073E+007;9.370240E+005
19378;2.158867E+001;4.646669E+006;1.496916E+007;1.416100E+006
19404;1.973269E+001;4.853670E+006;2.120602E+007;1.147041E+006
19430;2.047314E+001;4.330920E+006;1.076496E+007;1.787569E+006
19457;1.999981E+001;3.468224E+006;5.317636E+006;2.461761E+006
19484;1.516030E+001;1.659744E+006;9.682560E+005;3.200521E+006
19511;1.153604E+001;4.778676E+006;2.066612E+007;1.123600E+006
19539;1.869935E+001;4.625166E+006;1.524903E+007;1.371241E+006
19567;2.016392E+001;5.078376E+006;1.372703E+007;1.437601E+006
19594;1.956155E+001;4.722888E+006;1.357186E+007;1.498176E+006
19622;1.940285E+001;4.871776E+006;1.466890E+007;1.643524E+006
19649;1.905968E+001;4.710006E+006;1.335172E+007;1.575025E+006
19676;1.904832E+001;4.334148E+006;1.206868E+007;1.550025E+006
19704;1.966731E+001;4.660866E+006;1.522560E+007;1.623076E+006
19732;1.910444E+001;4.820616E+006;1.200623E+007;1.677025E+006
19759;1.933287E+001;4.761566E+006;1.382352E+007;1.617984E+006
19786;1.847216E+001;4.868928E+006;1.240448E+007;1.677025E+006
19814;1.921215E+001;5.109209E+006;1.779996E+007;1.507984E+006
19841;1.938661E+001;4.496289E+006;1.279493E+007;1.643524E+006
19869;1.896001E+001;5.087784E+006;1.809652E+007;1.357225E+006
19896;2.004743E+001;4.956952E+006;1.603202E+007;1.545049E+006
19922;1.935717E+001;4.711313E+006;1.821582E+007;1.357225E+006
19948;1.916051E+001;4.925440E+006;1.841268E+007;1.357225E+006
19974;2.027317E+001;5.171435E+006;1.970472E+007;1.256641E+006
20001;2.067011E+001;4.817876E+006;2.121524E+007;1.085764E+006
20029;2.140219E+001;5.106408E+006;2.356132E+007;1.085764E+006
20057;2.071739E+001;5.088238E+006;3.099149E+007;8.537760E+005
20083;2.264750E+001;4.796220E+006;2.797352E+007;8.208360E+005
20109;2.227648E+001;4.589568E+006;3.774874E+007;6.084000E+005
20137;2.209728E+001;4.547928E+006;3.758916E+007;6.416010E+005
20164;2.309226E+001;4.893736E+006;3.527172E+007;6.209440E+005
20192;2.293405E+001;4.813182E+006;3.755238E+007;6.512490E+005
20219;2.246698E+001;4.853754E+006;3.345466E+007;5.760810E+005
20247;2.320605E+001;4.812741E+006;3.422250E+007;6.512490E+005
20275;2.280618E+001;4.844196E+006;3.507008E+007;6.822760E+005
20302;2.279235E+001;4.290308E+006;3.821712E+007;4.970250E+005
20330;2.320826E+001;4.663408E+006;3.873818E+007;6.320250E+005
20358;2.289861E+001;4.399458E+006;4.531982E+007;4.395690E+005
20385;2.280087E+001;5.101308E+006;3.409392E+007;6.448090E+005
20413;2.269402E+001;4.237596E+006;5.089396E+007;3.528360E+005
20440;2.231643E+001;3.952764E+006;5.254800E+007;2.905210E+005
20467;2.356965E+001;4.291062E+006;4.236708E+007;4.872040E+005
20494;2.355590E+001;4.746540E+006;2.814302E+007;9.331560E+005
20521;2.233619E+001;3.783574E+006;5.826269E+007;2.410810E+005
20548;2.223483E+001;4.442020E+006;3.917508E+007;4.942090E+005
20575;2.331931E+001;3.434488E+006;5.125696E+006;2.377764E+006
20602;1.430122E+001;1.361977E+006;3.433960E+005;3.268864E+006
20629;1.030600E+001;4.826000E+005;6.451600E+004;3.736489E+006
20658;8.269143E+000;8.841120E+005;2.043040E+005;3.786916E+006
20686;7.210666E+000;2.746680E+005;1.988100E+004;3.869089E+006
20713;7.235139E+000;-2.293320E+005;6.502500E+004;3.841600E+006
20740;6.941037E+000;1.446750E+005;1.552360E+005;3.744225E+006
20769;7.132076E+000;2.646560E+005;1.849600E+004;3.900625E+006
20796;6.965243E+000;3.451500E+005;3.132900E+004;3.833764E+006
20823;6.990780E+000;7.616680E+005;1.528810E+005;3.794704E+006
20851;6.996799E+000;3.508400E+005;3.204100E+004;3.960100E+006
20878;7.021325E+000;4.758000E+005;5.953600E+004;3.705625E+006
20905;7.027398E+000;7.967320E+005;9.120400E+004;3.892729E+006
20933;7.133503E+000;2.609460E+005;9.424900E+004;3.908529E+006
20959;6.905565E+000;-3.486920E+005;3.204100E+004;3.697929E+006
20986;6.902849E+000;3.587150E+005;3.763600E+004;3.759721E+006
21013;7.017979E+000;2.258600E+005;1.281640E+005;3.916441E+006
21040;7.027102E+000;6.705960E+005;1.211040E+005;3.713329E+006
21067;7.116374E+000;3.155600E+005;2.592100E+004;3.924361E+006
21095;7.231028E+000;4.582000E+005;4.243600E+004;3.802500E+006
21122;7.231028E+000;4.891320E+005;6.350400E+004;3.825936E+006
21150;7.006388E+000;8.198050E+005;9.672100E+004;3.841600E+006
21177;7.006388E+000;3.467440E+005;3.168400E+004;3.841600E+006
21205;7.044587E+000;6.324500E+005;1.056250E+005;3.924361E+006
21232;7.006747E+000;4.642120E+005;1.004890E+005;3.728761E+006
21259;6.934965E+000;7.168640E+005;2.340900E+004;3.728761E+006
21287;7.065027E+000;8.889320E+005;2.061160E+005;3.876961E+006
21314;7.073262E+000;2.349600E+005;9.548100E+004;3.736489E+006
21342;7.153312E+000;2.749500E+005;1.988100E+004;3.825936E+006
21369;7.072654E+000;3.272640E+005;2.822400E+004;3.779136E+006
21395;7.062959E+000;2.877000E+004;1.049760E+005;3.786916E+006
21423;7.020137E+000;2.238530E+005;2.822400E+004;3.810304E+006
21449;7.038228E+000;-8.232000E+004;1.764000E+003;3.849444E+006
21477;7.127484E+000;5.684630E+005;8.352100E+004;3.744225E+006
21504;7.043887E+000;4.440120E+005;2.209000E+003;3.900625E+006
21531;7.015035E+000;4.292420E+005;4.752400E+004;3.767481E+006
21558;6.985770E+000;-2.548000E+004;1.690000E+002;3.876961E+006
21584;6.734417E+000;-1.677000E+005;7.396000E+003;3.849444E+006
21610;6.857253E+000;5.174500E+005;3.610000E+002;3.876961E+006
21637;7.005517E+000;3.599728E+006;6.342530E+007;1.608010E+005
21664;2.313703E+001;2.749152E+006;6.699422E+007;1.339560E+005
21693;2.272322E+001;3.744335E+006;5.307122E+007;2.450250E+005
21719;2.300353E+001;4.335360E+006;4.349402E+007;4.251040E+005
21746;2.335918E+001;4.415152E+006;1.593606E+007;1.334025E+006
21773;2.207111E+001;4.312942E+006;3.778561E+007;4.970250E+005
21799;2.045825E+001;4.905180E+006;2.867602E+007;8.930250E+005
21827;2.275831E+001;5.195274E+006;1.617648E+007;1.565001E+006
21854;2.218148E+001;4.789497E+006;2.579624E+007;9.331560E+005
21881;2.139271E+001;5.213771E+006;2.163180E+007;1.285956E+006
21909;2.167845E+001;4.792073E+006;2.177156E+007;1.172889E+006
21937;2.084188E+001;4.561544E+006;1.454660E+007;1.416100E+006
21963;1.971825E+001;4.507300E+006;1.173063E+007;1.825201E+006
21990;1.844491E+001;3.843288E+006;7.033104E+006;2.082249E+006
22017;1.560570E+001;2.802276E+006;2.802276E+006;2.849344E+006
22043;1.261191E+001;5.020540E+006;1.912313E+007;1.527696E+006
22071;1.456942E+001;4.947523E+006;1.732224E+007;1.352569E+006
22099;2.032845E+001;4.996685E+006;1.824144E+007;1.361889E+006
22126;2.048830E+001;4.763276E+006;1.895732E+007;1.223236E+006
22154;2.089080E+001;5.004025E+006;1.870562E+007;1.347921E+006
22181;1.997959E+001;4.746105E+006;1.676903E+007;1.382976E+006
22208;2.004598E+001;4.857024E+006;1.549210E+007;1.522756E+006
22236;1.964520E+001;4.958356E+006;1.759802E+007;1.406596E+006
22264;2.008412E+001;4.425015E+006;1.356449E+007;1.721344E+006
22292;1.911300E+001;4.981500E+006;1.721420E+007;1.456849E+006
22319;1.994755E+001;4.762584E+006;1.348358E+007;1.633284E+006
22346;1.920679E+001;4.826436E+006;1.609614E+007;1.425636E+006
22373;2.003028E+001;4.861915E+006;1.604003E+007;1.607824E+006
22400;1.980847E+001;4.825100E+006;1.823290E+007;1.290496E+006
22427;2.024492E+001;4.682699E+006;1.520220E+007;1.507984E+006
22455;1.988507E+001;4.917744E+006;1.874024E+007;1.329409E+006
22482;2.001855E+001;4.906440E+006;1.605605E+007;1.401856E+006
22510;2.009128E+001;5.036240E+006;2.227840E+007;1.094116E+006
22538;2.103639E+001;4.699284E+006;1.995409E+007;1.123600E+006
22566;2.125320E+001;4.974533E+006;2.936556E+007;7.832250E+005
22592;2.060830E+001;4.956858E+006;2.383392E+007;1.123600E+006
22619;2.174681E+001;5.240880E+006;2.517029E+007;1.058841E+006
22647;2.087641E+001;5.100550E+006;2.880469E+007;8.930250E+005
22674;2.082806E+001;4.929039E+006;2.791009E+007;9.254440E+005
22702;2.237165E+001;5.059334E+006;3.183216E+007;8.500840E+005
22729;2.211928E+001;4.784703E+006;3.202428E+007;7.276090E+005
22756;2.244854E+001;4.800042E+006;1.334441E+007;1.726596E+006
22782;2.211896E+001;5.033420E+006;3.025000E+007;8.427240E+005
22809;2.135685E+001;4.891505E+006;1.924577E+007;1.322500E+006
22837;2.144069E+001;4.960044E+006;2.543185E+007;1.062961E+006
22864;1.998768E+001;4.805372E+006;1.106228E+007;1.774224E+006
22892;2.027780E+001;4.560726E+006;9.678321E+006;2.149156E+006
22918;1.613099E+001;1.935161E+006;1.471369E+006;3.020644E+006
22945;1.191972E+001;6.177600E+005;2.840890E+005;3.640464E+006
22972;8.665061E+000;2.735600E+005;1.960000E+004;3.857296E+006
23000;7.022394E+000;5.856990E+005;9.180900E+004;3.736489E+006
23027;7.051980E+000;5.178470E+005;6.400000E+003;3.869089E+006
23055;7.047128E+000;2.410560E+005;1.537600E+004;3.841600E+006
23083;7.109442E+000;4.699710E+005;5.616900E+004;3.841600E+006
23110;6.843114E+000;5.725220E+005;9.409000E+003;3.876961E+006
23137;6.990387E+000;9.564800E+004;2.401000E+003;3.833764E+006
23164;6.918222E+000;3.552030E+005;3.348900E+004;3.833764E+006
23191;6.967864E+000;4.240180E+005;3.364000E+003;3.869089E+006
23219;6.976297E+000;9.360000E+004;1.036840E+005;3.892729E+006
23246;7.043225E+000;3.986920E+005;1.056250E+005;3.794704E+006
23274;7.165857E+000;4.620880E+005;5.808100E+004;3.713329E+006
23302;7.178455E+000;3.641360E+005;1.288810E+005;3.841600E+006
23330;7.102450E+000;6.036800E+005;9.486400E+004;3.802500E+006
23356;7.275500E+000;4.289610E+005;5.856400E+004;3.759721E+006
23384;7.003237E+000;5.656770E+005;8.236900E+004;3.810304E+006
23410;7.109582E+000;4.641250E+005;5.522500E+004;3.818116E+006
23438;6.891391E+000;5.357060E+005;5.760000E+004;3.744225E+006
23465;7.040129E+000;2.265180E+005;1.299600E+004;3.948169E+006
23491;7.062450E+000;5.415120E+005;7.617600E+004;3.908529E+006
23518;7.049003E+000;6.526800E+005;2.250000E+002;3.779136E+006
23545;7.058193E+000;3.450420E+005;3.027600E+004;3.818116E+006
23573;7.161337E+000;6.491170E+005;1.082410E+005;3.869089E+006
23600;7.001862E+000;6.682680E+005;1.440000E+002;3.713329E+006
23628;7.071907E+000;9.875000E+003;5.244100E+004;3.786916E+006
23656;7.036240E+000;2.584560E+005;6.553600E+004;3.876961E+006
23683;6.901237E+000;5.162200E+005;7.022500E+004;3.884841E+006
23711;6.959198E+000;2.222710E+005;8.100000E+003;3.948169E+006
23738;6.849398E+000;4.760100E+005;6.200100E+004;3.794704E+006
23766;7.072994E+000;8.588800E+004;1.936000E+003;3.857296E+006
23794;6.936301E+000;3.709240E+005;7.236100E+004;3.849444E+006
23820;6.918425E+000;2.296280E+005;1.392400E+004;3.841600E+006
23847;7.152859E+000;1.519286E+006;7.712352E+007;3.920400E+004
23874;1.595174E+001;1.088625E+006;7.584668E+007;1.562500E+004
23902;2.078549E+001;3.251872E+006;6.003150E+007;2.043040E+005
23929;2.366547E+001;4.037614E+006;4.334906E+007;3.881290E+005
23957;2.344645E+001;3.913260E+006;5.271616E+006;2.280100E+006
23984;2.184592E+001;4.403478E+006;5.059477E+007;4.121640E+005
24011;1.608706E+001;4.414310E+006;3.660250E+007;6.577210E+005
24038;2.378451E+001;4.977668E+006;1.700738E+007;1.456849E+006
24066;2.238955E+001;3.687579E+006;2.335789E+007;5.821690E+005
24093;2.015287E+001;4.936050E+006;2.209940E+007;1.094116E+006
24120;2.215974E+001;5.195070E+006;2.511012E+007;1.075369E+006
24148;2.090905E+001;4.819893E+006;1.995409E+007;1.168561E+006
24175;2.175568E+001;5.015924E+006;1.762320E+007;1.329409E+006
24201;1.990492E+001;4.491876E+006;1.087680E+007;1.731856E+006
24228;1.889186E+001;4.248944E+006;1.091642E+007;1.687401E+006
24256;1.743161E+001;3.450953E+006;4.906225E+006;2.295225E+006
24284;1.512009E+001;5.402460E+006;2.245812E+007;1.164241E+006
24311;1.611127E+001;4.790040E+006;1.845562E+007;1.261129E+006
24339;2.048322E+001;5.168372E+006;2.217468E+007;1.214404E+006
24366;2.094139E+001;4.930612E+006;2.188368E+007;1.155625E+006
24393;2.112172E+001;4.905900E+006;1.819876E+007;1.334025E+006
24420;2.094484E+001;5.101789E+006;1.763160E+007;1.265625E+006
24447;2.065462E+001;4.900392E+006;1.736389E+007;1.371241E+006
24475;2.037726E+001;5.140800E+006;2.232562E+007;1.223236E+006
24501;2.042351E+001;5.092330E+006;1.768202E+007;1.442401E+006
24528;2.019192E+001;4.981820E+006;1.989160E+007;1.270129E+006
24555;2.031321E+001;4.534722E+006;1.727234E+007;1.317904E+006
24583;2.023728E+001;5.004600E+006;1.927210E+007;1.210000E+006
24610;2.025188E+001;4.739552E+006;1.567368E+007;1.442401E+006
24638;2.069959E+001;4.898608E+006;1.924577E+007;1.290496E+006
24664;1.995633E+001;4.775460E+006;1.754772E+007;1.352569E+006
24690;2.031162E+001;5.191380E+006;2.034912E+007;1.338649E+006
24716;2.008786E+001;4.927042E+006;2.013317E+007;1.151329E+006
24744;2.052881E+001;4.783490E+006;1.685924E+007;1.343281E+006
24771;2.006710E+001;4.934912E+006;2.184628E+007;1.192464E+006
24798;2.076334E+001;4.261120E+006;1.108224E+007;1.638400E+006
24825;2.074450E+001;5.285724E+006;2.957184E+007;9.331560E+005
24851;2.040069E+001;5.049116E+006;2.529084E+007;1.067089E+006
24878;2.221934E+001;4.824225E+006;2.606102E+007;8.010250E+005
24933;2.265156E+001;4.983225E+006;2.612232E+007;9.920160E+005
24961;2.234652E+001;4.824430E+006;3.877553E+007;5.959840E+005
25014;2.275665E+001;3.981700E+006;8.732025E+006;2.274064E+006
25042;1.909597E+001;4.719424E+006;1.426573E+007;1.416100E+006
25070;1.986035E+001;2.999745E+006;3.048516E+006;2.566404E+006
25097;1.542187E+001;2.084368E+006;6.609690E+005;3.319684E+006
25125;1.335874E+001;7.453660E+005;1.489960E+005;3.690241E+006
25152;8.255089E+000;6.095250E+005;9.604000E+003;3.802500E+006
25178;7.515020E+000;3.038000E+005;2.402500E+004;3.916441E+006
25206;7.159821E+000;4.483820E+005;5.244100E+004;3.833764E+006
25233;7.041615E+000;3.684100E+005;1.030410E+005;3.751969E+006
25260;7.081398E+000;1.685600E+005;4.536900E+004;3.728761E+006
25288;7.136784E+000;6.311420E+005;3.763600E+004;3.892729E+006
25316;6.989166E+000;5.487720E+005;7.952400E+004;3.786916E+006
25342;6.861769E+000;3.074680E+005;1.324960E+005;3.849444E+006
25370;7.054098E+000;1.444480E+005;5.476000E+003;3.908529E+006
25396;6.753844E+000;6.991500E+005;6.250000E+004;3.794704E+006
25424;7.034597E+000;5.748660E+005;8.410000E+004;3.736489E+006
25452;7.057650E+000;3.822000E+005;3.802500E+004;3.900625E+006
25479;6.916813E+000;7.051760E+005;1.310440E+005;3.818116E+006
25506;7.297485E+000;3.540360E+005;4.284900E+004;3.825936E+006
25533;7.058911E+000;6.049120E+005;4.579600E+004;3.876961E+006
25559;7.141685E+000;3.806280E+005;3.459600E+004;3.779136E+006
25587;6.940501E+000;2.249400E+005;1.322500E+004;3.825936E+006
25613;6.815723E+000;3.495920E+005;1.936000E+003;3.841600E+006
25641;6.969738E+000;4.250790E+005;6.084000E+003;3.876961E+006
25668;6.897123E+000;5.236140E+005;7.452900E+004;3.818116E+006
25696;6.895957E+000;4.287600E+005;4.665600E+004;3.857296E+006
25723;6.952948E+000;5.184960E+005;4.225000E+003;3.900625E+006
25750;6.954566E+000;1.346880E+005;4.761000E+003;3.810304E+006
25776;7.096025E+000;5.070000E+005;8.281000E+003;3.900625E+006
25804;6.850194E+000;1.797250E+005;1.560250E+005;3.869089E+006
25832;7.052575E+000;4.988370E+005;6.604900E+004;3.713329E+006
25858;6.989629E+000;4.831750E+005;6.300100E+004;3.833764E+006
25885;6.982881E+000;3.839260E+005;8.410000E+002;3.841600E+006
25913;6.970451E+000;3.957260E+005;4.243600E+004;3.794704E+006
25940;7.007392E+000;6.155760E+005;4.000000E+000;3.767481E+006
25967;7.058815E+000;4.660040E+005;3.240000E+002;3.841600E+006
25994;7.178530E+000;3.439040E+005;3.097600E+004;3.690241E+006
26021;7.098629E+000;1.711568E+006;9.204483E+007;2.131600E+004
26048;1.178386E+001;2.588830E+005;7.848188E+007;1.089000E+003
26076;1.763986E+001;2.996862E+006;6.420817E+007;1.383840E+005
26103;2.091903E+001;4.571232E+006;3.138240E+007;7.938810E+005
26131;2.390216E+001;4.838148E+006;3.576040E+007;6.448090E+005
26158;1.919886E+001;4.268160E+006;4.610410E+007;3.806890E+005
26185;2.322291E+001;4.737764E+006;3.766277E+007;6.756840E+005
26212;2.280660E+001;4.682384E+006;3.819240E+007;5.476000E+005
26239;2.268391E+001;5.090688E+006;3.471566E+007;7.938810E+005
26266;2.248729E+001;4.952194E+006;2.325168E+007;1.071225E+006
26294;2.132813E+001;4.785725E+006;2.580640E+007;9.467290E+005
26322;2.151925E+001;4.797679E+006;2.416706E+007;1.094116E+006
26350;2.168384E+001;4.584320E+006;1.943046E+007;1.110916E+006
26377;2.113445E+001;5.000448E+006;2.112322E+007;1.261129E+006
26403;2.050298E+001;4.834515E+006;1.853302E+007;1.285956E+006
26430;2.012840E+001;3.498795E+006;5.978025E+006;2.102500E+006
26457;1.886977E+001;4.394600E+006;8.702500E+006;2.157961E+006
26483;1.656226E+001;3.737321E+006;5.368489E+006;2.486929E+006
26510;1.493693E+001;4.820164E+006;1.941284E+007;1.183744E+006
26537;2.104588E+001;5.033286E+006;2.008832E+007;1.276900E+006
26565;2.070845E+001;4.464558E+006;1.549997E+007;1.361889E+006
26593;1.976011E+001;4.919420E+006;1.738056E+007;1.437601E+006
26619;2.055437E+001;5.086944E+006;1.546849E+007;1.425636E+006
26646;1.972470E+001;4.899706E+006;1.637012E+007;1.466521E+006
26673;1.988442E+001;4.769140E+006;1.513210E+007;1.545049E+006
26701;1.937971E+001;4.813646E+006;1.542918E+007;1.628176E+006
26728;2.017626E+001;4.968339E+006;1.453897E+007;1.507984E+006
26755;1.914989E+001;4.459332E+006;1.206173E+007;1.607824E+006
26782;1.945701E+001;4.997253E+006;1.479941E+007;1.545049E+006
26809;1.904632E+001;4.809380E+006;1.419029E+007;1.653796E+006
26838;1.963922E+001;5.001646E+006;1.675265E+007;1.456849E+006
26865;1.890486E+001;4.933003E+006;1.464593E+007;1.537600E+006
26891;1.955267E+001;4.623150E+006;1.638630E+007;1.442401E+006
26919;1.930829E+001;5.003152E+006;1.649172E+007;1.397124E+006
26947;2.011118E+001;5.273906E+006;1.863649E+007;1.392400E+006
26974;2.017538E+001;5.070894E+006;1.934240E+007;1.329409E+006
27001;2.075933E+001;4.819980E+006;2.188368E+007;1.142761E+006
27027;2.076593E+001;5.099472E+006;2.559348E+007;9.702250E+005
27055;2.147016E+001;4.995138E+006;2.402960E+007;1.081600E+006
27082;2.168172E+001;5.031390E+006;2.714410E+007;9.662890E+005
27110;2.188106E+001;5.028606E+006;2.768864E+007;9.292960E+005
27138;2.184417E+001;4.810050E+006;2.599980E+007;8.854810E+005
27165;2.233529E+001;4.858060E+006;2.963714E+007;8.244640E+005
27192;2.232409E+001;5.022556E+006;2.463137E+007;1.046529E+006
27220;2.171370E+001;4.893257E+006;3.373286E+007;7.430440E+005
27247;2.230255E+001;4.373187E+006;1.047817E+007;1.893376E+006
27274;2.071680E+001;2.796696E+006;2.505889E+006;2.992900E+006
27301;1.438757E+001;1.315464E+006;5.012640E+005;3.511876E+006
27329;9.390230E+000;6.943160E+005;3.168400E+004;3.705625E+006
27357;8.147976E+000;6.864830E+005;4.096000E+003;3.697929E+006
27384;7.558323E+000;5.197500E+005;7.290000E+004;3.857296E+006
27412;6.953469E+000;3.935580E+005;5.107600E+004;3.802500E+006
27439;7.098835E+000;2.618000E+005;1.339560E+005;3.802500E+006
27466;6.972717E+000;2.321060E+005;6.002500E+004;3.976036E+006
27493;6.886004E+000;3.974950E+005;7.128900E+004;3.841600E+006
27520;7.041698E+000;3.692320E+005;1.115560E+005;3.884841E+006
27547;7.113023E+000;3.673520E+005;3.027600E+004;3.916441E+006
27575;6.969888E+000;7.229800E+004;1.369000E+003;3.841600E+006
27603;7.223497E+000;8.072900E+004;1.505440E+005;4.000000E+006
27630;7.297486E+000;2.328140E+005;8.940100E+004;3.721041E+006
27658;7.348565E+000;4.769940E+005;1.416100E+004;3.884841E+006
27685;7.451337E+000;3.535250E+005;4.761000E+003;3.869089E+006
27712;7.050469E+000;4.432100E+004;5.290000E+002;3.825936E+006
27739;7.109776E+000;4.393380E+005;1.451610E+005;3.810304E+006
27766;7.113866E+000;5.552460E+005;8.008900E+004;3.721041E+006
27793;6.946330E+000;5.124720E+005;6.864400E+004;3.869089E+006
27820;7.141347E+000;6.343960E+005;1.849000E+003;3.736489E+006
27847;6.966047E+000;4.738360E+005;5.856400E+004;3.932289E+006
27874;6.874846E+000;2.352920E+005;2.025000E+003;3.900625E+006
27901;6.729501E+000;3.253250E+005;2.856100E+004;3.810304E+006
27929;6.952201E+000;6.014550E+005;1.322500E+004;3.818116E+006
27957;6.983880E+000;3.752500E+004;9.985600E+004;3.857296E+006
27984;7.092073E+000;5.870240E+005;9.241600E+004;3.728761E+006
28011;7.115201E+000;6.254410E+005;3.097600E+004;3.786916E+006
28039;7.004835E+000;-7.314900E+004;6.300100E+004;3.767481E+006
28066;6.832417E+000;3.974740E+005;5.808100E+004;3.892729E+006
28093;7.090432E+000;2.498560E+005;1.322500E+004;3.892729E+006
28121;7.151224E+000;4.261740E+005;4.796100E+004;3.736489E+006
28148;7.112786E+000;7.728960E+005;1.040400E+004;3.833764E+006
28175;7.028596E+000;3.922290E+005;3.960100E+004;3.794704E+006
28202;6.989304E+000;4.799480E+005;5.953600E+004;3.833764E+006
28230;7.066813E+000;1.005168E+006;1.175056E+006;3.575881E+006
28257;7.066813E+000;8.653470E+005;9.488708E+007;2.500000E+001
28285;1.796444E+001;7.525900E+005;7.807490E+007;9.604000E+003
28313;1.994959E+001;3.518540E+006;5.323162E+007;2.352250E+005
28341;2.307700E+001;3.386025E+006;4.995225E+006;2.295225E+006
28368;2.273594E+001;4.962114E+006;2.455202E+007;1.234321E+006
28395;1.528160E+001;4.222957E+006;4.745832E+007;3.733210E+005
28421;2.291316E+001;4.666148E+006;4.295492E+007;5.730490E+005
28449;2.349145E+001;4.772535E+006;3.130402E+007;7.534240E+005
28476;2.310332E+001;5.194276E+006;2.745760E+007;8.464000E+005
28503;2.220479E+001;5.009080E+006;2.729018E+007;9.370240E+005
28531;2.163490E+001;4.972415E+006;2.393166E+007;1.106704E+006
28558;2.115245E+001;5.100082E+006;2.466116E+007;1.046529E+006
28586;2.111995E+001;4.793385E+006;1.848140E+007;1.304164E+006
28614;2.111995E+001;4.686122E+006;1.795217E+007;1.205604E+006
28642;2.087408E+001;4.857930E+006;1.774094E+007;1.343281E+006
28670;2.048658E+001;4.504668E+006;1.135016E+007;1.697809E+006
28697;1.830671E+001;4.381293E+006;1.051705E+007;1.819801E+006
28723;1.737994E+001;3.211800E+006;3.613801E+006;2.702736E+006
28751;1.537634E+001;4.328404E+006;1.224300E+007;1.498176E+006
28778;1.955871E+001;5.060686E+006;1.977581E+007;1.343281E+006
28806;2.070963E+001;4.930386E+006;1.773252E+007;1.334025E+006
28832;2.023448E+001;4.663524E+006;1.679360E+007;1.295044E+006
28859;2.033204E+001;5.166364E+006;1.775780E+007;1.437601E+006
28886;2.005000E+001;5.043018E+006;1.731392E+007;1.416100E+006
28913;1.986419E+001;4.788186E+006;1.666272E+007;1.447209E+006
28941;2.026285E+001;4.996810E+006;1.763160E+007;1.485961E+006
28969;1.961121E+001;4.924200E+006;1.892250E+007;1.285956E+006
28996;2.047258E+001;4.991000E+006;1.982921E+007;1.343281E+006
29023;2.019234E+001;4.847182E+006;1.670357E+007;1.397124E+006
29051;2.020436E+001;4.857579E+006;2.310725E+007;1.261129E+006
29079;2.023406E+001;4.917234E+006;1.951872E+007;1.317904E+006
29107;2.028757E+001;4.797298E+006;1.682640E+007;1.243225E+006
29135;1.997734E+001;5.198400E+006;2.043944E+007;1.159929E+006
29163;2.112639E+001;4.816640E+006;1.797760E+007;1.347921E+006
29190;2.030657E+001;4.903185E+006;2.270522E+007;1.067089E+006
29218;2.152917E+001;4.701105E+006;2.036717E+007;1.188100E+006
29245;2.064042E+001;4.974949E+006;2.614277E+007;9.506250E+005
29272;2.095184E+001;4.872530E+006;2.591828E+007;9.177640E+005
29299;2.281474E+001;5.399185E+006;2.796294E+007;8.500840E+005
29327;2.165318E+001;4.979520E+006;3.582022E+007;6.922240E+005
29355;2.312462E+001;4.930672E+006;3.118106E+007;8.500840E+005
29382;2.296847E+001;4.670127E+006;4.029710E+007;5.270760E+005
29408;2.235641E+001;4.715156E+006;3.839042E+007;5.270760E+005
29436;2.241887E+001;4.931786E+006;1.953640E+007;1.159929E+006
29463;2.310071E+001;4.666374E+006;4.518528E+007;4.942090E+005
29490;2.185547E+001;4.598022E+006;3.826660E+007;5.929000E+005
29518;2.215574E+001;4.286568E+006;1.177862E+007;1.763584E+006
29545;1.849748E+001;4.904313E+006;1.704864E+007;1.401856E+006
29572;1.871362E+001;3.309713E+006;4.231249E+006;2.608225E+006
29600;1.258125E+001;1.780425E+006;5.358240E+005;3.374569E+006
29627;9.910503E+000;8.402460E+005;1.927210E+005;3.632836E+006
29653;8.368018E+000;3.467230E+005;1.392400E+004;3.984016E+006
29681;7.055985E+000;2.584860E+005;1.204090E+005;3.751969E+006
29707;7.195806E+000;1.424960E+005;5.329000E+003;3.825936E+006
29734;7.008265E+000;1.379700E+005;4.900000E+003;3.786916E+006
29762;7.084582E+000;8.143800E+005;1.764000E+005;3.767481E+006
29790;7.073102E+000;5.342080E+005;1.324960E+005;3.976036E+006
29817;7.124832E+000;3.993030E+005;5.760000E+002;3.825936E+006
29845;7.039456E+000;2.305030E+005;1.416100E+004;3.900625E+006
29872;7.017916E+000;2.660850E+005;8.100000E+001;3.900625E+006
29900;6.884501E+000;8.775000E+004;2.025000E+003;3.767481E+006
29927;7.051323E+000;5.014980E+005;1.197160E+005;3.833764E+006
29955;6.975355E+000;4.410000E+005;2.601000E+003;3.892729E+006
29982;6.975992E+000;8.366640E+005;1.814760E+005;3.825936E+006
30010;7.139071E+000;5.592060E+005;7.952400E+004;3.884841E+006
30037;7.106226E+000;1.423500E+005;1.822500E+004;3.767481E+006
30065;7.068644E+000;3.642650E+005;1.004890E+005;3.960100E+006
30093;7.024686E+000;-1.195600E+005;3.721000E+003;3.759721E+006
30121;6.981890E+000;5.248800E+005;1.317690E+005;3.779136E+006
30148;6.927639E+000;5.891460E+005;8.880400E+004;3.802500E+006
30175;7.093879E+000;-1.719990E+005;3.240000E+004;3.869089E+006
30202;6.870755E+000;2.905500E+005;9.363600E+004;3.767481E+006
30229;7.103470E+000;7.387380E+005;1.361610E+005;4.008004E+006
30257;7.160104E+000;5.153540E+005;6.084000E+003;3.948169E+006
30285;6.817248E+000;4.705910E+005;8.410000E+002;3.810304E+006
30312;6.915493E+000;4.429600E+005;5.107600E+004;3.892729E+006
30340;6.942616E+000;3.865140E+005;3.880900E+004;3.849444E+006
30367;7.023883E+000;3.343900E+004;4.840000E+004;3.786916E+006
30394;6.784631E+000;8.299260E+005;1.789290E+005;3.728761E+006
30421;6.858156E+000;3.334500E+005;2.924100E+004;3.916441E+006
30448;7.062469E+000;5.418120E+005;1.440000E+004;3.713329E+006
30476;7.210325E+000;4.853450E+005;1.253160E+005;3.841600E+006
30503;7.161532E+000;4.794270E+005;6.100900E+004;3.736489E+006
30530;7.148036E+000;5.567040E+005;8.294400E+004;3.940225E+006
30558;7.240164E+000;2.133432E+006;7.432164E+007;6.604900E+004
30585;2.283716E+001;7.699500E+005;7.402882E+007;1.276900E+004
30611;1.995354E+001;3.474900E+006;5.513062E+007;2.332890E+005
30639;2.305157E+001;4.939261E+006;1.673628E+007;1.366561E+006
30666;2.048913E+001;5.187520E+006;3.638502E+007;7.396000E+005
30692;2.115421E+001;4.582820E+006;3.835325E+007;5.670090E+005
30720;2.295066E+001;5.122128E+006;3.430445E+007;7.534240E+005
30747;2.236887E+001;4.855680E+006;3.317760E+007;7.499560E+005
30774;2.266208E+001;5.016088E+006;2.741570E+007;1.008016E+006
30802;2.211107E+001;4.873280E+006;2.670822E+007;1.016064E+006
30831;2.175754E+001;5.045392E+006;2.300162E+007;1.119364E+006
30858;2.167607E+001;5.090707E+006;2.293452E+007;1.115136E+006
30886;2.128759E+001;5.127940E+006;2.059344E+007;1.247689E+006
30913;2.141230E+001;4.838211E+006;1.970472E+007;1.290496E+006
30940;2.043038E+001;4.750837E+006;1.938641E+007;1.164241E+006
30968;2.063984E+001;4.700484E+006;1.316238E+007;1.550025E+006
30995;2.012717E+001;3.898532E+006;9.566649E+006;2.010724E+006
31024;1.648075E+001;2.097490E+006;1.836025E+006;3.038049E+006
31052;1.344103E+001;5.003217E+006;2.622464E+007;1.038361E+006
31079;1.900805E+001;5.210656E+006;2.208060E+007;1.098304E+006
31107;2.108706E+001;4.810605E+006;2.040329E+007;1.179396E+006
31134;2.069381E+001;5.077456E+006;1.888772E+007;1.313316E+006
31161;2.058782E+001;5.120490E+006;2.041232E+007;1.218816E+006
31188;2.083847E+001;4.675691E+006;1.739724E+007;1.334025E+006
31216;2.045362E+001;5.117175E+006;1.905322E+007;1.179396E+006
31243;2.120961E+001;4.669560E+006;2.057530E+007;1.238769E+006
31271;2.070762E+001;4.992118E+006;2.175290E+007;1.123600E+006
31298;2.103144E+001;4.906176E+006;2.158532E+007;1.075369E+006
31325;2.160445E+001;5.166150E+006;2.550250E+007;1.038361E+006
31352;2.123782E+001;5.120332E+006;2.360016E+007;1.123600E+006
31380;2.149336E+001;5.321970E+006;2.306881E+007;1.038361E+006
31407;2.126373E+001;4.903600E+006;2.562384E+007;8.930250E+005
31435;2.224161E+001;4.996875E+006;2.660496E+007;9.741690E+005
31462;2.189376E+001;5.328176E+006;3.473924E+007;7.603840E+005
31489;2.166777E+001;4.843540E+006;3.285582E+007;6.922240E+005
31516;2.230620E+001;4.780352E+006;2.809000E+007;8.427240E+005
31542;2.255965E+001;4.812325E+006;4.128062E+007;5.670090E+005
31569;2.306677E+001;4.792487E+006;4.418261E+007;5.760810E+005
31597;2.284557E+001;4.598048E+006;3.866352E+007;5.387560E+005
31623;2.332483E+001;4.363794E+006;4.411616E+007;4.251040E+005
31650;2.339060E+001;4.418262E+006;4.761000E+007;3.672360E+005
31678;2.343175E+001;4.632450E+006;4.455562E+007;4.942090E+005
31706;2.337457E+001;4.737960E+006;4.121640E+007;5.112250E+005
31732;2.319576E+001;3.228135E+006;5.507124E+007;2.043040E+005
31759;2.281390E+001;2.846444E+006;6.652034E+007;1.413760E+005
31786;2.316888E+001;2.680724E+006;7.433888E+007;8.820900E+004
31813;2.363985E+001;1.764980E+006;8.109002E+007;3.841600E+004
31840;2.267482E+001;1.694800E+006;7.940592E+007;4.000000E+004
31867;2.233876E+001;1.812400E+006;8.346650E+007;4.000000E+004
31894;2.260330E+001;1.712244E+006;8.008460E+007;3.610000E+004
31922;2.238616E+001;1.887819E+006;7.855277E+007;4.536900E+004
31948;2.270042E+001;2.081968E+006;8.053267E+007;5.198400E+004
31976;2.339665E+001;2.391696E+006;7.731685E+007;7.128900E+004
32004;2.280038E+001;1.982698E+006;7.696553E+007;4.452100E+004
32031;2.270339E+001;1.876820E+006;8.064040E+007;4.080400E+004
32058;2.262790E+001;2.151360E+006;7.828710E+007;5.953600E+004
32085;2.260655E+001;1.846435E+006;8.109002E+007;4.202500E+004
32111;2.321962E+001;1.610642E+006;8.082010E+007;3.132900E+004
32139;2.243211E+001;1.595655E+006;7.972704E+007;3.534400E+004
32166;2.239820E+001;1.850535E+006;8.170352E+007;3.841600E+004
32193;2.241678E+001;1.201663E+006;8.414393E+007;1.716100E+004
32220;2.212860E+001;1.273314E+006;8.040709E+007;1.904400E+004
32247;2.129241E+001;1.029825E+006;8.019202E+007;1.322500E+004
32275;2.088404E+001;4.186920E+005;8.284640E+007;2.116000E+003
32302;1.954220E+001;5.599220E+005;8.038915E+007;3.364000E+003
32329;1.955911E+001;3.521310E+005;7.963778E+007;1.521000E+003
32356;1.995943E+001;2.077360E+005;8.089203E+007;5.290000E+002
32383;1.920111E+001;1.791200E+004;8.237378E+007;0.000000E+000
32411;1.900589E+001;-2.694300E+004;8.065836E+007;9.000000E+000
32438;1.879336E+001;0.000000E+000;8.019202E+007;0.000000E+000
32466;1.858313E+001;0.000000E+000;8.112605E+007;0.000000E+000
32493;1.856134E+001;0.000000E+000;8.199302E+007;0.000000E+000
32520;1.874283E+001;0.000000E+000;8.152284E+007;0.000000E+000
32548;1.871882E+001;0.000000E+000;8.152284E+007;0.000000E+000
32575;1.849537E+001;0.000000E+000;8.065836E+007;0.000000E+000
32602;1.858119E+001;0.000000E+000;8.109002E+007;0.000000E+000
32628;1.841782E+001;0.000000E+000;8.065836E+007;0.000000E+000
32657;1.894802E+001;0.000000E+000;8.109002E+007;0.000000E+000
32685;1.884360E+001;0.000000E+000;8.065836E+007;0.000000E+000
32711;1.892524E+001;0.000000E+000;8.109002E+007;0.000000E+000
32739;1.872984E+001;0.000000E+000;8.109002E+007;0.000000E+000
32765;1.821017E+001;0.000000E+000;8.024576E+007;0.000000E+000
32793;1.857230E+001;0.000000E+000;8.110803E+007;0.000000E+000
32820;1.868676E+001;0.000000E+000;8.065836E+007;0.000000E+000
32848;1.871371E+001;0.000000E+000;8.110803E+007;0.000000E+000
32874;1.848248E+001;0.000000E+000;8.110803E+007;0.000000E+000
32902;1.877999E+001;0.000000E+000;8.157702E+007;0.000000E+000
32928;1.859211E+001;1.794000E+004;8.046090E+007;4.000000E+000
32956;1.880517E+001;3.600800E+004;8.103600E+007;1.600000E+001
32985;1.913977E+001;1.254260E+005;8.026368E+007;1.440000E+002
33012;1.897276E+001;3.569200E+004;8.083808E+007;3.600000E+001
33039;1.876715E+001;0.000000E+000;8.071226E+007;0.000000E+000
33067;1.879332E+001;0.000000E+000;8.155896E+007;0.000000E+000
33094;1.871355E+001;0.000000E+000;8.175776E+007;0.000000E+000
33122;1.863156E+001;1.799000E+004;8.091002E+007;4.000000E+000
33149;1.863156E+001;0.000000E+000;8.155896E+007;9.000000E+000
33175;1.867639E+001;0.000000E+000;8.055062E+007;4.000000E+000
33202;1.861143E+001;1.778400E+004;8.091002E+007;4.000000E+000
33229;1.886129E+001;3.610000E+004;8.015621E+007;1.600000E+001
33257;1.925834E+001;1.090800E+005;8.125219E+007;1.440000E+002
33284;1.859996E+001;7.243200E+004;8.026368E+007;6.400000E+001
33312;1.896085E+001;0.000000E+000;8.183011E+007;0.000000E+000
33339;1.875716E+001;0.000000E+000;7.960208E+007;0.000000E+000
33367;1.926708E+001;0.000000E+000;8.055062E+007;0.000000E+000
33394;1.875923E+001;3.574800E+004;8.110803E+007;1.600000E+001
33421;1.888190E+001;1.439040E+005;7.986997E+007;2.560000E+002
33448;1.915159E+001;1.798200E+004;8.110803E+007;1.600000E+001
33475;1.920148E+001;0.000000E+000;8.141453E+007;0.000000E+000
33502;1.874976E+001;1.777600E+004;8.026368E+007;4.000000E+000
33529;1.897336E+001;1.790000E+004;8.136040E+007;0.000000E+000
33557;1.861344E+001;0.000000E+000;8.047884E+007;0.000000E+000
33584;1.872584E+001;3.597200E+004;8.087405E+007;1.600000E+001
33611;1.901019E+001;3.603200E+004;8.114406E+007;4.000000E+000
33638;1.864053E+001;3.556000E+004;7.712352E+007;1.600000E+001
33665;1.855172E+001;3.604000E+004;8.118010E+007;1.600000E+001
33693;1.876390E+001;3.586400E+004;8.038915E+007;1.600000E+001
33719;1.881129E+001;1.804600E+004;8.053267E+007;4.000000E+000
33746;1.856983E+001;3.576800E+004;7.926341E+007;1.600000E+001
33773;1.883307E+001;2.260750E+005;8.177585E+007;5.290000E+002
33800;1.927285E+001;9.005000E+004;8.145062E+007;6.400000E+001
33827;1.913448E+001;3.578800E+004;8.042502E+007;1.600000E+001
33855;1.879393E+001;1.813600E+004;8.175776E+007;4.000000E+000
33882;1.910946E+001;1.791600E+004;8.024576E+007;4.000000E+000
33909;1.890635E+001;3.597600E+004;8.028160E+007;1.600000E+001
33936;1.864716E+001;1.802800E+004;8.257357E+007;4.000000E+000
33964;1.872520E+001;0.000000E+000;8.125219E+007;0.000000E+000
33990;1.867426E+001;0.000000E+000;8.074819E+007;0.000000E+000
34018;1.846848E+001;1.806000E+004;8.109002E+007;0.000000E+000
34046;1.891624E+001;1.791600E+004;8.024576E+007;4.000000E+000
34073;1.859267E+001;1.801800E+004;8.037122E+007;4.000000E+000
34100;1.875857E+001;1.072560E+005;8.073022E+007;1.960000E+002
34127;1.876073E+001;7.183200E+004;8.062244E+007;1.000000E+002
34154;1.886822E+001;2.601880E+005;8.211984E+007;8.410000E+002
34182;1.899846E+001;4.695600E+005;8.154090E+007;2.704000E+003
34209;1.958492E+001;4.294080E+005;7.904988E+007;2.704000E+003
34236;1.995450E+001;4.276800E+005;7.938810E+007;2.116000E+003
34264;2.007865E+001;4.269600E+005;7.912102E+007;2.304000E+003
34292;1.984104E+001;4.440500E+005;7.742240E+007;3.600000E+003
34319;2.003919E+001;7.139230E+005;8.183011E+007;5.929000E+003
34347;2.026513E+001;6.466340E+005;7.896099E+007;5.929000E+003
34375;2.044878E+001;8.986000E+005;8.346650E+007;9.604000E+003
34403;2.042168E+001;8.286440E+005;8.015621E+007;7.225000E+003
34431;2.071708E+001;1.145649E+006;7.887216E+007;1.664100E+004
34459;2.073383E+001;1.012367E+006;8.026368E+007;1.276900E+004
34486;2.114222E+001;9.736200E+005;7.999514E+007;1.322500E+004
34514;2.084490E+001;9.428640E+005;8.219235E+007;9.216000E+003
34541;2.138435E+001;1.059786E+006;8.204736E+007;1.368900E+004
34568;2.152794E+001;1.061480E+006;7.956640E+007;1.368900E+004
34595;2.078686E+001;7.581150E+005;7.903210E+007;7.921000E+003
34623;2.099675E+001;1.039025E+006;8.163122E+007;1.322500E+004
34650;2.112242E+001;1.087669E+006;8.080212E+007;1.464100E+004
34678;2.066079E+001;7.934350E+005;8.091002E+007;9.216000E+003
34705;2.106478E+001;7.803000E+005;8.281000E+007;6.561000E+003
34732;2.119607E+001;1.080639E+006;8.246456E+007;1.322500E+004
34760;2.069918E+001;1.284480E+006;7.956640E+007;1.960000E+004
34787;2.113121E+001;1.153160E+006;8.244640E+007;1.768900E+004
34815;2.123539E+001;1.016096E+006;8.085606E+007;1.464100E+004
34843;2.175775E+001;9.283040E+005;7.967347E+007;1.081600E+004
34869;2.116734E+001;1.363950E+006;8.150478E+007;2.190400E+004
34896;2.183383E+001;1.136904E+006;8.013830E+007;1.562500E+004
34923;2.183506E+001;1.038609E+006;7.880113E+007;1.368900E+004
34951;2.108710E+001;1.048554E+006;8.125219E+007;1.464100E+004
34977;2.198067E+001;8.549300E+005;8.271902E+007;7.225000E+003
35004;2.085092E+001;1.166424E+006;7.953072E+007;1.768900E+004
35031;2.086057E+001;1.037990E+006;8.146867E+007;1.322500E+004
35059;2.125858E+001;1.019599E+006;8.141453E+007;1.368900E+004
35086;2.096907E+001;9.898900E+005;8.098200E+007;1.210000E+004
35114;2.130008E+001;1.321488E+006;8.421733E+007;1.904400E+004
35141;2.148573E+001;1.393704E+006;8.017411E+007;2.371600E+004
35169;2.159436E+001;1.241034E+006;8.199302E+007;1.849600E+004
35196;2.133700E+001;1.400880E+006;8.064040E+007;2.310400E+004
35223;2.133700E+001;1.233248E+006;8.222862E+007;2.016400E+004
35250;2.153373E+001;1.038680E+006;8.157702E+007;1.416100E+004
35278;2.192752E+001;1.037415E+006;8.137844E+007;1.322500E+004
35306;2.116138E+001;1.281692E+006;8.146867E+007;1.904400E+004
35333;2.187716E+001;1.273172E+006;8.172160E+007;1.716100E+004
35360;2.193472E+001;1.287088E+006;8.179394E+007;1.849600E+004
35387;2.211857E+001;1.206592E+006;7.871238E+007;1.849600E+004
35415;2.147138E+001;7.426010E+005;8.004881E+007;6.889000E+003
35442;2.117217E+001;3.939230E+005;8.201114E+007;9.610000E+002
35469;2.050913E+001;0.000000E+000;8.130629E+007;0.000000E+000
35496;1.890011E+001;0.000000E+000;8.092802E+007;0.000000E+000
35524;1.904119E+001;-2.713800E+004;8.183011E+007;9.000000E+000
35552;1.901128E+001;0.000000E+000;8.146867E+007;0.000000E+000
35580;1.871500E+001;0.000000E+000;8.146867E+007;0.000000E+000
35607;1.855930E+001;0.000000E+000;8.092802E+007;0.000000E+000
35634;1.887380E+001;0.000000E+000;8.040709E+007;0.000000E+000
35662;1.894928E+001;7.195200E+004;8.089203E+007;6.400000E+001
35689;1.913187E+001;3.621200E+004;8.173968E+007;4.000000E+000
35717;1.882099E+001;2.058270E+005;8.020994E+007;6.250000E+002
35744;1.934440E+001;7.352140E+005;7.846416E+007;7.225000E+003
35770;2.007519E+001;1.327264E+006;8.042502E+007;2.190400E+004
35797;2.153732E+001;1.940631E+006;7.873013E+007;4.536900E+004
35825;2.267623E+001;2.006980E+006;7.972704E+007;5.198400E+004
35851;2.346742E+001;2.093364E+006;7.731685E+007;5.290000E+004
35877;2.356082E+001;1.754984E+006;8.017411E+007;3.763600E+004
35905;2.372026E+001;2.252765E+006;7.226700E+007;7.617600E+004
35932;2.294852E+001;3.430108E+006;6.733843E+007;1.747240E+005
35959;2.372217E+001;3.314484E+006;6.398400E+007;1.624090E+005
35987;2.375213E+001;2.903274E+006;7.005690E+007;1.232010E+005
36014;2.371382E+001;2.572647E+006;7.305121E+007;8.294400E+004
36040;2.341665E+001;2.637315E+006;7.313670E+007;9.796900E+004
36068;2.361292E+001;2.267849E+006;7.569000E+007;7.398400E+004
36095;2.324113E+001;2.416458E+006;7.143630E+007;8.179600E+004
36123;2.316770E+001;3.887880E+006;5.214284E+007;3.091360E+005
36150;2.360490E+001;4.280991E+006;4.169285E+007;4.816360E+005
36177;2.359181E+001;3.799400E+006;4.951937E+007;3.352410E+005
36205;2.323821E+001;4.182498E+006;4.352041E+007;3.624040E+005
36231;2.347901E+001;4.362600E+006;4.260173E+007;4.678560E+005
36258;2.316719E+001;4.101893E+006;5.053788E+007;3.457440E+005
36286;2.368958E+001;4.547955E+006;4.161540E+007;5.610010E+005
36314;2.356057E+001;4.373487E+006;1.419029E+007;1.461681E+006
36342;1.879793E+001;4.947712E+006;1.612826E+007;1.406596E+006
36368;1.841454E+001;5.033917E+006;2.684276E+007;9.216000E+005
36395;2.250890E+001;3.804515E+006;5.909761E+006;2.383936E+006
36422;1.496902E+001;2.857580E+006;2.808976E+006;2.815684E+006
36450;1.335157E+001;3.224000E+006;4.326400E+006;2.553604E+006
36478;1.134541E+001;1.577940E+006;1.075369E+006;3.207681E+006
36505;1.121763E+001;1.025616E+006;3.047040E+005;3.444736E+006
36532;9.396507E+000;5.656040E+005;1.115560E+005;3.802500E+006
36559;8.042040E+000;5.395960E+005;5.929000E+003;3.908529E+006
36587;7.461508E+000;5.169120E+005;6.969600E+004;3.833764E+006
36614;6.954163E+000;7.100280E+005;1.317690E+005;3.940225E+006
36642;7.151206E+000;1.689040E+005;7.396000E+003;3.818116E+006
36670;6.952253E+000;5.120500E+005;8.410000E+004;3.892729E+006
36697;7.125569E+000;5.364920E+005;6.916900E+004;3.900625E+006
36724;7.136514E+000;7.357430E+005;1.466890E+005;3.794704E+006
36751;7.004120E+000;5.031000E+005;6.708100E+004;3.786916E+006
36778;7.111131E+000;5.020950E+005;6.502500E+004;3.728761E+006
36806;7.045116E+000;3.038000E+005;2.402500E+004;3.713329E+006
36832;7.240078E+000;7.188240E+005;3.600000E+003;3.794704E+006
36860;7.104315E+000;-1.251840E+005;7.290000E+004;3.713329E+006
36887;7.038236E+000;5.418120E+005;7.672900E+004;3.884841E+006
36915;7.257102E+000;4.043520E+005;4.326400E+004;3.744225E+006
36943;7.201527E+000;3.986100E+005;6.708100E+004;3.976036E+006
36970;7.201527E+000;8.622630E+005;1.998090E+005;3.751969E+006
36997;7.299792E+000;2.190720E+005;6.708100E+004;3.841600E+006
37024;7.290689E+000;6.204830E+005;1.043290E+005;3.736489E+006
37051;7.252315E+000;4.994600E+005;6.451600E+004;3.825936E+006
37077;7.270166E+000;5.978190E+005;4.368100E+004;3.802500E+006
37103;7.297150E+000;6.934880E+005;1.640250E+005;3.671056E+006
37130;7.269042E+000;3.302260E+005;1.030410E+005;3.908529E+006
37156;7.127189E+000;1.195116E+006;3.733210E+005;3.825936E+006
37183;7.218327E+000;7.765320E+005;6.656400E+004;3.810304E+006
37210;7.307181E+000;5.199300E+005;7.022500E+004;3.849444E+006
37237;7.213604E+000;6.883450E+005;1.260250E+005;3.857296E+006
37264;7.396502E+000;-1.773900E+004;8.100000E+001;3.736489E+006
37291;7.078161E+000;1.896300E+005;7.784100E+004;3.825936E+006
37318;7.078161E+000;3.833760E+005;3.841600E+004;3.767481E+006
37345;7.117021E+000;1.607710E+005;1.690000E+002;3.794704E+006
37372;7.262587E+000;5.674500E+005;1.383840E+005;3.908529E+006
37400;7.186813E+000;5.197640E+005;3.841600E+004;3.744225E+006
37426;7.210059E+000;6.915400E+005;1.260250E+005;3.849444E+006
37452;7.115607E+000;4.996180E+005;6.451600E+004;3.818116E+006
37480;7.096014E+000;3.451420E+005;3.168400E+004;3.779136E+006
37507;7.115501E+000;4.909560E+005;9.796900E+004;3.900625E+006
37534;6.990952E+000;6.412420E+005;1.062760E+005;3.786916E+006
37562;7.048846E+000;2.398500E+005;1.512900E+004;3.857296E+006
37590;7.090284E+000;5.197640E+005;7.075600E+004;3.857296E+006
37618;7.085774E+000;6.900810E+005;1.274490E+005;3.900625E+006
37644;7.163215E+000;5.958460E+005;9.120400E+004;3.833764E+006
37670;7.221362E+000;4.207630E+005;8.122500E+004;3.728761E+006
37696;7.222662E+000;5.316300E+004;7.290000E+002;3.900625E+006
37722;7.138024E+000;4.801920E+005;3.844000E+003;3.697929E+006
37750;7.213980E+000;3.649080E+005;1.176490E+005;3.833764E+006
37777;7.242691E+000;5.950770E+005;9.060100E+004;3.810304E+006
37805;7.183394E+000;5.933340E+005;9.363600E+004;3.818116E+006
37833;7.314440E+000;6.285180E+005;6.350400E+004;3.802500E+006
37860;7.351167E+000;7.644000E+005;1.521000E+005;3.728761E+006
37887;7.128058E+000;6.623200E+005;1.742400E+004;3.841600E+006
37914;7.311423E+000;9.297750E+005;2.332890E+005;3.892729E+006
37941;7.300303E+000;3.364300E+005;1.361610E+005;3.818116E+006
37969;7.184505E+000;5.741010E+005;1.056250E+005;3.713329E+006
37997;7.184505E+000;3.481680E+005;3.572100E+004;3.908529E+006
38025;7.202583E+000;5.293680E+005;7.617600E+004;3.678724E+006
38052;7.282976E+000;4.279260E+005;4.796100E+004;3.884841E+006
38080;7.302344E+000;3.615840E+005;3.459600E+004;3.794704E+006
38107;7.047359E+000;6.540120E+005;1.108890E+005;3.810304E+006
38134;7.252229E+000;2.146210E+005;1.822500E+004;3.841600E+006
38161;7.038466E+000;3.538080E+005;2.079360E+005;3.744225E+006
38189;7.121700E+000;5.637360E+005;4.796100E+004;3.833764E+006
38217;7.262133E+000;4.402480E+005;5.107600E+004;3.751969E+006
38243;7.150802E+000;6.186600E+005;1.428840E+005;3.825936E+006
38270;7.270680E+000;5.050350E+005;6.812100E+004;3.751969E+006
38298;7.228322E+000;6.256250E+005;7.075600E+004;3.818116E+006
38326;7.072213E+000;2.196500E+005;1.310440E+005;3.759721E+006
38353;7.243855E+000;2.533120E+005;1.135690E+005;3.841600E+006
38380;7.331452E+000;5.391840E+005;7.952400E+004;3.744225E+006
38408;7.257143E+000;5.965800E+005;9.302500E+004;3.779136E+006
38434;7.366982E+000;6.333990E+005;1.296000E+005;3.728761E+006
38461;7.304692E+000;2.675820E+005;8.046090E+005;3.960100E+006
38488;7.365939E+000;1.682160E+005;7.396000E+003;3.713329E+006
38515;7.148380E+000;8.260020E+005;1.772410E+005;3.876961E+006
38542;7.183949E+000;3.780840E+005;9.610000E+004;3.759721E+006
38569;7.289457E+000;1.503060E+005;6.084000E+003;3.849444E+006
38596;7.236090E+000;3.748700E+005;3.610000E+004;3.810304E+006
38624;7.153218E+000;6.317880E+005;1.169640E+005;3.713329E+006
38650;7.168646E+000;6.278400E+005;1.024000E+005;3.940225E+006
38678;7.165781E+000;7.037280E+005;1.612900E+004;3.744225E+006
38704;7.130508E+000;6.188280E+005;1.011240E+005;3.992004E+006
38730;7.219012E+000;7.075600E+005;7.290000E+004;3.892729E+006
38758;7.147975E+000;8.339850E+005;1.857610E+005;3.786916E+006
38785;7.136384E+000;3.471000E+005;3.969000E+003;3.924361E+006
38813;7.015135E+000;1.332390E+005;1.616040E+005;3.802500E+006
38841;7.062865E+000;1.020118E+006;1.239040E+005;3.960100E+006
38868;7.104223E+000;6.009960E+005;9.859600E+004;3.779136E+006
38894;7.216259E+000;2.490990E+005;7.344100E+004;3.876961E+006
38922;7.247430E+000;7.320000E+005;1.406250E+005;3.810304E+006
38950;7.193971E+000;1.683450E+005;7.569000E+003;3.857296E+006
38977;7.245610E+000;-3.934000E+003;1.369000E+005;3.744225E+006
39003;7.184450E+000;4.350500E+005;5.107600E+004;3.818116E+006
39031;7.245840E+000;-3.148908E+006;2.547216E+006;3.841600E+006
39058;7.218549E+000;-1.553695E+006;8.497225E+006;2.840890E+005
39085;2.560941E+000;-7.330400E+004;2.905210E+005;1.612900E+004
39113;4.612961E+000;2.415000E+003;1.322500E+004;6.760000E+002
39140;4.910139E+000;5.200000E+001;2.025000E+003;4.000000E+000
39167;4.925177E+000;6.000000E+000;4.489000E+003;3.600000E+001
39195;4.897382E+000;0.000000E+000;1.024000E+003;0.000000E+000
39222;4.920432E+000;0.000000E+000;1.156000E+003;0.000000E+000
39250;4.940688E+000;0.000000E+000;1.600000E+003;0.000000E+000
39277;4.974777E+000;0.000000E+000;1.000000E+000;0.000000E+000
39304;4.986857E+000;0.000000E+000;1.000000E+000;0.000000E+000
39332;4.884210E+000;0.000000E+000;1.024000E+003;0.000000E+000
39359;4.931777E+000;0.000000E+000;1.681000E+003;0.000000E+000
39387;4.912485E+000;0.000000E+000;5.476000E+003;0.000000E+000
39414;4.903255E+000;0.000000E+000;1.000000E+000;0.000000E+000
39442;4.934328E+000;0.000000E+000;1.000000E+000;0.000000E+000
39470;4.934702E+000;0.000000E+000;1.000000E+000;0.000000E+000
39498;4.994101E+000;0.000000E+000;1.024000E+003;0.000000E+000
39525;4.957372E+000;0.000000E+000;4.900000E+001;0.000000E+000
39553;4.950459E+000;0.000000E+000;1.681000E+003;0.000000E+000
39581;4.918953E+000;0.000000E+000;6.400000E+001;0.000000E+000
39607;4.917598E+000;0.000000E+000;1.000000E+000;0.000000E+000
39634;5.005562E+000;0.000000E+000;1.000000E+000;0.000000E+000
39662;4.887592E+000;0.000000E+000;1.000000E+000;0.000000E+000
39689;4.942348E+000;0.000000E+000;1.600000E+003;0.000000E+000
39716;4.900966E+000;0.000000E+000;5.476000E+003;0.000000E+000
39743;4.899781E+000;0.000000E+000;1.156000E+003;0.000000E+000
39771;4.891129E+000;0.000000E+000;6.400000E+001;0.000000E+000
39798;4.854416E+000;0.000000E+000;6.400000E+001;0.000000E+000
39825;4.953104E+000;0.000000E+000;5.329000E+003;0.000000E+000
39851;4.934460E+000;0.000000E+000;1.681000E+003;0.000000E+000
39877;4.892320E+000;0.000000E+000;5.476000E+003;0.000000E+000
39904;4.869725E+000;0.000000E+000;1.000000E+000;0.000000E+000
39932;4.960284E+000;0.000000E+000;1.000000E+000;0.000000E+000
39960;4.888198E+000;0.000000E+000;1.156000E+003;0.000000E+000
39987;4.946929E+000;-1.326000E+004;4.161600E+004;4.225000E+003
40014;4.794874E+000;-6.500000E+001;2.560000E+002;0.000000E+000
40042;4.877400E+000;2.670000E+002;7.921000E+003;9.000000E+000
40069;4.902817E+000;0.000000E+000;1.690000E+002;0.000000E+000
40096;4.910372E+000;0.000000E+000;1.690000E+002;0.000000E+000
40123;4.876769E+000;-2.940000E+002;1.960000E+002;4.410000E+002
40151;4.940317E+000;-9.120000E+003;2.560000E+004;3.481000E+003
40178;4.905342E+000;-2.236100E+004;1.436410E+005;3.481000E+003
40205;4.828753E+000;-1.494600E+004;5.808100E+004;2.601000E+003
40233;4.873353E+000;-1.166000E+004;3.312400E+004;1.444000E+003
40261;4.907072E+000;1.240000E+002;3.136000E+003;1.600000E+001
40288;4.823563E+000;-1.650000E+002;2.250000E+002;1.210000E+002
40316;4.917377E+000;-5.328000E+003;4.000000E+004;1.764000E+003
40344;4.886284E+000;-1.214400E+004;9.548100E+004;1.764000E+003
40371;4.917527E+000;-1.562400E+004;4.120900E+004;3.249000E+003
40397;4.859830E+000;-1.270500E+004;5.336100E+004;3.025000E+003
40425;4.845633E+000;-9.424000E+003;6.150400E+004;1.444000E+003
40452;4.854976E+000;-8.366000E+003;3.132900E+004;2.209000E+003
40480;4.805269E+000;-1.375000E+004;6.100900E+004;2.809000E+003
40507;4.848747E+000;-4.768000E+003;2.220100E+004;9.000000E+002
40534;4.903529E+000;-5.808000E+003;1.876900E+004;7.840000E+002
40561;4.905921E+000;-2.610000E+003;7.569000E+003;7.840000E+002
40589;4.842977E+000;6.490000E+002;3.481000E+003;8.100000E+001
40617;4.902064E+000;-1.785000E+003;5.329000E+003;4.410000E+002
40645;4.912219E+000;-2.431000E+003;5.776000E+003;3.610000E+002
40673;4.922132E+000;-1.612000E+003;7.225000E+003;1.690000E+002
40700;4.914553E+000;-5.970000E+003;3.960100E+004;6.760000E+002
40727;4.870656E+000;-6.804000E+003;3.572100E+004;1.156000E+003
40754;4.869771E+000;-2.176000E+003;1.299600E+004;4.410000E+002
40781;4.850895E+000;3.900000E+001;1.690000E+002;2.500000E+001
40808;4.914599E+000;0.000000E+000;1.690000E+002;4.000000E+000
40835;4.918532E+000;6.500000E+001;1.690000E+002;2.500000E+001
40862;4.896040E+000;0.000000E+000;3.600000E+003;0.000000E+000
40888;4.944643E+000;0.000000E+000;1.690000E+002;0.000000E+000
40916;4.857139E+000;0.000000E+000;1.690000E+002;0.000000E+000
40944;4.972134E+000;0.000000E+000;1.690000E+002;0.000000E+000
40971;4.973042E+000;0.000000E+000;3.481000E+003;0.000000E+000
40997;4.963169E+000;-1.817000E+003;6.084000E+003;5.290000E+002
41024;4.893755E+000;-5.600000E+002;4.900000E+003;1.000000E+002
41050;4.887391E+000;-6.080000E+002;4.900000E+001;1.000000E+002
41078;4.807163E+000;-1.328100E+004;5.428900E+004;3.025000E+003
41105;4.825004E+000;-1.675000E+003;2.250000E+002;5.290000E+002
41133;4.813193E+000;-7.800000E+002;6.400000E+003;1.440000E+002
41160;4.927003E+000;0.000000E+000;3.136000E+003;2.500000E+001
41188;4.898324E+000;0.000000E+000;1.156000E+003;0.000000E+000
41215;4.946389E+000;0.000000E+000;1.444000E+003;0.000000E+000
41243;4.896980E+000;0.000000E+000;1.024000E+003;0.000000E+000
41270;4.954443E+000;0.000000E+000;4.624000E+003;0.000000E+000
41298;4.907740E+000;0.000000E+000;2.250000E+002;0.000000E+000
41325;4.894088E+000;0.000000E+000;1.521000E+003;0.000000E+000
41351;4.874072E+000;0.000000E+000;1.932100E+004;0.000000E+000
41378;4.910225E+000;0.000000E+000;2.250000E+002;0.000000E+000
41405;4.936355E+000;0.000000E+000;2.250000E+002;0.000000E+000
41433;4.884830E+000;0.000000E+000;2.250000E+002;0.000000E+000
41460;4.957273E+000;0.000000E+000;2.250000E+002;0.000000E+000
41486;4.926408E+000;0.000000E+000;2.250000E+002;0.000000E+000
41514;4.984249E+000;0.000000E+000;7.396000E+003;0.000000E+000
41542;4.923112E+000;0.000000E+000;2.250000E+002;0.000000E+000
41570;4.962256E+000;0.000000E+000;2.250000E+002;0.000000E+000
41597;4.922132E+000;0.000000E+000;2.250000E+002;0.000000E+000
41624;4.832833E+000;0.000000E+000;3.136000E+003;0.000000E+000
41652;4.867979E+000;0.000000E+000;9.000000E+000;0.000000E+000
41680;4.901289E+000;0.000000E+000;2.250000E+002;0.000000E+000
41707;4.904006E+000;0.000000E+000;1.024000E+003;0.000000E+000
41734;4.901281E+000;0.000000E+000;1.521000E+003;0.000000E+000
41761;4.928176E+000;0.000000E+000;1.521000E+003;0.000000E+000
41789;4.975483E+000;0.000000E+000;1.521000E+003;0.000000E+000
41816;4.964428E+000;-3.270000E+002;2.250000E+002;0.000000E+000
41844;4.919130E+000;0.000000E+000;2.250000E+002;0.000000E+000
41872;4.952045E+000;0.000000E+000;3.136000E+003;0.000000E+000
41898;4.865511E+000;0.000000E+000;1.521000E+003;0.000000E+000
41926;4.927816E+000;0.000000E+000;1.521000E+003;0.000000E+000
41954;4.830015E+000;0.000000E+000;4.624000E+003;0.000000E+000
41981;4.916844E+000;0.000000E+000;2.250000E+002;0.000000E+000
42007;4.952632E+000;0.000000E+000;3.136000E+003;0.000000E+000
42035;4.873991E+000;0.000000E+000;1.521000E+003;0.000000E+000
42062;4.944679E+000;0.000000E+000;1.521000E+003;0.000000E+000
42090;4.906976E+000;0.000000E+000;3.136000E+003;0.000000E+000
42117;4.884437E+000;0.000000E+000;7.396000E+003;0.000000E+000
42145;4.912750E+000;0.000000E+000;9.000000E+000;0.000000E+000
42172;4.941130E+000;0.000000E+000;4.624000E+003;0.000000E+000
42199;4.922431E+000;0.000000E+000;2.250000E+002;0.000000E+000
42227;4.891487E+000;0.000000E+000;1.521000E+003;0.000000E+000
42255;4.878891E+000;0.000000E+000;1.932100E+004;0.000000E+000
42284;4.923735E+000;0.000000E+000;2.250000E+002;0.000000E+000
42311;4.974107E+000;0.000000E+000;7.396000E+003;0.000000E+000
42338;4.918556E+000;0.000000E+000;2.250000E+002;0.000000E+000
42365;4.940649E+000;0.000000E+000;1.521000E+003;0.000000E+000
42393;4.886264E+000;0.000000E+000;1.932100E+004;0.000000E+000
42420;4.921353E+000;0.000000E+000;3.136000E+003;0.000000E+000
42447;4.919379E+000;0.000000E+000;1.932100E+004;0.000000E+000
42474;4.878300E+000;0.000000E+000;9.000000E+000;0.000000E+000
42502;4.942413E+000;0.000000E+000;3.136000E+003;0.000000E+000
42530;4.954756E+000;0.000000E+000;3.136000E+003;0.000000E+000
42557;4.915107E+000;0.000000E+000;4.624000E+003;0.000000E+000
42584;4.983982E+000;0.000000E+000;4.624000E+003;0.000000E+000
42611;4.905278E+000;0.000000E+000;3.136000E+003;0.000000E+000
42638;4.985385E+000;0.000000E+000;1.521000E+003;0.000000E+000
42665;4.880267E+000;0.000000E+000;3.136000E+003;0.000000E+000
42692;4.921866E+000;0.000000E+000;1.188100E+004;0.000000E+000
42719;4.959896E+000;0.000000E+000;2.250000E+002;0.000000E+000
42747;4.918135E+000;0.000000E+000;1.024000E+003;0.000000E+000
42775;4.884079E+000;0.000000E+000;4.624000E+003;0.000000E+000
42802;4.946745E+000;0.000000E+000;2.250000E+002;0.000000E+000
42829;4.913530E+000;0.000000E+000;1.521000E+003;0.000000E+000
42857;4.937818E+000;0.000000E+000;1.521000E+003;0.000000E+000
42885;4.945107E+000;0.000000E+000;1.521000E+003;0.000000E+000
42912;4.899282E+000;0.000000E+000;2.464900E+004;0.000000E+000
42940;4.855305E+000;0.000000E+000;1.024000E+003;0.000000E+000
42968;4.924709E+000;0.000000E+000;2.250000E+002;0.000000E+000
42995;4.932854E+000;0.000000E+000;7.396000E+003;0.000000E+000
43021;4.917169E+000;0.000000E+000;1.521000E+003;0.000000E+000
43049;4.937086E+000;0.000000E+000;3.136000E+003;0.000000E+000
43076;4.883581E+000;0.000000E+000;1.521000E+003;0.000000E+000
43103;4.985893E+000;0.000000E+000;2.250000E+002;0.000000E+000
43131;4.895137E+000;0.000000E+000;4.624000E+003;0.000000E+000
43158;4.920973E+000;0.000000E+000;2.250000E+002;0.000000E+000
43186;4.889585E+000;0.000000E+000;4.624000E+003;0.000000E+000
43213;4.934314E+000;0.000000E+000;3.136000E+003;0.000000E+000
43241;4.902815E+000;0.000000E+000;1.521000E+003;0.000000E+000
43268;4.926657E+000;0.000000E+000;2.250000E+002;0.000000E+000
43295;4.955100E+000;0.000000E+000;3.136000E+003;0.000000E+000
43322;4.950798E+000;0.000000E+000;2.250000E+002;0.000000E+000
43349;4.935349E+000;0.000000E+000;1.188100E+004;0.000000E+000
43376;4.974005E+000;0.000000E+000;2.250000E+002;0.000000E+000
43404;4.949721E+000;0.000000E+000;7.396000E+003;0.000000E+000
43431;4.867326E+000;0.000000E+000;2.250000E+002;0.000000E+000
43459;4.949004E+000;0.000000E+000;2.250000E+002;0.000000E+000
43485;4.920291E+000;0.000000E+000;2.250000E+002;0.000000E+000
43511;4.970444E+000;0.000000E+000;1.188100E+004;0.000000E+000
43539;4.935491E+000;0.000000E+000;3.136000E+003;0.000000E+000
43566;4.893691E+000;0.000000E+000;2.250000E+002;0.000000E+000
43593;4.931317E+000;0.000000E+000;2.250000E+002;0.000000E+000
43620;4.908086E+000;0.000000E+000;4.410000E+004;0.000000E+000
43646;4.939959E+000;0.000000E+000;4.624000E+003;0.000000E+000
43673;4.947176E+000;0.000000E+000;1.521000E+003;0.000000E+000
43701;5.007250E+000;0.000000E+000;2.250000E+002;0.000000E+000
43729;4.966344E+000;0.000000E+000;1.521000E+003;0.000000E+000
43756;4.955317E+000;0.000000E+000;2.250000E+002;0.000000E+000
43784;4.986344E+000;0.000000E+000;1.024000E+003;0.000000E+000
43810;4.971362E+000;0.000000E+000;3.136000E+003;0.000000E+000
43837;4.946969E+000;0.000000E+000;2.250000E+002;0.000000E+000
43865;4.923342E+000;0.000000E+000;9.000000E+000;0.000000E+000
43892;4.882057E+000;0.000000E+000;3.136000E+003;0.000000E+000
43920;4.887746E+000;0.000000E+000;3.136000E+003;0.000000E+000
43947;4.900284E+000;0.000000E+000;4.624000E+003;0.000000E+000
43974;4.908454E+000;0.000000E+000;1.024000E+003;0.000000E+000
44000;4.941649E+000;0.000000E+000;4.624000E+003;0.000000E+000
44028;4.998583E+000;0.000000E+000;3.136000E+003;0.000000E+000
44055;4.917556E+000;0.000000E+000;4.624000E+003;0.000000E+000
44082;4.974219E+000;0.000000E+000;4.624000E+003;0.000000E+000
44111;4.940510E+000;0.000000E+000;2.250000E+002;0.000000E+000
44137;4.908923E+000;0.000000E+000;2.250000E+002;0.000000E+000
44163;4.971874E+000;0.000000E+000;2.656900E+004;0.000000E+000
44190;5.005443E+000;0.000000E+000;3.136000E+003;0.000000E+000
44217;4.970162E+000;0.000000E+000;1.024000E+003;0.000000E+000
44245;4.945208E+000;0.000000E+000;3.136000E+003;0.000000E+000
44273;4.960319E+000;0.000000E+000;9.000000E+000;0.000000E+000
44300;4.918083E+000;0.000000E+000;1.521000E+003;0.000000E+000
44327;4.845034E+000;0.000000E+000;1.521000E+003;0.000000E+000
44354;4.907125E+000;0.000000E+000;3.136000E+003;0.000000E+000
44381;4.876266E+000;0.000000E+000;9.000000E+000;0.000000E+000
44409;4.987595E+000;0.000000E+000;3.136000E+003;0.000000E+000
44437;4.953375E+000;0.000000E+000;3.136000E+003;0.000000E+000
44465;4.970672E+000;0.000000E+000;7.396000E+003;0.000000E+000
44492;4.930415E+000;0.000000E+000;4.624000E+003;0.000000E+000
44520;4.940064E+000;0.000000E+000;4.624000E+003;0.000000E+000
44548;4.928054E+000;0.000000E+000;2.250000E+002;0.000000E+000
44575;4.919591E+000;0.000000E+000;7.396000E+003;0.000000E+000
44602;4.995961E+000;0.000000E+000;1.681000E+005;0.000000E+000
44628;4.935228E+000;0.000000E+000;1.024000E+003;0.000000E+000
44655;5.015820E+000;0.000000E+000;7.396000E+003;0.000000E+000
44683;4.930970E+000;0.000000E+000;7.396000E+003;0.000000E+000
44710;4.910099E+000;0.000000E+000;4.624000E+003;0.000000E+000
44738;5.034386E+000;0.000000E+000;2.250000E+002;0.000000E+000
44764;4.899631E+000;0.000000E+000;7.396000E+003;0.000000E+000
44791;4.916064E+000;0.000000E+000;1.521000E+003;0.000000E+000
44818;4.880760E+000;0.000000E+000;2.250000E+002;0.000000E+000
44844;4.899311E+000;0.000000E+000;1.612900E+004;0.000000E+000
44871;4.815015E+000;0.000000E+000;9.000000E+000;0.000000E+000
44899;4.951494E+000;0.000000E+000;7.396000E+003;0.000000E+000
44926;4.917271E+000;0.000000E+000;7.396000E+003;0.000000E+000
44953;4.911231E+000;0.000000E+000;1.521000E+003;0.000000E+000
44980;4.919937E+000;0.000000E+000;3.136000E+003;0.000000E+000
45007;4.931164E+000;0.000000E+000;2.250000E+002;0.000000E+000
45034;4.899470E+000;0.000000E+000;3.136000E+003;0.000000E+000
45061;4.914508E+000;0.000000E+000;3.136000E+003;0.000000E+000
45089;4.964547E+000;0.000000E+000;1.521000E+003;0.000000E+000
45116;4.967206E+000;0.000000E+000;3.136000E+003;0.000000E+000
45144;4.941206E+000;0.000000E+000;2.250000E+002;0.000000E+000
45171;4.928688E+000;0.000000E+000;2.250000E+002;0.000000E+000
45198;4.943748E+000;0.000000E+000;4.624000E+003;0.000000E+000
45226;4.926046E+000;0.000000E+000;3.136000E+003;0.000000E+000
45253;4.874382E+000;0.000000E+000;3.136000E+003;0.000000E+000
45280;4.939743E+000;0.000000E+000;4.624000E+003;0.000000E+000
45308;4.920910E+000;0.000000E+000;3.136000E+003;0.000000E+000
